timestamp,turbine_id,wind_speed,wind_direction,power_output
01/03/2022 00:00,1,11.8,169,2.7
01/03/2022 00:00,2,11.6,24,2.2
01/03/2022 00:00,3,13.8,335,2.3
01/03/2022 00:00,4,12.8,238,1.9
01/03/2022 00:00,5,11.4,103,3.5
01/03/2022 01:00,1,11.6,152,4.4
01/03/2022 01:00,2,12.8,35,4.2
01/03/2022 01:00,3,10.4,169,1.9
01/03/2022 01:00,4,13.9,170,2.4
01/03/2022 01:00,5,12.1,165,4
01/03/2022 02:00,1,13.8,73,2.9
01/03/2022 02:00,2,9.9,103,3.8
01/03/2022 02:00,3,12.2,188,4
01/03/2022 02:00,4,13.2,21,4.1
01/03/2022 02:00,5,9.4,10,2.7
01/03/2022 03:00,1,10.5,61,1.8
01/03/2022 03:00,2,12.4,274,3.4
01/03/2022 03:00,3,14.3,232,2.2
01/03/2022 03:00,4,11.5,32,3.3
01/03/2022 03:00,5,11.7,305,2.2
01/03/2022 04:00,1,9.1,209,2.3
01/03/2022 04:00,2,14.9,335,2
01/03/2022 04:00,3,11.4,187,2.6
01/03/2022 04:00,4,14.2,277,3
01/03/2022 04:00,5,9.5,101,2.2
01/03/2022 05:00,1,12.4,116,2.2
01/03/2022 05:00,2,11.3,76,1.8
01/03/2022 05:00,3,10.8,160,3.3
01/03/2022 05:00,4,10,43,2.2
01/03/2022 05:00,5,10.5,196,3.5
01/03/2022 06:00,1,9.2,97,4.2
01/03/2022 06:00,2,14,187,2.1
01/03/2022 06:00,3,11.8,249,2.3
01/03/2022 06:00,4,10,244,3.8
01/03/2022 06:00,5,10.5,287,3.2
01/03/2022 07:00,1,10.1,87,4
01/03/2022 07:00,2,13.5,296,4.1
01/03/2022 07:00,3,12.5,171,3.8
01/03/2022 07:00,4,13.4,242,3.2
01/03/2022 07:00,5,9.5,265,1.7
01/03/2022 08:00,1,12.6,150,1.6
01/03/2022 08:00,2,10.1,224,4.4
01/03/2022 08:00,3,14.4,132,1.6
01/03/2022 08:00,4,14.1,15,2.3
01/03/2022 08:00,5,13.8,163,2.7
01/03/2022 09:00,1,9.1,31,2.7
01/03/2022 09:00,2,10.5,2,2.9
01/03/2022 09:00,3,14.7,81,3.7
01/03/2022 09:00,4,12.3,138,1.7
01/03/2022 09:00,5,14.9,83,4
01/03/2022 10:00,1,9.6,127,2.8
01/03/2022 10:00,2,10,89,3.9
01/03/2022 10:00,3,9.5,267,2.3
01/03/2022 10:00,4,10.1,195,2.9
01/03/2022 10:00,5,9.6,95,2.5
01/03/2022 11:00,1,12.9,348,4
01/03/2022 11:00,2,12.7,7,1.6
01/03/2022 11:00,3,10,294,1.7
01/03/2022 11:00,4,14.6,171,2.3
01/03/2022 11:00,5,10,252,3
01/03/2022 12:00,1,11.9,93,2
01/03/2022 12:00,2,10,337,4
01/03/2022 12:00,3,9.6,135,4.5
01/03/2022 12:00,4,14.2,234,1.5
01/03/2022 12:00,5,12.5,182,2.5
01/03/2022 13:00,1,11.4,289,3.9
01/03/2022 13:00,2,11.3,78,3.8
01/03/2022 13:00,3,14.9,147,1.8
01/03/2022 13:00,4,11.2,291,3.6
01/03/2022 13:00,5,11.3,17,3.2
01/03/2022 14:00,1,9.4,316,3.9
01/03/2022 14:00,2,11.2,293,1.9
01/03/2022 14:00,3,11.3,216,3.3
01/03/2022 14:00,4,14.8,244,4.2
01/03/2022 14:00,5,13.1,64,2.9
01/03/2022 15:00,1,9.7,135,2.9
01/03/2022 15:00,2,12.7,158,4
01/03/2022 15:00,3,9.2,171,2.2
01/03/2022 15:00,4,9.2,122,4.4
01/03/2022 15:00,5,11.9,84,2.1
01/03/2022 16:00,1,12.4,289,2.3
01/03/2022 16:00,2,10,46,3.7
01/03/2022 16:00,3,11.6,102,1.6
01/03/2022 16:00,4,9.4,139,3.1
01/03/2022 16:00,5,10.9,328,4.5
01/03/2022 17:00,1,11.7,253,4.3
01/03/2022 17:00,2,9.6,274,3.9
01/03/2022 17:00,3,9.3,243,3.1
01/03/2022 17:00,4,12.9,244,3.7
01/03/2022 17:00,5,13.1,215,2.6
01/03/2022 18:00,1,10.1,240,1.8
01/03/2022 18:00,2,14.3,254,2.9
01/03/2022 18:00,3,14.2,76,2.7
01/03/2022 18:00,4,12.9,78,3.2
01/03/2022 18:00,5,12.5,20,4.2
01/03/2022 19:00,1,14.7,131,2.5
01/03/2022 19:00,2,9.1,170,3
01/03/2022 19:00,3,13.5,38,1.9
01/03/2022 19:00,4,13.3,54,4.3
01/03/2022 19:00,5,12.5,61,3.2
01/03/2022 20:00,1,9.2,300,3.1
01/03/2022 20:00,2,14.8,89,1.6
01/03/2022 20:00,3,9.6,333,3.6
01/03/2022 20:00,4,9.5,135,3.3
01/03/2022 20:00,5,11.8,215,4
01/03/2022 21:00,1,10.8,328,2.5
01/03/2022 21:00,2,13.9,121,1.8
01/03/2022 21:00,3,12.1,211,3.8
01/03/2022 21:00,4,11.4,315,2.4
01/03/2022 21:00,5,11,201,4.2
01/03/2022 22:00,1,13.1,286,2.2
01/03/2022 22:00,2,14.7,154,2.8
01/03/2022 22:00,3,14.7,158,2.3
01/03/2022 22:00,4,14,271,2.2
01/03/2022 22:00,5,9,193,2.7
01/03/2022 23:00,1,13,52,4.4
01/03/2022 23:00,2,9.8,316,1.8
01/03/2022 23:00,3,11.3,143,3.9
01/03/2022 23:00,4,12.4,2,3.5
01/03/2022 23:00,5,11,350,2.6
02/03/2022 00:00,1,10.7,101,3.4
02/03/2022 00:00,2,10.7,233,1.7
02/03/2022 00:00,3,13.2,43,3.3
02/03/2022 00:00,4,13.6,292,3.7
02/03/2022 00:00,5,14.5,183,4.3
02/03/2022 01:00,1,14.1,272,2.1
02/03/2022 01:00,2,13.5,313,2.4
02/03/2022 01:00,3,12.7,32,3.5
02/03/2022 01:00,4,12.5,226,2.7
02/03/2022 01:00,5,10.3,32,4.1
02/03/2022 02:00,1,13.6,152,2.6
02/03/2022 02:00,2,14.5,167,1.8
02/03/2022 02:00,3,10.6,143,2.9
02/03/2022 02:00,4,12.3,322,1.6
02/03/2022 02:00,5,12.7,271,3
02/03/2022 03:00,1,10,256,4.4
02/03/2022 03:00,2,9.1,157,2.3
02/03/2022 03:00,3,10.5,33,4
02/03/2022 03:00,4,14.2,12,4
02/03/2022 03:00,5,11.9,82,2.1
02/03/2022 04:00,1,14,8,3.2
02/03/2022 04:00,2,9.2,276,2.7
02/03/2022 04:00,3,9.4,247,3.3
02/03/2022 04:00,4,10.7,186,3.9
02/03/2022 04:00,5,14.7,40,2.1
02/03/2022 05:00,1,11.9,220,2.6
02/03/2022 05:00,2,9.9,308,3.4
02/03/2022 05:00,3,11.9,273,4.2
02/03/2022 05:00,4,13.6,6,2.7
02/03/2022 05:00,5,11.2,8,3.8
02/03/2022 06:00,1,11.9,36,4.2
02/03/2022 06:00,2,11.6,139,1.9
02/03/2022 06:00,3,9.1,334,2.1
02/03/2022 06:00,4,10.8,351,4.2
02/03/2022 06:00,5,11.2,20,3.3
02/03/2022 07:00,1,13.8,187,4.5
02/03/2022 07:00,2,12.9,313,3.7
02/03/2022 07:00,3,13.3,75,3.1
02/03/2022 07:00,4,10.9,152,2.2
02/03/2022 07:00,5,9.7,120,3.1
02/03/2022 08:00,1,9.6,129,4.1
02/03/2022 08:00,2,11,192,1.7
02/03/2022 08:00,3,11.8,215,1.9
02/03/2022 08:00,4,11.7,77,4.2
02/03/2022 08:00,5,12.1,298,1.9
02/03/2022 09:00,1,11.4,157,1.9
02/03/2022 09:00,2,14.8,10,3.7
02/03/2022 09:00,3,14.1,194,1.8
02/03/2022 09:00,4,11,230,4.1
02/03/2022 09:00,5,11.1,259,2.4
02/03/2022 10:00,1,13.5,314,3.6
02/03/2022 10:00,2,14.5,309,1.6
02/03/2022 10:00,3,12.2,34,3.2
02/03/2022 10:00,4,10.1,43,2
02/03/2022 10:00,5,9.1,359,2.9
02/03/2022 11:00,1,13.5,195,2.6
02/03/2022 11:00,2,11.7,83,2
02/03/2022 11:00,3,13.3,12,1.6
02/03/2022 11:00,4,9.3,325,4.1
02/03/2022 11:00,5,10.5,153,3.4
02/03/2022 12:00,1,14.3,239,2.9
02/03/2022 12:00,2,14.9,105,1.9
02/03/2022 12:00,3,9.7,257,1.8
02/03/2022 12:00,4,14.5,84,3
02/03/2022 12:00,5,14.8,113,4.3
02/03/2022 13:00,1,10.7,42,2.9
02/03/2022 13:00,2,9.7,231,2.4
02/03/2022 13:00,3,10,182,3.3
02/03/2022 13:00,4,9.9,344,1.6
02/03/2022 13:00,5,11.7,309,2.1
02/03/2022 14:00,1,12,239,2.5
02/03/2022 14:00,2,11.3,98,2.3
02/03/2022 14:00,3,12.4,137,1.9
02/03/2022 14:00,4,12.6,231,2.4
02/03/2022 14:00,5,14.7,219,3.3
02/03/2022 15:00,1,13.2,121,4
02/03/2022 15:00,2,12.1,351,2.7
02/03/2022 15:00,3,11.9,19,3.7
02/03/2022 15:00,4,11.6,185,2.4
02/03/2022 15:00,5,11.3,54,3.5
02/03/2022 16:00,1,12.2,2,2.4
02/03/2022 16:00,2,11.5,89,3
02/03/2022 16:00,3,13.6,241,3.4
02/03/2022 16:00,4,14.1,87,2.7
02/03/2022 16:00,5,11.9,283,4.3
02/03/2022 17:00,1,9,194,2.3
02/03/2022 17:00,2,13.4,221,2.3
02/03/2022 17:00,3,11.6,43,2.4
02/03/2022 17:00,4,14.3,3,3.9
02/03/2022 17:00,5,10.2,262,3.8
02/03/2022 18:00,1,12.8,50,4
02/03/2022 18:00,2,12.8,265,3.4
02/03/2022 18:00,3,13.4,292,3.8
02/03/2022 18:00,4,11.6,323,2.9
02/03/2022 18:00,5,9.4,314,4.4
02/03/2022 19:00,1,9.4,102,4.3
02/03/2022 19:00,2,9.4,162,2.8
02/03/2022 19:00,3,10.7,105,3.9
02/03/2022 19:00,4,10.1,199,1.5
02/03/2022 19:00,5,14.2,202,3
02/03/2022 20:00,1,10.6,256,3.2
02/03/2022 20:00,2,9.5,314,1.8
02/03/2022 20:00,3,10.9,220,3.2
02/03/2022 20:00,4,9.1,233,3.9
02/03/2022 20:00,5,11,64,2.9
02/03/2022 21:00,1,9.5,82,3.2
02/03/2022 21:00,2,13.5,9,1.8
02/03/2022 21:00,3,10.3,200,2.6
02/03/2022 21:00,4,13.1,81,3.9
02/03/2022 21:00,5,13.2,225,4.3
02/03/2022 22:00,1,9.4,18,2.6
02/03/2022 22:00,2,13.1,103,4.2
02/03/2022 22:00,3,13.2,357,4.4
02/03/2022 22:00,4,10.4,241,4.1
02/03/2022 22:00,5,10.7,10,2.5
02/03/2022 23:00,1,14.1,42,4.2
02/03/2022 23:00,2,12.9,66,1.7
02/03/2022 23:00,3,11.7,282,2.2
02/03/2022 23:00,4,14.5,275,2.9
02/03/2022 23:00,5,12.1,126,3.2
03/03/2022 00:00,1,9.3,342,3.1
03/03/2022 00:00,2,14.1,49,3.3
03/03/2022 00:00,3,9.5,51,3.4
03/03/2022 00:00,4,12.8,154,1.8
03/03/2022 00:00,5,9.4,352,3.7
03/03/2022 01:00,1,9.8,134,2.1
03/03/2022 01:00,2,11.7,287,2.1
03/03/2022 01:00,3,11.4,352,4
03/03/2022 01:00,4,13.2,217,1.9
03/03/2022 01:00,5,11.8,32,3
03/03/2022 02:00,1,11.5,152,2.2
03/03/2022 02:00,2,9.1,174,4.4
03/03/2022 02:00,3,9.2,168,1.8
03/03/2022 02:00,4,9.7,148,2.2
03/03/2022 02:00,5,10.2,225,3.8
03/03/2022 03:00,1,13.1,80,1.9
03/03/2022 03:00,2,9.1,94,3.2
03/03/2022 03:00,3,9.2,75,3.3
03/03/2022 03:00,4,9.7,245,3.1
03/03/2022 03:00,5,10.8,165,3.2
03/03/2022 04:00,1,13.6,305,3.6
03/03/2022 04:00,2,14.2,167,4.5
03/03/2022 04:00,3,14.5,181,2.9
03/03/2022 04:00,4,9.3,335,3.8
03/03/2022 04:00,5,11.2,311,3.9
03/03/2022 05:00,1,13.9,94,3.7
03/03/2022 05:00,2,10.9,168,1.5
03/03/2022 05:00,3,13.9,202,1.9
03/03/2022 05:00,4,12,129,3.5
03/03/2022 05:00,5,14.7,17,2.5
03/03/2022 06:00,1,12.4,358,2.7
03/03/2022 06:00,2,14.6,127,3.3
03/03/2022 06:00,3,13.6,234,3.5
03/03/2022 06:00,4,12.6,122,2.7
03/03/2022 06:00,5,12.8,154,2.3
03/03/2022 07:00,1,10.5,225,2.6
03/03/2022 07:00,2,12.9,202,3
03/03/2022 07:00,3,14,352,3.5
03/03/2022 07:00,4,11.8,33,3.6
03/03/2022 07:00,5,11,220,1.9
03/03/2022 08:00,1,11.6,282,3.2
03/03/2022 08:00,2,11.7,214,4.4
03/03/2022 08:00,3,13,355,3.3
03/03/2022 08:00,4,11,316,2.8
03/03/2022 08:00,5,9.5,1,3.1
03/03/2022 09:00,1,12.2,119,2.9
03/03/2022 09:00,2,14.8,235,2.6
03/03/2022 09:00,3,10.7,167,3.7
03/03/2022 09:00,4,13.6,302,3.3
03/03/2022 09:00,5,12.5,247,2.7
03/03/2022 10:00,1,9.2,353,2.1
03/03/2022 10:00,2,11,228,2.6
03/03/2022 10:00,3,11.2,148,3.3
03/03/2022 10:00,4,14.4,331,4
03/03/2022 10:00,5,11.2,48,2.7
03/03/2022 11:00,1,12.4,246,2.1
03/03/2022 11:00,2,9.2,83,4.2
03/03/2022 11:00,3,12.4,173,3.3
03/03/2022 11:00,4,11.4,246,2.1
03/03/2022 11:00,5,13.5,36,3.6
03/03/2022 12:00,1,10.2,189,3
03/03/2022 12:00,2,13.3,219,1.7
03/03/2022 12:00,3,9.1,357,2.2
03/03/2022 12:00,4,9.5,112,3
03/03/2022 12:00,5,13,261,2.6
03/03/2022 13:00,1,11.8,251,4
03/03/2022 13:00,2,9.9,198,4.2
03/03/2022 13:00,3,13.9,111,3.3
03/03/2022 13:00,4,9.4,9,3.7
03/03/2022 13:00,5,9.3,24,3.3
03/03/2022 14:00,1,14.7,98,2.9
03/03/2022 14:00,2,12.4,14,4.4
03/03/2022 14:00,3,10.6,332,3
03/03/2022 14:00,4,12.3,20,3.1
03/03/2022 14:00,5,14.6,67,2.5
03/03/2022 15:00,1,11.9,306,3.7
03/03/2022 15:00,2,10.7,92,1.7
03/03/2022 15:00,3,14.4,32,2.5
03/03/2022 15:00,4,11.5,324,3.2
03/03/2022 15:00,5,9.4,29,1.6
03/03/2022 16:00,1,10.6,301,3.7
03/03/2022 16:00,2,14.7,105,3.2
03/03/2022 16:00,3,13,33,3.2
03/03/2022 16:00,4,11.9,164,1.9
03/03/2022 16:00,5,13.6,183,3.6
03/03/2022 17:00,1,14.8,25,1.6
03/03/2022 17:00,2,12.4,282,3.8
03/03/2022 17:00,3,13.8,326,3.2
03/03/2022 17:00,4,12,212,3.7
03/03/2022 17:00,5,12.7,108,2.7
03/03/2022 18:00,1,14.4,20,2
03/03/2022 18:00,2,12.8,72,4.4
03/03/2022 18:00,3,14.8,351,2.8
03/03/2022 18:00,4,9.4,115,4.3
03/03/2022 18:00,5,10.2,122,1.7
03/03/2022 19:00,1,12,68,3.9
03/03/2022 19:00,2,12.6,54,1.6
03/03/2022 19:00,3,11.9,275,3.6
03/03/2022 19:00,4,14.6,29,2.9
03/03/2022 19:00,5,11.6,130,4.3
03/03/2022 20:00,1,12.3,50,4.1
03/03/2022 20:00,2,14.3,31,2.7
03/03/2022 20:00,3,14.4,269,3.6
03/03/2022 20:00,4,11.8,232,3.6
03/03/2022 20:00,5,9.9,68,4
03/03/2022 21:00,1,12.5,232,4.4
03/03/2022 21:00,2,14.3,31,3
03/03/2022 21:00,3,14.9,226,4.3
03/03/2022 21:00,4,10.6,184,3.2
03/03/2022 21:00,5,12.7,128,3.4
03/03/2022 22:00,1,9.8,307,3
03/03/2022 22:00,2,9.7,39,3.4
03/03/2022 22:00,3,11.5,282,4.1
03/03/2022 22:00,4,11.1,266,1.8
03/03/2022 22:00,5,12.5,236,2.6
03/03/2022 23:00,1,11.5,230,1.7
03/03/2022 23:00,2,10.7,241,2.6
03/03/2022 23:00,3,11.2,101,4.4
03/03/2022 23:00,4,13.4,187,4
03/03/2022 23:00,5,14.8,351,1.9
04/03/2022 00:00,1,9.1,289,3.9
04/03/2022 00:00,2,11.3,266,1.7
04/03/2022 00:00,3,9.3,94,1.8
04/03/2022 00:00,4,12.3,304,4.1
04/03/2022 00:00,5,9.7,243,4.3
04/03/2022 01:00,1,14.1,34,1.7
04/03/2022 01:00,2,12,333,2.6
04/03/2022 01:00,3,13.4,273,3.5
04/03/2022 01:00,4,13.6,129,1.6
04/03/2022 01:00,5,14,345,3.6
04/03/2022 02:00,1,14.4,305,2.5
04/03/2022 02:00,2,13,210,2.6
04/03/2022 02:00,3,10.3,241,2.3
04/03/2022 02:00,4,13,116,2.3
04/03/2022 02:00,5,11.2,161,3.9
04/03/2022 03:00,1,12.3,237,4
04/03/2022 03:00,2,9.1,12,3.6
04/03/2022 03:00,3,9.9,358,2.9
04/03/2022 03:00,4,10.6,312,2.3
04/03/2022 03:00,5,11,38,4.1
04/03/2022 04:00,1,13.8,38,4.2
04/03/2022 04:00,2,9.9,125,2.2
04/03/2022 04:00,3,10.7,93,2.9
04/03/2022 04:00,4,9.7,197,3.5
04/03/2022 04:00,5,11.9,331,4.3
04/03/2022 05:00,1,12.2,286,1.5
04/03/2022 05:00,2,15,188,3.9
04/03/2022 05:00,3,12,128,1.6
04/03/2022 05:00,4,15,294,3.1
04/03/2022 05:00,5,13.8,132,3.7
04/03/2022 06:00,1,14.2,192,2.8
04/03/2022 06:00,2,10.7,237,2.2
04/03/2022 06:00,3,15,274,3.4
04/03/2022 06:00,4,13.6,154,2.3
04/03/2022 06:00,5,14.2,210,2.5
04/03/2022 07:00,1,9.9,70,3.3
04/03/2022 07:00,2,13.7,141,3
04/03/2022 07:00,3,12.9,90,3.2
04/03/2022 07:00,4,12.9,168,1.9
04/03/2022 07:00,5,12.6,63,2.2
04/03/2022 08:00,1,11.7,277,1.5
04/03/2022 08:00,2,14.5,156,3.8
04/03/2022 08:00,3,11.2,93,1.6
04/03/2022 08:00,4,9,233,3.2
04/03/2022 08:00,5,9.2,105,4
04/03/2022 09:00,1,9.2,138,1.7
04/03/2022 09:00,2,10.6,134,1.8
04/03/2022 09:00,3,13.2,9,4.1
04/03/2022 09:00,4,13.5,100,3.5
04/03/2022 09:00,5,9.7,64,1.6
04/03/2022 10:00,1,10.8,226,2.2
04/03/2022 10:00,2,14.2,199,3.7
04/03/2022 10:00,3,10.7,89,3.7
04/03/2022 10:00,4,14.2,341,1.6
04/03/2022 10:00,5,9.3,3,2.4
04/03/2022 11:00,1,15,83,4.3
04/03/2022 11:00,2,14.5,7,3.7
04/03/2022 11:00,3,13.8,220,2.1
04/03/2022 11:00,4,13.5,65,4.2
04/03/2022 11:00,5,14.2,37,2.7
04/03/2022 12:00,1,10.6,143,3.2
04/03/2022 12:00,2,12.6,310,1.9
04/03/2022 12:00,3,12.8,252,4.1
04/03/2022 12:00,4,14.8,34,4
04/03/2022 12:00,5,10.9,163,3.7
04/03/2022 13:00,1,10.9,188,1.5
04/03/2022 13:00,2,9.7,18,2.4
04/03/2022 13:00,3,14.5,179,3.7
04/03/2022 13:00,4,9.2,18,3.2
04/03/2022 13:00,5,10.4,247,2.8
04/03/2022 14:00,1,12,72,4.2
04/03/2022 14:00,2,12.6,281,3.1
04/03/2022 14:00,3,9.7,64,1.9
04/03/2022 14:00,4,10.1,98,2.1
04/03/2022 14:00,5,13,304,2.8
04/03/2022 15:00,1,11.8,157,3.7
04/03/2022 15:00,2,12.6,344,3.4
04/03/2022 15:00,3,13.5,74,2
04/03/2022 15:00,4,11.3,268,3.4
04/03/2022 15:00,5,9.2,315,4
04/03/2022 16:00,1,10.5,228,3.4
04/03/2022 16:00,2,12.4,34,2.3
04/03/2022 16:00,3,13.1,169,2.3
04/03/2022 16:00,4,9.7,305,4.3
04/03/2022 16:00,5,12.2,334,3.9
04/03/2022 17:00,1,13.4,37,2
04/03/2022 17:00,2,12.7,172,2.9
04/03/2022 17:00,3,14.6,124,2
04/03/2022 17:00,4,13,26,4.4
04/03/2022 17:00,5,13.2,26,2.2
04/03/2022 18:00,1,12.9,308,2.7
04/03/2022 18:00,2,11.2,69,3.7
04/03/2022 18:00,3,14.8,222,4
04/03/2022 18:00,4,11.4,11,2.5
04/03/2022 18:00,5,11.7,357,1.5
04/03/2022 19:00,1,11.5,280,4.4
04/03/2022 19:00,2,10.9,77,3.6
04/03/2022 19:00,3,13.5,243,2.8
04/03/2022 19:00,4,13.3,217,4.5
04/03/2022 19:00,5,9.5,179,4
04/03/2022 20:00,1,9.4,126,3.4
04/03/2022 20:00,2,13.6,72,3
04/03/2022 20:00,3,13.8,161,3.6
04/03/2022 20:00,4,14.9,335,2.4
04/03/2022 20:00,5,9.2,73,2.8
04/03/2022 21:00,1,10,130,1.9
04/03/2022 21:00,2,9.3,315,4.4
04/03/2022 21:00,3,13.9,97,4.2
04/03/2022 21:00,4,14.8,293,1.7
04/03/2022 21:00,5,11.5,121,2.3
04/03/2022 22:00,1,12.6,40,4.3
04/03/2022 22:00,2,9.6,133,2.8
04/03/2022 22:00,3,10,291,2.5
04/03/2022 22:00,4,13.7,189,1.5
04/03/2022 22:00,5,10.5,145,1.7
04/03/2022 23:00,1,11.4,327,3.4
04/03/2022 23:00,2,12.4,232,3.9
04/03/2022 23:00,3,14.5,181,2.9
04/03/2022 23:00,4,9.3,221,3.2
04/03/2022 23:00,5,13.2,358,2
05/03/2022 00:00,1,9.8,316,3.7
05/03/2022 00:00,2,13.1,292,2
05/03/2022 00:00,3,9.9,260,2.5
05/03/2022 00:00,4,12.1,93,3.8
05/03/2022 00:00,5,9.1,54,3.7
05/03/2022 01:00,1,13.7,24,4.3
05/03/2022 01:00,2,11.2,220,3.4
05/03/2022 01:00,3,9,317,2.9
05/03/2022 01:00,4,10,282,2.9
05/03/2022 01:00,5,10.5,6,2.5
05/03/2022 02:00,1,12.8,15,2
05/03/2022 02:00,2,12.5,213,1.7
05/03/2022 02:00,3,12.8,19,1.8
05/03/2022 02:00,4,13.7,191,3.6
05/03/2022 02:00,5,11.5,321,1.6
05/03/2022 03:00,1,13.5,51,2.9
05/03/2022 03:00,2,13.5,252,3.3
05/03/2022 03:00,3,13.2,193,2.3
05/03/2022 03:00,4,10.2,145,2.4
05/03/2022 03:00,5,10.4,232,4.1
05/03/2022 04:00,1,9.7,125,2.4
05/03/2022 04:00,2,9.4,8,2.9
05/03/2022 04:00,3,12,118,1.6
05/03/2022 04:00,4,10.9,266,3
05/03/2022 04:00,5,13.9,11,4.4
05/03/2022 05:00,1,11.5,242,3.5
05/03/2022 05:00,2,10.4,164,1.6
05/03/2022 05:00,3,12.9,6,2.9
05/03/2022 05:00,4,11.4,89,3
05/03/2022 05:00,5,10.3,298,2.3
05/03/2022 06:00,1,9.8,248,3.3
05/03/2022 06:00,2,12,7,4.2
05/03/2022 06:00,3,13,345,1.7
05/03/2022 06:00,4,12.3,109,2.3
05/03/2022 06:00,5,12.2,157,2
05/03/2022 07:00,1,9.1,17,3.3
05/03/2022 07:00,2,14.3,107,3
05/03/2022 07:00,3,11.2,101,1.6
05/03/2022 07:00,4,13.5,329,1.7
05/03/2022 07:00,5,13.5,178,3.2
05/03/2022 08:00,1,11.7,213,3.8
05/03/2022 08:00,2,14.1,252,2.3
05/03/2022 08:00,3,14.2,88,3.7
05/03/2022 08:00,4,9.6,325,1.9
05/03/2022 08:00,5,14.8,285,1.6
05/03/2022 09:00,1,13.3,189,3.9
05/03/2022 09:00,2,10.7,197,3.7
05/03/2022 09:00,3,10.3,179,3.1
05/03/2022 09:00,4,10.7,258,3.5
05/03/2022 09:00,5,10.8,112,3.3
05/03/2022 10:00,1,12.9,213,3.5
05/03/2022 10:00,2,12.2,126,1.6
05/03/2022 10:00,3,9.6,90,2.7
05/03/2022 10:00,4,12.1,66,2.7
05/03/2022 10:00,5,13.7,23,2.8
05/03/2022 11:00,1,14.8,209,3.8
05/03/2022 11:00,2,10.4,295,2.2
05/03/2022 11:00,3,13.6,213,3.5
05/03/2022 11:00,4,10.8,309,2.1
05/03/2022 11:00,5,12.9,172,1.6
05/03/2022 12:00,1,10.4,7,3.8
05/03/2022 12:00,2,9,44,4
05/03/2022 12:00,3,13.8,354,2.8
05/03/2022 12:00,4,9.7,73,2.6
05/03/2022 12:00,5,13.1,88,3.6
05/03/2022 13:00,1,13.7,201,3.3
05/03/2022 13:00,2,12,102,4.2
05/03/2022 13:00,3,9.7,247,4.5
05/03/2022 13:00,4,9.5,10,3.5
05/03/2022 13:00,5,9.2,195,2.5
05/03/2022 14:00,1,10.6,2,2.2
05/03/2022 14:00,2,12.7,348,3.3
05/03/2022 14:00,3,12.2,151,3.4
05/03/2022 14:00,4,9.9,243,3
05/03/2022 14:00,5,14.7,42,2
05/03/2022 15:00,1,13.8,73,2.5
05/03/2022 15:00,2,14.3,117,4.5
05/03/2022 15:00,3,12.9,219,2.3
05/03/2022 15:00,4,14.1,214,2.6
05/03/2022 15:00,5,12.8,248,3.8
05/03/2022 16:00,1,13,32,2.3
05/03/2022 16:00,2,11,112,3.5
05/03/2022 16:00,3,12.7,219,3.8
05/03/2022 16:00,4,10.9,288,4.4
05/03/2022 16:00,5,10.9,16,2.8
05/03/2022 17:00,1,10.8,47,3.5
05/03/2022 17:00,2,14.2,173,4
05/03/2022 17:00,3,13.5,87,2
05/03/2022 17:00,4,12.6,138,2.4
05/03/2022 17:00,5,11.9,183,4.4
05/03/2022 18:00,1,12.6,162,4.2
05/03/2022 18:00,2,13.4,290,1.8
05/03/2022 18:00,3,11.4,356,3.3
05/03/2022 18:00,4,12.5,151,2.1
05/03/2022 18:00,5,11.8,354,3.9
05/03/2022 19:00,1,14.8,328,3.5
05/03/2022 19:00,2,13,47,2
05/03/2022 19:00,3,9.1,311,3.2
05/03/2022 19:00,4,9.6,217,4.5
05/03/2022 19:00,5,10.7,146,2.9
05/03/2022 20:00,1,11.2,134,3.6
05/03/2022 20:00,2,9.3,98,3.7
05/03/2022 20:00,3,10,222,1.9
05/03/2022 20:00,4,10.2,81,2
05/03/2022 20:00,5,12.5,129,3.8
05/03/2022 21:00,1,14,347,1.6
05/03/2022 21:00,2,12.9,218,4.4
05/03/2022 21:00,3,15,132,1.8
05/03/2022 21:00,4,13.9,279,2.5
05/03/2022 21:00,5,14.9,154,3.4
05/03/2022 22:00,1,12.4,50,3.4
05/03/2022 22:00,2,12.3,165,3.2
05/03/2022 22:00,3,15,101,1.6
05/03/2022 22:00,4,12.8,294,2.9
05/03/2022 22:00,5,12.9,115,1.8
05/03/2022 23:00,1,12.5,120,3.6
05/03/2022 23:00,2,14,89,4
05/03/2022 23:00,3,9.2,227,2
05/03/2022 23:00,4,14.8,352,2.7
05/03/2022 23:00,5,11.4,229,4.1
06/03/2022 00:00,1,11,80,3.1
06/03/2022 00:00,2,13.6,316,1.7
06/03/2022 00:00,3,13.5,339,3
06/03/2022 00:00,4,14.2,161,3.9
06/03/2022 00:00,5,12.7,281,3.3
06/03/2022 01:00,1,9.9,66,2.4
06/03/2022 01:00,2,14.5,143,4.2
06/03/2022 01:00,3,9.5,130,3.4
06/03/2022 01:00,4,13.7,94,3.1
06/03/2022 01:00,5,10.2,131,3.4
06/03/2022 02:00,1,9.4,61,3.7
06/03/2022 02:00,2,14.7,140,3.7
06/03/2022 02:00,3,12.4,66,4.1
06/03/2022 02:00,4,14,305,4.3
06/03/2022 02:00,5,9.4,321,2.6
06/03/2022 03:00,1,14.3,248,1.6
06/03/2022 03:00,2,11,191,4.1
06/03/2022 03:00,3,9.3,299,2.7
06/03/2022 03:00,4,12.1,169,2.6
06/03/2022 03:00,5,10.2,312,4.3
06/03/2022 04:00,1,10.4,180,4.4
06/03/2022 04:00,2,9.8,136,3.6
06/03/2022 04:00,3,13.2,108,3.4
06/03/2022 04:00,4,9.4,17,4.3
06/03/2022 04:00,5,10,315,2.1
06/03/2022 05:00,1,12.8,144,3.2
06/03/2022 05:00,2,10.1,119,2.4
06/03/2022 05:00,3,14.2,74,2.9
06/03/2022 05:00,4,10.3,295,3.7
06/03/2022 05:00,5,14.3,339,2.8
06/03/2022 06:00,1,12.4,237,3.9
06/03/2022 06:00,2,13.4,86,2
06/03/2022 06:00,3,14.1,257,2.8
06/03/2022 06:00,4,12,108,2.6
06/03/2022 06:00,5,14.4,289,2.1
06/03/2022 07:00,1,10.3,307,2.3
06/03/2022 07:00,2,14,304,3
06/03/2022 07:00,3,13.4,103,2.3
06/03/2022 07:00,4,11.9,320,2.4
06/03/2022 07:00,5,12.7,56,3.6
06/03/2022 08:00,1,14.5,72,2
06/03/2022 08:00,2,13.8,148,3.9
06/03/2022 08:00,3,12.6,357,3.1
06/03/2022 08:00,4,12.9,246,2
06/03/2022 08:00,5,10.6,236,2.6
06/03/2022 09:00,1,14.7,12,2.4
06/03/2022 09:00,2,14.2,255,2.6
06/03/2022 09:00,3,12.6,119,2.9
06/03/2022 09:00,4,10.3,336,2.5
06/03/2022 09:00,5,11,83,3.6
06/03/2022 10:00,1,11.4,324,3.4
06/03/2022 10:00,2,10.4,160,2
06/03/2022 10:00,3,10.8,147,3.2
06/03/2022 10:00,4,13.9,357,4.5
06/03/2022 10:00,5,11.5,52,1.9
06/03/2022 11:00,1,14.1,209,2.8
06/03/2022 11:00,2,10.1,274,2.4
06/03/2022 11:00,3,13.5,81,4.4
06/03/2022 11:00,4,11.2,51,2.5
06/03/2022 11:00,5,13.4,135,2.9
06/03/2022 12:00,1,11,304,4
06/03/2022 12:00,2,11.7,126,3.8
06/03/2022 12:00,3,12.3,339,4
06/03/2022 12:00,4,9.9,154,4.3
06/03/2022 12:00,5,14,120,1.5
06/03/2022 13:00,1,13.5,161,4.4
06/03/2022 13:00,2,10.5,243,3.7
06/03/2022 13:00,3,13,265,2.4
06/03/2022 13:00,4,13.7,156,2.8
06/03/2022 13:00,5,13.4,215,4.3
06/03/2022 14:00,1,9.4,262,2.4
06/03/2022 14:00,2,10.5,72,3.1
06/03/2022 14:00,3,9.7,240,3.7
06/03/2022 14:00,4,13,36,1.7
06/03/2022 14:00,5,10,231,3.6
06/03/2022 15:00,1,12.5,180,1.7
06/03/2022 15:00,2,13.7,95,2.2
06/03/2022 15:00,3,12.5,152,1.7
06/03/2022 15:00,4,10,291,2
06/03/2022 15:00,5,9.8,245,1.5
06/03/2022 16:00,1,10.4,263,3.8
06/03/2022 16:00,2,10.3,40,2.1
06/03/2022 16:00,3,10.4,259,4
06/03/2022 16:00,4,13.6,216,1.6
06/03/2022 16:00,5,11.9,135,4.1
06/03/2022 17:00,1,14.1,143,1.7
06/03/2022 17:00,2,10.1,300,3.8
06/03/2022 17:00,3,12.7,176,3.9
06/03/2022 17:00,4,13.6,23,4.1
06/03/2022 17:00,5,12,292,3.4
06/03/2022 18:00,1,12.9,4,3.3
06/03/2022 18:00,2,10.2,313,3.9
06/03/2022 18:00,3,9.1,294,2
06/03/2022 18:00,4,13.6,21,2.9
06/03/2022 18:00,5,9.5,103,3.7
06/03/2022 19:00,1,14.4,153,1.5
06/03/2022 19:00,2,13.2,294,4.3
06/03/2022 19:00,3,11.8,216,4.4
06/03/2022 19:00,4,10.8,86,4.1
06/03/2022 19:00,5,14.2,125,2.6
06/03/2022 20:00,1,9,342,2.1
06/03/2022 20:00,2,10.1,298,2.4
06/03/2022 20:00,3,13.9,246,4.4
06/03/2022 20:00,4,14.6,269,4.5
06/03/2022 20:00,5,9.6,33,3.2
06/03/2022 21:00,1,10.4,349,3.7
06/03/2022 21:00,2,9.3,127,4.2
06/03/2022 21:00,3,10.4,275,2.4
06/03/2022 21:00,4,14.8,50,3.4
06/03/2022 21:00,5,10,138,2.8
06/03/2022 22:00,1,11,53,4
06/03/2022 22:00,2,13.5,249,3.4
06/03/2022 22:00,3,12.7,298,4.2
06/03/2022 22:00,4,14.3,332,3.4
06/03/2022 22:00,5,15,13,1.9
06/03/2022 23:00,1,9.9,175,3.2
06/03/2022 23:00,2,14.2,181,2.8
06/03/2022 23:00,3,9.4,301,3.9
06/03/2022 23:00,4,11.2,314,4
06/03/2022 23:00,5,14.8,124,4.4
07/03/2022 00:00,1,12.3,101,4.2
07/03/2022 00:00,2,13,122,2.6
07/03/2022 00:00,3,10.5,320,4.3
07/03/2022 00:00,4,9.2,235,1.5
07/03/2022 00:00,5,9.5,174,4.2
07/03/2022 01:00,1,11.4,288,4.3
07/03/2022 01:00,2,13.4,168,3.2
07/03/2022 01:00,3,12.3,114,2.9
07/03/2022 01:00,4,10.2,55,2.8
07/03/2022 01:00,5,10.7,333,2.8
07/03/2022 02:00,1,9.8,185,3.4
07/03/2022 02:00,2,13.7,51,3.3
07/03/2022 02:00,3,14.1,182,4
07/03/2022 02:00,4,12.7,47,2.5
07/03/2022 02:00,5,14.4,345,2.4
07/03/2022 03:00,1,13.4,96,3.5
07/03/2022 03:00,2,14.2,349,2.6
07/03/2022 03:00,3,13,124,2.2
07/03/2022 03:00,4,14,215,3.6
07/03/2022 03:00,5,11.7,50,2.8
07/03/2022 04:00,1,9.7,44,2.7
07/03/2022 04:00,2,12.8,0,3.2
07/03/2022 04:00,3,14.4,174,2.3
07/03/2022 04:00,4,13.8,224,4.4
07/03/2022 04:00,5,10.1,63,2.3
07/03/2022 05:00,1,13.9,256,3.4
07/03/2022 05:00,2,11.2,26,2.7
07/03/2022 05:00,3,10.7,151,2.7
07/03/2022 05:00,4,11.2,61,2
07/03/2022 05:00,5,12.3,14,2.1
07/03/2022 06:00,1,10.3,349,4
07/03/2022 06:00,2,10.4,26,2.3
07/03/2022 06:00,3,11.9,124,4.3
07/03/2022 06:00,4,10.8,273,3.7
07/03/2022 06:00,5,15,240,1.9
07/03/2022 07:00,1,13.5,139,2.4
07/03/2022 07:00,2,11.2,340,3.3
07/03/2022 07:00,3,9.1,350,1.6
07/03/2022 07:00,4,12.5,216,2.6
07/03/2022 07:00,5,13.4,234,3.4
07/03/2022 08:00,1,9.1,3,2.8
07/03/2022 08:00,2,12.6,279,2.6
07/03/2022 08:00,3,12.2,338,3.2
07/03/2022 08:00,4,12.1,136,4.4
07/03/2022 08:00,5,11.7,336,1.6
07/03/2022 09:00,1,12.1,358,4
07/03/2022 09:00,2,10.2,8,3.8
07/03/2022 09:00,3,11.5,52,3.2
07/03/2022 09:00,4,13.2,101,4
07/03/2022 09:00,5,10.2,334,1.8
07/03/2022 10:00,1,13.2,156,2
07/03/2022 10:00,2,14.9,228,3.3
07/03/2022 10:00,3,14,156,2.1
07/03/2022 10:00,4,11.6,74,3.3
07/03/2022 10:00,5,12,76,4.2
07/03/2022 11:00,1,14,273,4
07/03/2022 11:00,2,13,70,3.7
07/03/2022 11:00,3,10.7,121,3.2
07/03/2022 11:00,4,11.8,328,1.9
07/03/2022 11:00,5,11,170,2.7
07/03/2022 12:00,1,12.1,207,2.8
07/03/2022 12:00,2,10.5,180,3.6
07/03/2022 12:00,3,14.3,137,1.8
07/03/2022 12:00,4,13.3,87,2.7
07/03/2022 12:00,5,13.1,208,3.8
07/03/2022 13:00,1,10,272,3.5
07/03/2022 13:00,2,10.7,267,2.2
07/03/2022 13:00,3,11.8,68,1.7
07/03/2022 13:00,4,13,232,3.4
07/03/2022 13:00,5,10.7,325,4.2
07/03/2022 14:00,1,9.2,31,3
07/03/2022 14:00,2,10.4,136,1.7
07/03/2022 14:00,3,13.1,215,3.2
07/03/2022 14:00,4,10.2,48,1.5
07/03/2022 14:00,5,13.5,60,4.2
07/03/2022 15:00,1,13.1,119,2.8
07/03/2022 15:00,2,14.6,196,3.7
07/03/2022 15:00,3,11.6,322,1.5
07/03/2022 15:00,4,9.1,148,3.4
07/03/2022 15:00,5,13.4,129,4.2
07/03/2022 16:00,1,9.4,141,3.1
07/03/2022 16:00,2,10,271,2.3
07/03/2022 16:00,3,10.4,240,2
07/03/2022 16:00,4,13.8,107,2.5
07/03/2022 16:00,5,11,345,1.9
07/03/2022 17:00,1,14.8,193,4.3
07/03/2022 17:00,2,10.3,176,2.3
07/03/2022 17:00,3,9.2,41,3.4
07/03/2022 17:00,4,11.3,252,4.1
07/03/2022 17:00,5,14.5,27,2.8
07/03/2022 18:00,1,13.7,289,1.9
07/03/2022 18:00,2,13.4,251,4.4
07/03/2022 18:00,3,13.9,316,4.1
07/03/2022 18:00,4,10.8,9,1.6
07/03/2022 18:00,5,14,176,3.7
07/03/2022 19:00,1,11.6,338,3.8
07/03/2022 19:00,2,9.1,96,3.7
07/03/2022 19:00,3,13.9,308,2.6
07/03/2022 19:00,4,14.7,319,4.4
07/03/2022 19:00,5,13.7,329,1.9
07/03/2022 20:00,1,13.6,101,2.3
07/03/2022 20:00,2,14.7,142,1.8
07/03/2022 20:00,3,11,283,2
07/03/2022 20:00,4,13.3,148,2.3
07/03/2022 20:00,5,13.8,172,2.8
07/03/2022 21:00,1,11.5,132,2.5
07/03/2022 21:00,2,12.5,353,1.8
07/03/2022 21:00,3,13.7,343,2.5
07/03/2022 21:00,4,12.9,171,2.9
07/03/2022 21:00,5,11.4,197,4.2
07/03/2022 22:00,1,9.6,74,4.2
07/03/2022 22:00,2,11.6,100,4.2
07/03/2022 22:00,3,9.2,236,2.3
07/03/2022 22:00,4,10,157,1.8
07/03/2022 22:00,5,14.5,85,2.2
07/03/2022 23:00,1,13.9,218,3.9
07/03/2022 23:00,2,12.1,235,3.7
07/03/2022 23:00,3,13.3,235,4.3
07/03/2022 23:00,4,13.7,225,4.2
07/03/2022 23:00,5,11.7,199,1.8
08/03/2022 00:00,1,12.9,306,3.3
08/03/2022 00:00,2,10.8,152,1.6
08/03/2022 00:00,3,14.3,186,3.3
08/03/2022 00:00,4,14.5,216,4.2
08/03/2022 00:00,5,9.3,332,3
08/03/2022 01:00,1,14.1,153,2.1
08/03/2022 01:00,2,10.3,300,4.4
08/03/2022 01:00,3,13.9,334,4.4
08/03/2022 01:00,4,13.4,9,1.5
08/03/2022 01:00,5,14.1,349,4.5
08/03/2022 02:00,1,10.1,185,2.4
08/03/2022 02:00,2,11.9,314,4.1
08/03/2022 02:00,3,13.6,204,4
08/03/2022 02:00,4,11.2,305,4.2
08/03/2022 02:00,5,14.3,145,2.9
08/03/2022 03:00,1,10.2,284,3.8
08/03/2022 03:00,2,10.5,179,3.6
08/03/2022 03:00,3,14.7,253,2.7
08/03/2022 03:00,4,11.4,119,2.2
08/03/2022 03:00,5,12,256,3.5
08/03/2022 04:00,1,9.6,329,4
08/03/2022 04:00,2,9.5,213,2.6
08/03/2022 04:00,3,11.3,76,3.9
08/03/2022 04:00,4,9.7,24,2.2
08/03/2022 04:00,5,14,271,4
08/03/2022 05:00,1,10.9,253,2.7
08/03/2022 05:00,2,11.6,251,4.4
08/03/2022 05:00,3,12.5,171,3.1
08/03/2022 05:00,4,14,255,2.5
08/03/2022 05:00,5,11.6,98,4.2
08/03/2022 06:00,1,14.6,252,2.8
08/03/2022 06:00,2,11.9,151,1.9
08/03/2022 06:00,3,9.4,266,3.4
08/03/2022 06:00,4,12.3,262,2.1
08/03/2022 06:00,5,9.9,359,3.6
08/03/2022 07:00,1,14.7,225,2.7
08/03/2022 07:00,2,12.8,351,1.7
08/03/2022 07:00,3,12.4,123,4.3
08/03/2022 07:00,4,11.6,78,2.1
08/03/2022 07:00,5,15,184,3.4
08/03/2022 08:00,1,9.1,153,4.3
08/03/2022 08:00,2,14.9,48,2.9
08/03/2022 08:00,3,10,124,4.3
08/03/2022 08:00,4,13.3,303,1.8
08/03/2022 08:00,5,12.1,274,4.2
08/03/2022 09:00,1,12.6,267,4.5
08/03/2022 09:00,2,11.7,184,1.6
08/03/2022 09:00,3,12,174,3.8
08/03/2022 09:00,4,11.7,103,4.5
08/03/2022 09:00,5,11.8,228,3.1
08/03/2022 10:00,1,12.6,163,3.7
08/03/2022 10:00,2,15,7,2.9
08/03/2022 10:00,3,12.1,302,3
08/03/2022 10:00,4,11.8,233,3.9
08/03/2022 10:00,5,9.4,29,3.2
08/03/2022 11:00,1,12.7,252,2.9
08/03/2022 11:00,2,10.6,287,4.2
08/03/2022 11:00,3,9.9,332,4.3
08/03/2022 11:00,4,10.5,353,2.4
08/03/2022 11:00,5,10.9,34,2.4
08/03/2022 12:00,1,10,195,3.5
08/03/2022 12:00,2,14,354,4
08/03/2022 12:00,3,12,180,3.8
08/03/2022 12:00,4,10.6,253,4
08/03/2022 12:00,5,9.6,297,3.1
08/03/2022 13:00,1,11,57,3.1
08/03/2022 13:00,2,10.2,171,2.8
08/03/2022 13:00,3,12.3,134,4.1
08/03/2022 13:00,4,11.5,265,3.6
08/03/2022 13:00,5,12.3,53,2.3
08/03/2022 14:00,1,14.2,217,4.5
08/03/2022 14:00,2,13.9,112,4.2
08/03/2022 14:00,3,11.9,33,1.7
08/03/2022 14:00,4,13.8,106,3.4
08/03/2022 14:00,5,14.2,327,3.8
08/03/2022 15:00,1,10.5,95,4.4
08/03/2022 15:00,2,14.9,33,1.8
08/03/2022 15:00,3,10.5,50,1.7
08/03/2022 15:00,4,10.2,101,3
08/03/2022 15:00,5,10.4,47,2.1
08/03/2022 16:00,1,14.3,143,3.6
08/03/2022 16:00,2,13.9,312,4.2
08/03/2022 16:00,3,9.1,170,4.4
08/03/2022 16:00,4,13.9,164,1.9
08/03/2022 16:00,5,14,123,3.5
08/03/2022 17:00,1,11.5,295,2.8
08/03/2022 17:00,2,13.3,250,3.5
08/03/2022 17:00,3,12.9,135,2.6
08/03/2022 17:00,4,9.4,158,3.7
08/03/2022 17:00,5,14.3,50,2.8
08/03/2022 18:00,1,10.6,39,2.5
08/03/2022 18:00,2,11,115,4.1
08/03/2022 18:00,3,12.3,57,2.4
08/03/2022 18:00,4,10.4,112,3.5
08/03/2022 18:00,5,11.9,226,3.5
08/03/2022 19:00,1,10.9,204,3.6
08/03/2022 19:00,2,14.1,320,2.8
08/03/2022 19:00,3,12.1,140,3
08/03/2022 19:00,4,12.6,37,1.6
08/03/2022 19:00,5,9.5,289,2.2
08/03/2022 20:00,1,14.4,210,4.1
08/03/2022 20:00,2,10.7,54,3.8
08/03/2022 20:00,3,9.9,345,2.4
08/03/2022 20:00,4,10.1,74,1.6
08/03/2022 20:00,5,9.4,15,4.5
08/03/2022 21:00,1,13.8,192,1.7
08/03/2022 21:00,2,14,330,1.8
08/03/2022 21:00,3,11.8,187,4
08/03/2022 21:00,4,9.6,19,1.8
08/03/2022 21:00,5,11.4,27,2.3
08/03/2022 22:00,1,14.8,297,4
08/03/2022 22:00,2,9.1,144,2.7
08/03/2022 22:00,3,13.2,145,4
08/03/2022 22:00,4,14.1,211,4.4
08/03/2022 22:00,5,10.2,78,4.3
08/03/2022 23:00,1,13.2,91,2
08/03/2022 23:00,2,13.8,225,2.3
08/03/2022 23:00,3,13.2,168,2.6
08/03/2022 23:00,4,14.8,290,2.4
08/03/2022 23:00,5,9.3,155,2.3
09/03/2022 00:00,1,12.3,51,2.2
09/03/2022 00:00,2,12.3,35,2.2
09/03/2022 00:00,3,14.6,287,4.3
09/03/2022 00:00,4,9,317,3.3
09/03/2022 00:00,5,9.4,100,1.8
09/03/2022 01:00,1,9,114,4.5
09/03/2022 01:00,2,14.8,348,3.6
09/03/2022 01:00,3,9.5,96,2.7
09/03/2022 01:00,4,13.8,285,2.7
09/03/2022 01:00,5,10.7,26,2.7
09/03/2022 02:00,1,9.9,10,2.1
09/03/2022 02:00,2,9.7,85,2.8
09/03/2022 02:00,3,13.6,232,1.7
09/03/2022 02:00,4,13.3,276,3.1
09/03/2022 02:00,5,12.8,230,1.9
09/03/2022 03:00,1,12.4,51,1.6
09/03/2022 03:00,2,13.2,51,3.9
09/03/2022 03:00,3,10.6,249,2.3
09/03/2022 03:00,4,10.5,109,3.8
09/03/2022 03:00,5,11.8,223,2
09/03/2022 04:00,1,14.3,107,2.7
09/03/2022 04:00,2,10.1,174,2.4
09/03/2022 04:00,3,13.8,312,4.2
09/03/2022 04:00,4,13.8,181,2.3
09/03/2022 04:00,5,13.2,134,1.8
09/03/2022 05:00,1,14.6,298,3.8
09/03/2022 05:00,2,9.7,17,2.4
09/03/2022 05:00,3,13.1,315,3.8
09/03/2022 05:00,4,11.1,57,2
09/03/2022 05:00,5,13.4,209,2.7
09/03/2022 06:00,1,14.7,236,1.6
09/03/2022 06:00,2,13.1,37,2.3
09/03/2022 06:00,3,12.7,177,1.7
09/03/2022 06:00,4,10.5,61,2.7
09/03/2022 06:00,5,9.7,320,3
09/03/2022 07:00,1,12.3,1,4.4
09/03/2022 07:00,2,12.6,50,3.3
09/03/2022 07:00,3,13.4,43,2.1
09/03/2022 07:00,4,9.4,149,3.1
09/03/2022 07:00,5,9.1,4,3.2
09/03/2022 08:00,1,11.2,88,1.6
09/03/2022 08:00,2,10.7,313,2.8
09/03/2022 08:00,3,12.1,253,3.1
09/03/2022 08:00,4,11.3,94,2
09/03/2022 08:00,5,14.6,227,4.4
09/03/2022 09:00,1,10.5,173,4.1
09/03/2022 09:00,2,13,9,2.5
09/03/2022 09:00,3,11.5,29,3.2
09/03/2022 09:00,4,14.5,68,1.8
09/03/2022 09:00,5,12.2,268,3.3
09/03/2022 10:00,1,10.1,292,1.5
09/03/2022 10:00,2,10.5,42,4.4
09/03/2022 10:00,3,12,106,2.9
09/03/2022 10:00,4,10.5,74,3.5
09/03/2022 10:00,5,9.6,91,2.7
09/03/2022 11:00,1,13.8,107,3.2
09/03/2022 11:00,2,14.5,254,3
09/03/2022 11:00,3,14.4,280,1.5
09/03/2022 11:00,4,12.9,197,1.9
09/03/2022 11:00,5,14.3,297,4.1
09/03/2022 12:00,1,10.9,136,4.1
09/03/2022 12:00,2,12.6,223,4.3
09/03/2022 12:00,3,13.4,62,3.5
09/03/2022 12:00,4,10.5,66,2.9
09/03/2022 12:00,5,9.1,249,3.6
09/03/2022 13:00,1,10.9,136,4.1
09/03/2022 13:00,2,10.9,334,3.3
09/03/2022 13:00,3,14.3,111,2
09/03/2022 13:00,4,10.9,238,4.4
09/03/2022 13:00,5,12.1,157,4.1
09/03/2022 14:00,1,11.4,129,2.8
09/03/2022 14:00,2,9.6,351,1.5
09/03/2022 14:00,3,11.4,13,3.4
09/03/2022 14:00,4,10.3,312,1.8
09/03/2022 14:00,5,12.9,96,3.9
09/03/2022 15:00,1,14.4,307,1.6
09/03/2022 15:00,2,10.6,272,2.2
09/03/2022 15:00,3,14.1,5,4.3
09/03/2022 15:00,4,10.3,153,3.9
09/03/2022 15:00,5,9.7,231,3.8
09/03/2022 16:00,1,11.5,103,3.1
09/03/2022 16:00,2,10.9,60,1.9
09/03/2022 16:00,3,10.9,193,1.8
09/03/2022 16:00,4,13.3,254,2.5
09/03/2022 16:00,5,9.5,248,3.3
09/03/2022 17:00,1,9.1,261,2.8
09/03/2022 17:00,2,10.8,349,2.6
09/03/2022 17:00,3,14,171,4.4
09/03/2022 17:00,4,10.2,332,3.1
09/03/2022 17:00,5,10.1,116,4.4
09/03/2022 18:00,1,9.4,279,4.2
09/03/2022 18:00,2,13.9,285,2.9
09/03/2022 18:00,3,13.7,192,2.2
09/03/2022 18:00,4,13.9,12,3.7
09/03/2022 18:00,5,11.3,208,4
09/03/2022 19:00,1,11,129,3
09/03/2022 19:00,2,9.1,71,4.2
09/03/2022 19:00,3,9.3,192,1.9
09/03/2022 19:00,4,10.6,257,3.1
09/03/2022 19:00,5,10.8,73,2
09/03/2022 20:00,1,11.3,170,2
09/03/2022 20:00,2,13.2,147,3.9
09/03/2022 20:00,3,11.3,15,4.2
09/03/2022 20:00,4,9.9,330,3
09/03/2022 20:00,5,10.7,290,3.4
09/03/2022 21:00,1,14.1,13,2.4
09/03/2022 21:00,2,13.4,249,1.9
09/03/2022 21:00,3,13.2,340,4.2
09/03/2022 21:00,4,14.6,25,1.9
09/03/2022 21:00,5,14.4,105,1.7
09/03/2022 22:00,1,13.8,349,2.5
09/03/2022 22:00,2,10.2,124,2.6
09/03/2022 22:00,3,12.7,203,3.6
09/03/2022 22:00,4,14,321,3.1
09/03/2022 22:00,5,9.8,293,3.6
09/03/2022 23:00,1,13.1,100,2.2
09/03/2022 23:00,2,12.8,8,4.2
09/03/2022 23:00,3,10.9,227,3
09/03/2022 23:00,4,10,52,3.2
09/03/2022 23:00,5,13.5,99,2.2
10/03/2022 00:00,1,11.5,345,1.7
10/03/2022 00:00,2,10.1,186,2
10/03/2022 00:00,3,14.6,0,4.4
10/03/2022 00:00,4,14.4,331,3.1
10/03/2022 00:00,5,12.8,352,2.5
10/03/2022 01:00,1,12.9,177,3.4
10/03/2022 01:00,2,9.5,27,3.1
10/03/2022 01:00,3,10.5,315,3.5
10/03/2022 01:00,4,13.5,310,3.5
10/03/2022 01:00,5,9.1,8,3
10/03/2022 02:00,1,13.8,82,3
10/03/2022 02:00,2,11,150,2.2
10/03/2022 02:00,3,9.5,105,2.9
10/03/2022 02:00,4,11.9,135,3.3
10/03/2022 02:00,5,10.6,244,2.7
10/03/2022 03:00,1,12.7,87,2.6
10/03/2022 03:00,2,10.9,156,4.3
10/03/2022 03:00,3,12,327,3.6
10/03/2022 03:00,4,15,261,3.2
10/03/2022 03:00,5,13.7,324,2
10/03/2022 04:00,1,11.4,142,1.7
10/03/2022 04:00,2,14,320,2.3
10/03/2022 04:00,3,11.8,214,2.7
10/03/2022 04:00,4,9.5,73,3.7
10/03/2022 04:00,5,10.1,154,2.5
10/03/2022 05:00,1,13.2,292,2.4
10/03/2022 05:00,2,9.6,352,2.4
10/03/2022 05:00,3,14.2,114,3.5
10/03/2022 05:00,4,13.2,194,4.1
10/03/2022 05:00,5,11.8,184,3.8
10/03/2022 06:00,1,9,128,2.7
10/03/2022 06:00,2,13.1,28,1.8
10/03/2022 06:00,3,12.5,348,2.5
10/03/2022 06:00,4,10.9,358,4
10/03/2022 06:00,5,13.9,281,4
10/03/2022 07:00,1,12.6,186,3.6
10/03/2022 07:00,2,12.6,19,3
10/03/2022 07:00,3,14.7,43,4.5
10/03/2022 07:00,4,12,290,3.3
10/03/2022 07:00,5,9.6,271,3.6
10/03/2022 08:00,1,13.9,345,4
10/03/2022 08:00,2,10.3,359,2.5
10/03/2022 08:00,3,11.3,136,3.8
10/03/2022 08:00,4,13,101,4.2
10/03/2022 08:00,5,14.5,197,2.5
10/03/2022 09:00,1,12.8,225,2.7
10/03/2022 09:00,2,12.1,292,3.6
10/03/2022 09:00,3,14.6,219,2.5
10/03/2022 09:00,4,13.2,163,3.9
10/03/2022 09:00,5,14.4,108,2.5
10/03/2022 10:00,1,14.4,41,3.2
10/03/2022 10:00,2,11.5,97,4.5
10/03/2022 10:00,3,9.7,348,3.5
10/03/2022 10:00,4,13.7,315,2.6
10/03/2022 10:00,5,13.6,226,2.6
10/03/2022 11:00,1,14.4,49,3.3
10/03/2022 11:00,2,13.5,20,1.8
10/03/2022 11:00,3,10.2,276,3.8
10/03/2022 11:00,4,14.9,162,2.7
10/03/2022 11:00,5,13.3,144,2.6
10/03/2022 12:00,1,13.1,202,2.3
10/03/2022 12:00,2,9.4,94,1.6
10/03/2022 12:00,3,9.8,220,2.8
10/03/2022 12:00,4,13.1,212,2.2
10/03/2022 12:00,5,14.4,72,3.1
10/03/2022 13:00,1,12.8,120,1.7
10/03/2022 13:00,2,11.3,124,1.8
10/03/2022 13:00,3,13.6,331,4.2
10/03/2022 13:00,4,11.3,99,3.2
10/03/2022 13:00,5,11.2,80,1.6
10/03/2022 14:00,1,11.1,103,3.6
10/03/2022 14:00,2,11.1,206,1.8
10/03/2022 14:00,3,12.4,245,3.9
10/03/2022 14:00,4,10.9,6,2.3
10/03/2022 14:00,5,11,304,1.9
10/03/2022 15:00,1,14.8,227,4.3
10/03/2022 15:00,2,10.1,116,3.8
10/03/2022 15:00,3,12.2,93,2.2
10/03/2022 15:00,4,11.1,250,3.5
10/03/2022 15:00,5,12.4,342,3.6
10/03/2022 16:00,1,11.9,238,4.3
10/03/2022 16:00,2,9.5,308,2.8
10/03/2022 16:00,3,12.4,53,1.7
10/03/2022 16:00,4,9.7,317,2
10/03/2022 16:00,5,13.9,335,1.5
10/03/2022 17:00,1,12.2,203,3.6
10/03/2022 17:00,2,10.4,148,3.3
10/03/2022 17:00,3,9.3,338,3.6
10/03/2022 17:00,4,10.9,269,1.9
10/03/2022 17:00,5,10.7,61,2.2
10/03/2022 18:00,1,14.6,354,4.2
10/03/2022 18:00,2,14,12,2.4
10/03/2022 18:00,3,11.1,240,3.8
10/03/2022 18:00,4,13,191,4.4
10/03/2022 18:00,5,12.9,339,3.9
10/03/2022 19:00,1,10.3,285,3.8
10/03/2022 19:00,2,11.9,222,4.1
10/03/2022 19:00,3,10.5,290,3.1
10/03/2022 19:00,4,14.5,343,3
10/03/2022 19:00,5,10.1,288,4.4
10/03/2022 20:00,1,11,239,2.8
10/03/2022 20:00,2,14.2,2,1.8
10/03/2022 20:00,3,10.3,287,1.9
10/03/2022 20:00,4,12.4,142,2.7
10/03/2022 20:00,5,12,314,3.1
10/03/2022 21:00,1,11.9,261,3.7
10/03/2022 21:00,2,12.8,334,4
10/03/2022 21:00,3,14.4,244,3
10/03/2022 21:00,4,13.9,167,2.5
10/03/2022 21:00,5,13.3,251,2.2
10/03/2022 22:00,1,9.1,328,3.7
10/03/2022 22:00,2,11.6,201,2.8
10/03/2022 22:00,3,13.7,9,2.3
10/03/2022 22:00,4,10.8,151,3.2
10/03/2022 22:00,5,12.5,127,4.4
10/03/2022 23:00,1,13.9,22,2.6
10/03/2022 23:00,2,14.8,256,3.9
10/03/2022 23:00,3,14.5,132,2.8
10/03/2022 23:00,4,9.6,229,4
10/03/2022 23:00,5,10.4,84,1.7
11/03/2022 00:00,1,11.9,167,2.2
11/03/2022 00:00,2,12.2,191,1.6
11/03/2022 00:00,3,10.3,30,3.9
11/03/2022 00:00,4,14.5,96,3.8
11/03/2022 00:00,5,10.9,218,3.7
11/03/2022 01:00,1,14,214,3.2
11/03/2022 01:00,2,14.4,17,3.2
11/03/2022 01:00,3,9.1,358,1.9
11/03/2022 01:00,4,11.7,353,2.5
11/03/2022 01:00,5,13.1,171,4.4
11/03/2022 02:00,1,13.5,35,2.4
11/03/2022 02:00,2,10,200,3.8
11/03/2022 02:00,3,14.6,69,4.1
11/03/2022 02:00,4,10.2,24,1.5
11/03/2022 02:00,5,13.3,73,3.1
11/03/2022 03:00,1,14.1,59,2.2
11/03/2022 03:00,2,10.7,159,2.3
11/03/2022 03:00,3,10.2,220,1.7
11/03/2022 03:00,4,10.2,192,2.4
11/03/2022 03:00,5,12.7,250,1.8
11/03/2022 04:00,1,14,241,2.8
11/03/2022 04:00,2,9.2,89,4.1
11/03/2022 04:00,3,12.5,23,3
11/03/2022 04:00,4,9.7,54,1.7
11/03/2022 04:00,5,11.2,223,3.7
11/03/2022 05:00,1,9.2,218,3
11/03/2022 05:00,2,12,140,2.2
11/03/2022 05:00,3,10.9,82,2.8
11/03/2022 05:00,4,11.3,225,3.1
11/03/2022 05:00,5,11.9,72,2.7
11/03/2022 06:00,1,9.7,65,2
11/03/2022 06:00,2,9.7,46,2.3
11/03/2022 06:00,3,14.1,350,3.6
11/03/2022 06:00,4,10.7,268,2.3
11/03/2022 06:00,5,9,211,1.9
11/03/2022 07:00,1,15,243,1.8
11/03/2022 07:00,2,11.3,17,4.1
11/03/2022 07:00,3,9.2,309,4.4
11/03/2022 07:00,4,12.8,294,2.6
11/03/2022 07:00,5,9.1,29,4.3
11/03/2022 08:00,1,11.2,91,2.5
11/03/2022 08:00,2,13.9,223,3.5
11/03/2022 08:00,3,14.1,169,2.1
11/03/2022 08:00,4,14.7,253,1.9
11/03/2022 08:00,5,14,282,3.5
11/03/2022 09:00,1,11.8,253,4.4
11/03/2022 09:00,2,13.1,103,4.4
11/03/2022 09:00,3,14.1,54,2.6
11/03/2022 09:00,4,13.4,291,3
11/03/2022 09:00,5,13.1,189,1.8
11/03/2022 10:00,1,12.7,182,1.6
11/03/2022 10:00,2,10.7,343,3.6
11/03/2022 10:00,3,11.1,307,4.2
11/03/2022 10:00,4,11.5,219,2
11/03/2022 10:00,5,12.9,269,3.5
11/03/2022 11:00,1,10,22,2
11/03/2022 11:00,2,14,44,2.8
11/03/2022 11:00,3,11.5,15,3.2
11/03/2022 11:00,4,14.8,122,1.9
11/03/2022 11:00,5,9,71,2.2
11/03/2022 12:00,1,11.5,12,2.4
11/03/2022 12:00,2,9.8,65,1.7
11/03/2022 12:00,3,14.8,49,3
11/03/2022 12:00,4,11,133,2.4
11/03/2022 12:00,5,14,272,1.6
11/03/2022 13:00,1,10.4,59,2.5
11/03/2022 13:00,2,13.8,77,4.2
11/03/2022 13:00,3,9.8,78,3.5
11/03/2022 13:00,4,10.3,74,4.3
11/03/2022 13:00,5,10.2,7,3.6
11/03/2022 14:00,1,12.4,106,1.7
11/03/2022 14:00,2,10.6,249,4
11/03/2022 14:00,3,13.7,80,3.4
11/03/2022 14:00,4,9.3,250,2
11/03/2022 14:00,5,14.9,31,3.7
11/03/2022 15:00,1,12.2,79,3.5
11/03/2022 15:00,2,9.8,295,1.7
11/03/2022 15:00,3,14.4,175,2.6
11/03/2022 15:00,4,11.8,242,2
11/03/2022 15:00,5,11.4,38,2.9
11/03/2022 16:00,1,11.6,285,2.4
11/03/2022 16:00,2,12.5,186,3.4
11/03/2022 16:00,3,12.5,79,1.6
11/03/2022 16:00,4,10.1,167,2.5
11/03/2022 16:00,5,12.1,16,2.5
11/03/2022 17:00,1,14.5,356,1.5
11/03/2022 17:00,2,14.2,231,1.7
11/03/2022 17:00,3,12.4,223,2.4
11/03/2022 17:00,4,12.6,166,2.5
11/03/2022 17:00,5,13.9,317,1.5
11/03/2022 18:00,1,14.4,122,4
11/03/2022 18:00,2,10.5,36,3.6
11/03/2022 18:00,3,10.8,86,2.9
11/03/2022 18:00,4,10.1,44,3.5
11/03/2022 18:00,5,13,225,3
11/03/2022 19:00,1,9,161,3.2
11/03/2022 19:00,2,14.8,42,4.2
11/03/2022 19:00,3,14,19,2.7
11/03/2022 19:00,4,9.7,97,3
11/03/2022 19:00,5,14.3,141,2.9
11/03/2022 20:00,1,10.7,258,3.7
11/03/2022 20:00,2,9,67,3.3
11/03/2022 20:00,3,13.3,122,4.4
11/03/2022 20:00,4,12.4,45,3.3
11/03/2022 20:00,5,13.8,223,3.3
11/03/2022 21:00,1,12.7,252,1.6
11/03/2022 21:00,2,12.2,81,3.5
11/03/2022 21:00,3,10.2,194,2.6
11/03/2022 21:00,4,11.1,261,1.6
11/03/2022 21:00,5,12,65,2.8
11/03/2022 22:00,1,9.8,342,2.5
11/03/2022 22:00,2,9.2,311,1.7
11/03/2022 22:00,3,11.9,337,2.9
11/03/2022 22:00,4,10.2,304,1.9
11/03/2022 22:00,5,14,353,3.2
11/03/2022 23:00,1,13.7,302,2.7
11/03/2022 23:00,2,13.7,189,2.9
11/03/2022 23:00,3,9.5,301,3.1
11/03/2022 23:00,4,9.7,163,1.8
11/03/2022 23:00,5,9.3,72,3.8
12/03/2022 00:00,1,11.2,129,1.7
12/03/2022 00:00,2,14.3,223,1.7
12/03/2022 00:00,3,10.7,205,3.5
12/03/2022 00:00,4,13.5,355,2.3
12/03/2022 00:00,5,14.5,246,3.3
12/03/2022 01:00,1,14.5,223,1.9
12/03/2022 01:00,2,12.7,233,2
12/03/2022 01:00,3,14.1,59,4.1
12/03/2022 01:00,4,14.6,111,3
12/03/2022 01:00,5,10.4,330,3.3
12/03/2022 02:00,1,12.7,4,1.6
12/03/2022 02:00,2,14.5,25,3.2
12/03/2022 02:00,3,14.4,229,3.5
12/03/2022 02:00,4,11.4,226,2.1
12/03/2022 02:00,5,9.4,272,3.9
12/03/2022 03:00,1,12,144,2.5
12/03/2022 03:00,2,13.3,113,4.1
12/03/2022 03:00,3,10.6,157,2.7
12/03/2022 03:00,4,12.9,42,3.6
12/03/2022 03:00,5,14.5,309,1.5
12/03/2022 04:00,1,14.7,229,3
12/03/2022 04:00,2,11.1,97,2.2
12/03/2022 04:00,3,12.9,339,2.9
12/03/2022 04:00,4,13.1,220,4.2
12/03/2022 04:00,5,13.6,173,3.4
12/03/2022 05:00,1,14.9,62,3.1
12/03/2022 05:00,2,11.6,20,3.3
12/03/2022 05:00,3,11.7,337,4.1
12/03/2022 05:00,4,9.4,31,2
12/03/2022 05:00,5,14.8,128,2.3
12/03/2022 06:00,1,11.5,215,1.6
12/03/2022 06:00,2,9.9,221,3.2
12/03/2022 06:00,3,14.8,223,3.4
12/03/2022 06:00,4,11.8,279,2.8
12/03/2022 06:00,5,13.8,354,1.9
12/03/2022 07:00,1,11.5,53,2
12/03/2022 07:00,2,10.4,182,2.8
12/03/2022 07:00,3,14.9,207,3.1
12/03/2022 07:00,4,9.2,162,2.5
12/03/2022 07:00,5,11.9,158,3.8
12/03/2022 08:00,1,12.1,231,3.1
12/03/2022 08:00,2,14,162,1.8
12/03/2022 08:00,3,11.5,106,4.2
12/03/2022 08:00,4,12.2,286,4.1
12/03/2022 08:00,5,9.2,322,3.8
12/03/2022 09:00,1,9.9,250,4.1
12/03/2022 09:00,2,11.7,166,2.4
12/03/2022 09:00,3,12.2,254,1.8
12/03/2022 09:00,4,10.4,296,3
12/03/2022 09:00,5,14.6,122,2.6
12/03/2022 10:00,1,10.1,55,2
12/03/2022 10:00,2,9.8,46,1.6
12/03/2022 10:00,3,13,223,3.4
12/03/2022 10:00,4,11.6,20,1.5
12/03/2022 10:00,5,11.5,104,2.5
12/03/2022 11:00,1,13.2,287,4.1
12/03/2022 11:00,2,10.8,82,1.8
12/03/2022 11:00,3,9.9,200,2.6
12/03/2022 11:00,4,10.1,166,3.5
12/03/2022 11:00,5,10.9,217,2.3
12/03/2022 12:00,1,9.8,208,3.2
12/03/2022 12:00,2,10.5,317,3.4
12/03/2022 12:00,3,12.7,23,4.1
12/03/2022 12:00,4,10.8,63,3.9
12/03/2022 12:00,5,9.8,276,2.4
12/03/2022 13:00,1,9.1,264,3.2
12/03/2022 13:00,2,14.8,94,3.2
12/03/2022 13:00,3,11,82,2.7
12/03/2022 13:00,4,12,143,3.1
12/03/2022 13:00,5,9.2,95,1.6
12/03/2022 14:00,1,10.9,50,4.2
12/03/2022 14:00,2,14.9,229,4
12/03/2022 14:00,3,12.7,333,3.2
12/03/2022 14:00,4,11.7,29,1.7
12/03/2022 14:00,5,11.6,225,2.9
12/03/2022 15:00,1,10.4,18,1.6
12/03/2022 15:00,2,9.4,34,3.4
12/03/2022 15:00,3,14.7,123,1.9
12/03/2022 15:00,4,11.6,345,2.4
12/03/2022 15:00,5,14.3,43,4
12/03/2022 16:00,1,11.7,166,2.8
12/03/2022 16:00,2,12.7,6,2.8
12/03/2022 16:00,3,10.1,100,2.8
12/03/2022 16:00,4,13.2,65,3.5
12/03/2022 16:00,5,9.6,114,2.4
12/03/2022 17:00,1,14.8,322,4.2
12/03/2022 17:00,2,10,291,3.4
12/03/2022 17:00,3,10.8,259,3
12/03/2022 17:00,4,13.2,35,4.5
12/03/2022 17:00,5,9.1,354,3.6
12/03/2022 18:00,1,10,160,2.8
12/03/2022 18:00,2,12.1,29,4.5
12/03/2022 18:00,3,14.5,170,2.8
12/03/2022 18:00,4,12,90,1.6
12/03/2022 18:00,5,13.8,159,3.1
12/03/2022 19:00,1,14,114,4
12/03/2022 19:00,2,14.2,148,4.1
12/03/2022 19:00,3,13.4,193,1.6
12/03/2022 19:00,4,12.5,1,1.7
12/03/2022 19:00,5,11.3,199,1.8
12/03/2022 20:00,1,10.3,214,1.6
12/03/2022 20:00,2,14.2,188,4
12/03/2022 20:00,3,10.2,256,2.1
12/03/2022 20:00,4,9.1,48,3
12/03/2022 20:00,5,12.2,178,3.7
12/03/2022 21:00,1,14.1,56,3.4
12/03/2022 21:00,2,10.1,207,4.5
12/03/2022 21:00,3,10.6,109,3
12/03/2022 21:00,4,9.1,222,1.7
12/03/2022 21:00,5,11.2,136,4.1
12/03/2022 22:00,1,14.5,250,3.8
12/03/2022 22:00,2,13.9,325,2
12/03/2022 22:00,3,12.7,169,2.9
12/03/2022 22:00,4,9.5,271,3.8
12/03/2022 22:00,5,10.7,343,1.9
12/03/2022 23:00,1,10.3,154,2.2
12/03/2022 23:00,2,14.4,304,3.1
12/03/2022 23:00,3,13.5,265,4.3
12/03/2022 23:00,4,10.7,47,3.9
12/03/2022 23:00,5,13.8,194,2.9
13/03/2022 00:00,1,10.1,135,2
13/03/2022 00:00,2,11.9,193,2.4
13/03/2022 00:00,3,11,65,3.7
13/03/2022 00:00,4,10.4,9,4.5
13/03/2022 00:00,5,13.2,67,3
13/03/2022 01:00,1,13.5,236,2.1
13/03/2022 01:00,2,14.7,135,3.7
13/03/2022 01:00,3,11,354,2.8
13/03/2022 01:00,4,13.8,79,4.5
13/03/2022 01:00,5,14.4,197,3.2
13/03/2022 02:00,1,9.8,141,2.7
13/03/2022 02:00,2,13.4,341,2.6
13/03/2022 02:00,3,14.7,281,2
13/03/2022 02:00,4,14.8,291,1.7
13/03/2022 02:00,5,10.7,21,2.7
13/03/2022 03:00,1,13,241,2.7
13/03/2022 03:00,2,11.9,123,2
13/03/2022 03:00,3,9.5,231,2.6
13/03/2022 03:00,4,12.5,318,4.4
13/03/2022 03:00,5,10.6,268,4.2
13/03/2022 04:00,1,13.7,209,2
13/03/2022 04:00,2,12.3,315,3.5
13/03/2022 04:00,3,10.6,139,2
13/03/2022 04:00,4,14.1,265,1.7
13/03/2022 04:00,5,12.4,264,4.1
13/03/2022 05:00,1,9.1,186,3.7
13/03/2022 05:00,2,10.1,111,2.1
13/03/2022 05:00,3,12.8,9,4.2
13/03/2022 05:00,4,13.9,352,2.6
13/03/2022 05:00,5,14.6,274,3.3
13/03/2022 06:00,1,14,285,1.5
13/03/2022 06:00,2,10.1,111,2.6
13/03/2022 06:00,3,13.2,303,2.1
13/03/2022 06:00,4,10.6,154,3.7
13/03/2022 06:00,5,9.5,93,1.7
13/03/2022 07:00,1,12.1,349,2
13/03/2022 07:00,2,13.8,2,2.5
13/03/2022 07:00,3,14,92,2.8
13/03/2022 07:00,4,11.7,59,2.7
13/03/2022 07:00,5,11,326,1.9
13/03/2022 08:00,1,10.5,19,4.4
13/03/2022 08:00,2,10.3,253,2.5
13/03/2022 08:00,3,13.5,17,1.6
13/03/2022 08:00,4,10.2,66,3
13/03/2022 08:00,5,9.1,85,3.9
13/03/2022 09:00,1,9.8,307,2.2
13/03/2022 09:00,2,13,158,4.3
13/03/2022 09:00,3,11.8,273,3.5
13/03/2022 09:00,4,14.4,49,1.6
13/03/2022 09:00,5,11.1,301,2.5
13/03/2022 10:00,1,14.1,49,2.3
13/03/2022 10:00,2,9.7,150,3.6
13/03/2022 10:00,3,13.5,132,3.7
13/03/2022 10:00,4,10.2,45,2.3
13/03/2022 10:00,5,13.5,134,3.2
13/03/2022 11:00,1,10.3,321,2.8
13/03/2022 11:00,2,14.7,0,3.2
13/03/2022 11:00,3,14.3,53,4
13/03/2022 11:00,4,10.8,51,3
13/03/2022 11:00,5,13.4,288,2.4
13/03/2022 12:00,1,14.2,230,2.6
13/03/2022 12:00,2,10.6,130,3.2
13/03/2022 12:00,3,11.2,98,3.1
13/03/2022 12:00,4,12.2,284,1.7
13/03/2022 12:00,5,14,291,1.8
13/03/2022 13:00,1,11.5,151,2.2
13/03/2022 13:00,2,9.4,42,2
13/03/2022 13:00,3,10,287,4
13/03/2022 13:00,4,9.9,82,4.2
13/03/2022 13:00,5,9.2,296,4.5
13/03/2022 14:00,1,12.2,208,4.1
13/03/2022 14:00,2,14.6,234,3.9
13/03/2022 14:00,3,9.8,77,4.3
13/03/2022 14:00,4,11.4,47,4.3
13/03/2022 14:00,5,11,206,4.5
13/03/2022 15:00,1,14.3,157,3.3
13/03/2022 15:00,2,13.3,249,3.2
13/03/2022 15:00,3,10.7,40,4.1
13/03/2022 15:00,4,11.1,285,1.7
13/03/2022 15:00,5,9.7,344,3.2
13/03/2022 16:00,1,9.2,249,4.5
13/03/2022 16:00,2,11.5,207,2.5
13/03/2022 16:00,3,10.3,335,4.4
13/03/2022 16:00,4,12.9,151,2.3
13/03/2022 16:00,5,14.5,268,2
13/03/2022 17:00,1,14.8,123,2.7
13/03/2022 17:00,2,12.8,207,3.6
13/03/2022 17:00,3,9.8,266,1.7
13/03/2022 17:00,4,10.3,142,2
13/03/2022 17:00,5,12.7,123,3.6
13/03/2022 18:00,1,9.9,276,2.6
13/03/2022 18:00,2,12.8,248,3.7
13/03/2022 18:00,3,9.3,192,2.3
13/03/2022 18:00,4,9.7,344,3.4
13/03/2022 18:00,5,12.5,332,2.5
13/03/2022 19:00,1,13.5,357,4.4
13/03/2022 19:00,2,13.8,13,2.9
13/03/2022 19:00,3,14.5,314,2.6
13/03/2022 19:00,4,11.1,161,4
13/03/2022 19:00,5,13.9,174,3.8
13/03/2022 20:00,1,10.3,332,3.9
13/03/2022 20:00,2,12.7,146,3.5
13/03/2022 20:00,3,13.2,79,3.5
13/03/2022 20:00,4,10.5,318,3.3
13/03/2022 20:00,5,14.1,186,4.2
13/03/2022 21:00,1,12.5,266,3.6
13/03/2022 21:00,2,10.7,225,3.9
13/03/2022 21:00,3,12.3,233,2.3
13/03/2022 21:00,4,12.1,181,1.5
13/03/2022 21:00,5,14,55,1.5
13/03/2022 22:00,1,12.2,97,3.9
13/03/2022 22:00,2,9.8,21,2.3
13/03/2022 22:00,3,11.6,84,2.4
13/03/2022 22:00,4,14.1,22,4.4
13/03/2022 22:00,5,14.1,153,2
13/03/2022 23:00,1,13.8,6,1.5
13/03/2022 23:00,2,9.7,232,3.2
13/03/2022 23:00,3,12,294,1.8
13/03/2022 23:00,4,11,242,1.6
13/03/2022 23:00,5,10.6,41,1.9
14/03/2022 00:00,1,14.4,141,3.9
14/03/2022 00:00,2,11.7,236,2.6
14/03/2022 00:00,3,11.1,115,2.8
14/03/2022 00:00,4,15,150,2.4
14/03/2022 00:00,5,13.7,351,2.5
14/03/2022 01:00,1,9.5,351,3.6
14/03/2022 01:00,2,13.5,212,1.6
14/03/2022 01:00,3,9.2,230,1.8
14/03/2022 01:00,4,12.9,317,3.9
14/03/2022 01:00,5,11.9,187,2.9
14/03/2022 02:00,1,10.2,173,2.8
14/03/2022 02:00,2,12,232,3.6
14/03/2022 02:00,3,14.3,181,3.8
14/03/2022 02:00,4,14.6,75,4.1
14/03/2022 02:00,5,12.9,28,3.5
14/03/2022 03:00,1,12.2,343,2.8
14/03/2022 03:00,2,13.8,224,2.7
14/03/2022 03:00,3,14.9,304,3.2
14/03/2022 03:00,4,14,87,3.4
14/03/2022 03:00,5,14.5,210,4.3
14/03/2022 04:00,1,14.7,114,2.7
14/03/2022 04:00,2,13.8,95,2.1
14/03/2022 04:00,3,9.8,128,1.6
14/03/2022 04:00,4,11.4,63,4.5
14/03/2022 04:00,5,13.3,300,1.8
14/03/2022 05:00,1,14.6,178,2.9
14/03/2022 05:00,2,10.4,320,3.9
14/03/2022 05:00,3,9.5,138,3.4
14/03/2022 05:00,4,12.7,246,1.8
14/03/2022 05:00,5,13.2,281,3.7
14/03/2022 06:00,1,13.5,237,3.7
14/03/2022 06:00,2,10.7,337,3.7
14/03/2022 06:00,3,11.2,75,2.7
14/03/2022 06:00,4,14.6,355,4.3
14/03/2022 06:00,5,10.3,359,1.6
14/03/2022 07:00,1,13.6,304,3.8
14/03/2022 07:00,2,13.9,247,3.5
14/03/2022 07:00,3,12.8,243,2
14/03/2022 07:00,4,9.3,318,3.6
14/03/2022 07:00,5,13.2,208,2.3
14/03/2022 08:00,1,12.8,304,4
14/03/2022 08:00,2,13.1,13,4.1
14/03/2022 08:00,3,12.8,206,3.9
14/03/2022 08:00,4,10.4,265,2.9
14/03/2022 08:00,5,14.2,1,4.2
14/03/2022 09:00,1,9.9,153,1.6
14/03/2022 09:00,2,10.3,168,2.7
14/03/2022 09:00,3,9.9,160,2.8
14/03/2022 09:00,4,13,325,4
14/03/2022 09:00,5,14.4,302,1.7
14/03/2022 10:00,1,9.4,128,4.3
14/03/2022 10:00,2,10.1,333,2.8
14/03/2022 10:00,3,14.5,127,1.6
14/03/2022 10:00,4,12.6,332,1.7
14/03/2022 10:00,5,13,105,2.4
14/03/2022 11:00,1,14.3,106,1.9
14/03/2022 11:00,2,12,344,2.5
14/03/2022 11:00,3,14.2,136,3.1
14/03/2022 11:00,4,12.6,296,2
14/03/2022 11:00,5,12.2,355,4.3
14/03/2022 12:00,1,12.2,1,4
14/03/2022 12:00,2,9.3,18,3.4
14/03/2022 12:00,3,12.8,162,3.7
14/03/2022 12:00,4,14.6,52,1.9
14/03/2022 12:00,5,9.4,292,3.4
14/03/2022 13:00,1,12.4,275,3.2
14/03/2022 13:00,2,9.3,199,4.1
14/03/2022 13:00,3,9,231,2.8
14/03/2022 13:00,4,12.8,54,2.7
14/03/2022 13:00,5,14.8,188,3.9
14/03/2022 14:00,1,11.3,3,1.7
14/03/2022 14:00,2,9.9,106,3.4
14/03/2022 14:00,3,11,271,3.3
14/03/2022 14:00,4,13.4,339,1.8
14/03/2022 14:00,5,9.6,7,4.5
14/03/2022 15:00,1,14.5,31,3.6
14/03/2022 15:00,2,13.9,0,3.6
14/03/2022 15:00,3,9.1,342,3.2
14/03/2022 15:00,4,14.4,286,1.6
14/03/2022 15:00,5,13.6,115,3.1
14/03/2022 16:00,1,14.7,181,4.3
14/03/2022 16:00,2,9.6,99,3.7
14/03/2022 16:00,3,11.1,171,3.7
14/03/2022 16:00,4,12.7,128,3
14/03/2022 16:00,5,12.9,42,2.1
14/03/2022 17:00,1,14.4,274,2.8
14/03/2022 17:00,2,12.4,299,2.6
14/03/2022 17:00,3,12.7,109,1.9
14/03/2022 17:00,4,9.7,158,2.3
14/03/2022 17:00,5,9.3,17,1.8
14/03/2022 18:00,1,12.3,330,1.8
14/03/2022 18:00,2,12.8,159,1.5
14/03/2022 18:00,3,14.6,318,2.9
14/03/2022 18:00,4,11,57,1.7
14/03/2022 18:00,5,12.2,287,2.9
14/03/2022 19:00,1,12.5,267,3.8
14/03/2022 19:00,2,11.4,58,3.8
14/03/2022 19:00,3,14.5,341,1.8
14/03/2022 19:00,4,12.8,53,2.9
14/03/2022 19:00,5,12,17,3.4
14/03/2022 20:00,1,12.3,85,1.6
14/03/2022 20:00,2,11.4,178,1.7
14/03/2022 20:00,3,14.8,219,3.4
14/03/2022 20:00,4,12.6,300,3
14/03/2022 20:00,5,14.7,178,2.3
14/03/2022 21:00,1,13.5,74,3.3
14/03/2022 21:00,2,10.1,183,3.1
14/03/2022 21:00,3,12.5,288,3.3
14/03/2022 21:00,4,11.9,143,1.7
14/03/2022 21:00,5,12.6,171,2
14/03/2022 22:00,1,11.9,48,1.6
14/03/2022 22:00,2,13,203,3.7
14/03/2022 22:00,3,13.5,199,2.4
14/03/2022 22:00,4,9.8,288,4.4
14/03/2022 22:00,5,12.5,131,4.1
14/03/2022 23:00,1,10.1,88,2.9
14/03/2022 23:00,2,10.8,175,2
14/03/2022 23:00,3,14.7,38,2.3
14/03/2022 23:00,4,12,303,2.9
14/03/2022 23:00,5,11.2,359,3.1
15/03/2022 00:00,1,13.1,216,2.6
15/03/2022 00:00,2,13.2,239,2.3
15/03/2022 00:00,3,13,280,2.3
15/03/2022 00:00,4,14.9,132,4.4
15/03/2022 00:00,5,14.2,21,2.3
15/03/2022 01:00,1,9.3,251,2.4
15/03/2022 01:00,2,9.6,206,1.5
15/03/2022 01:00,3,9.8,179,2.1
15/03/2022 01:00,4,14.1,24,3.7
15/03/2022 01:00,5,15,335,1.5
15/03/2022 02:00,1,9.6,217,4.1
15/03/2022 02:00,2,9.9,335,3.2
15/03/2022 02:00,3,14.2,79,2
15/03/2022 02:00,4,9.3,9,3.5
15/03/2022 02:00,5,14.5,322,4.1
15/03/2022 03:00,1,12.1,7,3.6
15/03/2022 03:00,2,14.2,52,2.5
15/03/2022 03:00,3,13.7,137,4.1
15/03/2022 03:00,4,14.3,7,3
15/03/2022 03:00,5,14.4,83,3.1
15/03/2022 04:00,1,12,27,1.6
15/03/2022 04:00,2,10.7,231,3.1
15/03/2022 04:00,3,10.2,126,4.3
15/03/2022 04:00,4,13.6,347,1.9
15/03/2022 04:00,5,12.6,285,3.9
15/03/2022 05:00,1,13.1,353,4.1
15/03/2022 05:00,2,13.3,271,4.2
15/03/2022 05:00,3,12.9,307,1.8
15/03/2022 05:00,4,12.3,311,4.2
15/03/2022 05:00,5,9.6,214,2.5
15/03/2022 06:00,1,11.5,173,2.4
15/03/2022 06:00,2,12.7,223,2.8
15/03/2022 06:00,3,10,311,4.5
15/03/2022 06:00,4,10.2,295,2.6
15/03/2022 06:00,5,9.1,50,4.5
15/03/2022 07:00,1,10,338,1.9
15/03/2022 07:00,2,13,289,4.2
15/03/2022 07:00,3,10.6,326,4.2
15/03/2022 07:00,4,11.8,12,2.2
15/03/2022 07:00,5,14.5,84,1.8
15/03/2022 08:00,1,10.4,195,1.6
15/03/2022 08:00,2,12.4,277,4.1
15/03/2022 08:00,3,9.8,65,2.7
15/03/2022 08:00,4,10.3,263,1.5
15/03/2022 08:00,5,11.6,11,2.8
15/03/2022 09:00,1,9.6,286,4.4
15/03/2022 09:00,2,14.4,281,3
15/03/2022 09:00,3,14.4,225,1.7
15/03/2022 09:00,4,14,309,3.9
15/03/2022 09:00,5,10.5,88,4.4
15/03/2022 10:00,1,9.1,227,3.6
15/03/2022 10:00,2,9.2,94,1.9
15/03/2022 10:00,3,10.5,180,4.1
15/03/2022 10:00,4,12.7,350,4.5
15/03/2022 10:00,5,9.2,72,2.9
15/03/2022 11:00,1,13.4,156,3.9
15/03/2022 11:00,2,10.5,196,4
15/03/2022 11:00,3,14.3,314,4
15/03/2022 11:00,4,13.1,87,1.7
15/03/2022 11:00,5,14.5,278,2.1
15/03/2022 12:00,1,13.3,159,3
15/03/2022 12:00,2,14.6,81,3.8
15/03/2022 12:00,3,11.7,287,2.2
15/03/2022 12:00,4,13.4,349,2.8
15/03/2022 12:00,5,11.1,287,4.4
15/03/2022 13:00,1,11,58,2.3
15/03/2022 13:00,2,11,247,4.5
15/03/2022 13:00,3,12.3,167,1.7
15/03/2022 13:00,4,14.7,272,2.3
15/03/2022 13:00,5,11.1,10,3.2
15/03/2022 14:00,1,14,185,4.1
15/03/2022 14:00,2,13.6,348,4.1
15/03/2022 14:00,3,14.6,229,4
15/03/2022 14:00,4,11.1,232,3.3
15/03/2022 14:00,5,9.6,70,2.9
15/03/2022 15:00,1,12.4,76,2.3
15/03/2022 15:00,2,13.7,304,2.5
15/03/2022 15:00,3,12,98,1.7
15/03/2022 15:00,4,14.9,319,4.2
15/03/2022 15:00,5,10.8,61,2.5
15/03/2022 16:00,1,9.8,87,1.7
15/03/2022 16:00,2,14.3,206,2
15/03/2022 16:00,3,11.1,105,3.5
15/03/2022 16:00,4,15,223,2.6
15/03/2022 16:00,5,12.7,318,1.5
15/03/2022 17:00,1,10.8,302,2.7
15/03/2022 17:00,2,13.1,72,3.4
15/03/2022 17:00,3,13.2,343,2.1
15/03/2022 17:00,4,10,320,3
15/03/2022 17:00,5,13.8,261,3.4
15/03/2022 18:00,1,14.6,50,3.7
15/03/2022 18:00,2,14.8,181,3.3
15/03/2022 18:00,3,13.7,68,2.5
15/03/2022 18:00,4,12.2,359,3.2
15/03/2022 18:00,5,9.5,217,2
15/03/2022 19:00,1,9.4,357,2.4
15/03/2022 19:00,2,10.9,98,3.1
15/03/2022 19:00,3,14.1,197,3.9
15/03/2022 19:00,4,11.8,301,4.2
15/03/2022 19:00,5,9.3,65,2.8
15/03/2022 20:00,1,13.5,295,3.9
15/03/2022 20:00,2,9.2,67,2.6
15/03/2022 20:00,3,10.9,6,3.8
15/03/2022 20:00,4,13.8,41,2.5
15/03/2022 20:00,5,9.4,231,3.6
15/03/2022 21:00,1,10.3,274,3.4
15/03/2022 21:00,2,14.6,36,3.9
15/03/2022 21:00,3,14.1,242,2.5
15/03/2022 21:00,4,13.8,333,2.7
15/03/2022 21:00,5,12,19,3.6
15/03/2022 22:00,1,12.1,149,3.7
15/03/2022 22:00,2,11.4,46,1.9
15/03/2022 22:00,3,9,12,3.9
15/03/2022 22:00,4,13.7,193,2.7
15/03/2022 22:00,5,13.6,22,1.6
15/03/2022 23:00,1,13.5,101,2.9
15/03/2022 23:00,2,14.4,291,2.8
15/03/2022 23:00,3,11.3,252,3.2
15/03/2022 23:00,4,13.9,281,2.5
15/03/2022 23:00,5,9.2,207,1.9
16/03/2022 00:00,1,9.5,194,3.2
16/03/2022 00:00,2,11.7,201,3.1
16/03/2022 00:00,3,12.6,48,4.3
16/03/2022 00:00,4,14.6,180,3.8
16/03/2022 00:00,5,13.3,41,3.7
16/03/2022 01:00,1,9.4,107,2.7
16/03/2022 01:00,2,14.3,85,4
16/03/2022 01:00,3,12.3,9,4.2
16/03/2022 01:00,4,14.3,121,3.1
16/03/2022 01:00,5,14.1,50,3.3
16/03/2022 02:00,1,9.7,43,3.6
16/03/2022 02:00,2,14.5,64,2.9
16/03/2022 02:00,3,13.8,244,3.9
16/03/2022 02:00,4,11.6,211,2.2
16/03/2022 02:00,5,11,268,3.1
16/03/2022 03:00,1,9.6,99,3.7
16/03/2022 03:00,2,11,286,3.1
16/03/2022 03:00,3,14,227,3
16/03/2022 03:00,4,14.8,123,3.7
16/03/2022 03:00,5,13.4,56,4.3
16/03/2022 04:00,1,12.3,336,3.3
16/03/2022 04:00,2,10.6,166,4
16/03/2022 04:00,3,10.8,15,2.6
16/03/2022 04:00,4,13.1,250,3.7
16/03/2022 04:00,5,13.5,333,3.2
16/03/2022 05:00,1,9.8,39,3.7
16/03/2022 05:00,2,14.1,164,4.1
16/03/2022 05:00,3,14,339,2.6
16/03/2022 05:00,4,9.7,8,3
16/03/2022 05:00,5,10.8,117,3.1
16/03/2022 06:00,1,12.9,26,3.6
16/03/2022 06:00,2,12.6,41,2.5
16/03/2022 06:00,3,13.5,297,3.8
16/03/2022 06:00,4,9.7,255,3.1
16/03/2022 06:00,5,13.7,248,3.2
16/03/2022 07:00,1,13.3,156,1.8
16/03/2022 07:00,2,15,250,3
16/03/2022 07:00,3,10,275,3.9
16/03/2022 07:00,4,14.8,330,2.6
16/03/2022 07:00,5,12.1,309,3.4
16/03/2022 08:00,1,11.4,76,3.8
16/03/2022 08:00,2,9.2,214,3.7
16/03/2022 08:00,3,10.1,99,2.7
16/03/2022 08:00,4,9,260,1.6
16/03/2022 08:00,5,11.1,70,3
16/03/2022 09:00,1,11.7,218,2.9
16/03/2022 09:00,2,14.4,296,2.8
16/03/2022 09:00,3,13.7,126,1.9
16/03/2022 09:00,4,14.9,306,2.5
16/03/2022 09:00,5,10.8,260,1.8
16/03/2022 10:00,1,14.3,309,4.4
16/03/2022 10:00,2,13.6,326,2.4
16/03/2022 10:00,3,10.2,29,2.8
16/03/2022 10:00,4,10.9,29,3.7
16/03/2022 10:00,5,9,12,3.4
16/03/2022 11:00,1,12.3,57,2.2
16/03/2022 11:00,2,13.5,231,1.9
16/03/2022 11:00,3,15,253,2.9
16/03/2022 11:00,4,10.2,239,2.1
16/03/2022 11:00,5,10.3,284,1.8
16/03/2022 12:00,1,9.1,146,1.6
16/03/2022 12:00,2,14.6,258,3.6
16/03/2022 12:00,3,9.1,356,2.2
16/03/2022 12:00,4,13.6,152,1.9
16/03/2022 12:00,5,9.4,80,2.9
16/03/2022 13:00,1,14.7,78,3.4
16/03/2022 13:00,2,9.5,303,2.9
16/03/2022 13:00,3,12.6,347,3.5
16/03/2022 13:00,4,12.3,261,2.4
16/03/2022 13:00,5,12.5,308,3.6
16/03/2022 14:00,1,14.9,319,3.1
16/03/2022 14:00,2,10,121,4.3
16/03/2022 14:00,3,13.5,332,2.6
16/03/2022 14:00,4,9.4,154,4.2
16/03/2022 14:00,5,13.1,35,1.8
16/03/2022 15:00,1,14.3,232,1.8
16/03/2022 15:00,2,12.8,338,3
16/03/2022 15:00,3,9.8,5,3.1
16/03/2022 15:00,4,10.1,131,3.8
16/03/2022 15:00,5,14.5,224,2.2
16/03/2022 16:00,1,9.6,240,2.3
16/03/2022 16:00,2,10.3,263,3.1
16/03/2022 16:00,3,9.8,170,2.2
16/03/2022 16:00,4,14.9,15,2.1
16/03/2022 16:00,5,10.6,265,3.8
16/03/2022 17:00,1,12,31,2.4
16/03/2022 17:00,2,9.5,208,2.9
16/03/2022 17:00,3,14.6,246,2.3
16/03/2022 17:00,4,14.7,190,2
16/03/2022 17:00,5,14.4,16,3.9
16/03/2022 18:00,1,14.5,59,2
16/03/2022 18:00,2,13.2,65,2.1
16/03/2022 18:00,3,14.4,3,2.7
16/03/2022 18:00,4,10.4,201,2.7
16/03/2022 18:00,5,11.5,43,3.2
16/03/2022 19:00,1,14,317,1.8
16/03/2022 19:00,2,12.8,201,3.1
16/03/2022 19:00,3,14.8,250,2.5
16/03/2022 19:00,4,11.1,38,3.5
16/03/2022 19:00,5,9.7,259,2.2
16/03/2022 20:00,1,9.3,178,4.3
16/03/2022 20:00,2,12.2,197,2.7
16/03/2022 20:00,3,13.1,224,3.2
16/03/2022 20:00,4,10.1,302,1.9
16/03/2022 20:00,5,14.7,69,4
16/03/2022 21:00,1,13.1,198,3.4
16/03/2022 21:00,2,10.5,181,2
16/03/2022 21:00,3,10.5,221,2.6
16/03/2022 21:00,4,9.9,84,4.4
16/03/2022 21:00,5,13.4,148,3
16/03/2022 22:00,1,9.7,1,2.9
16/03/2022 22:00,2,9.8,59,3.2
16/03/2022 22:00,3,13.9,171,1.8
16/03/2022 22:00,4,10.8,241,2.2
16/03/2022 22:00,5,11.3,292,4.3
16/03/2022 23:00,1,9.2,191,3.6
16/03/2022 23:00,2,11.7,41,3.1
16/03/2022 23:00,3,9.2,256,2.4
16/03/2022 23:00,4,12.7,208,2.7
16/03/2022 23:00,5,14.2,350,1.8
17/03/2022 00:00,1,14.9,263,2.7
17/03/2022 00:00,2,10.9,228,4.5
17/03/2022 00:00,3,14.8,166,4.1
17/03/2022 00:00,4,10.3,292,3.7
17/03/2022 00:00,5,10.6,335,1.9
17/03/2022 01:00,1,13.1,1,3.7
17/03/2022 01:00,2,11.2,245,1.8
17/03/2022 01:00,3,9.7,333,3.5
17/03/2022 01:00,4,14.3,301,3.8
17/03/2022 01:00,5,13.6,134,2.6
17/03/2022 02:00,1,11.9,40,2.7
17/03/2022 02:00,2,9.9,62,2.3
17/03/2022 02:00,3,11.8,99,4.4
17/03/2022 02:00,4,11.5,164,3.8
17/03/2022 02:00,5,10.4,124,2
17/03/2022 03:00,1,10.1,297,3.8
17/03/2022 03:00,2,10.2,273,1.9
17/03/2022 03:00,3,11.4,335,3.6
17/03/2022 03:00,4,10.2,259,2.6
17/03/2022 03:00,5,12.3,356,2.1
17/03/2022 04:00,1,10.7,198,2.2
17/03/2022 04:00,2,12.3,138,4.2
17/03/2022 04:00,3,9.3,135,4.2
17/03/2022 04:00,4,14.9,113,2.7
17/03/2022 04:00,5,13.8,49,3.7
17/03/2022 05:00,1,13.7,338,1.9
17/03/2022 05:00,2,9.3,76,4.4
17/03/2022 05:00,3,9.7,177,2.5
17/03/2022 05:00,4,9.7,340,3.2
17/03/2022 05:00,5,14.2,118,2.8
17/03/2022 06:00,1,12.9,150,4.1
17/03/2022 06:00,2,12.3,173,2.9
17/03/2022 06:00,3,14.1,14,2.3
17/03/2022 06:00,4,12.9,111,4.5
17/03/2022 06:00,5,13.6,186,3.8
17/03/2022 07:00,1,11,121,2.3
17/03/2022 07:00,2,9.6,244,3.1
17/03/2022 07:00,3,12.1,23,1.5
17/03/2022 07:00,4,9.4,296,3.7
17/03/2022 07:00,5,10.7,355,2.4
17/03/2022 08:00,1,14.9,138,2.3
17/03/2022 08:00,2,11.1,131,2.6
17/03/2022 08:00,3,11.3,247,3.4
17/03/2022 08:00,4,14,244,3.7
17/03/2022 08:00,5,12.9,102,1.6
17/03/2022 09:00,1,11.7,183,3.2
17/03/2022 09:00,2,9,226,1.5
17/03/2022 09:00,3,9.3,98,2.7
17/03/2022 09:00,4,9.5,87,1.9
17/03/2022 09:00,5,10.4,288,3.8
17/03/2022 10:00,1,11,265,4.4
17/03/2022 10:00,2,11.4,357,2.4
17/03/2022 10:00,3,11.2,230,3.4
17/03/2022 10:00,4,13.7,291,3.2
17/03/2022 10:00,5,14,153,1.8
17/03/2022 11:00,1,9.4,222,2.8
17/03/2022 11:00,2,13.3,224,3.3
17/03/2022 11:00,3,10.7,173,4.3
17/03/2022 11:00,4,9.4,80,3.2
17/03/2022 11:00,5,13.3,328,3.1
17/03/2022 12:00,1,9.1,19,3.1
17/03/2022 12:00,2,11.1,62,1.6
17/03/2022 12:00,3,10.1,71,2.6
17/03/2022 12:00,4,10,268,1.8
17/03/2022 12:00,5,10.8,292,4.1
17/03/2022 13:00,1,13.5,18,1.6
17/03/2022 13:00,2,10.2,329,4.1
17/03/2022 13:00,3,11.9,160,4.1
17/03/2022 13:00,4,13.4,84,1.8
17/03/2022 13:00,5,12.8,78,4.3
17/03/2022 14:00,1,13.8,209,2.3
17/03/2022 14:00,2,9.8,247,3.9
17/03/2022 14:00,3,11.7,133,2.3
17/03/2022 14:00,4,9.9,57,1.8
17/03/2022 14:00,5,14.2,137,4.3
17/03/2022 15:00,1,14.7,285,4.4
17/03/2022 15:00,2,11.4,16,3.3
17/03/2022 15:00,3,11,6,2
17/03/2022 15:00,4,9.3,15,3.3
17/03/2022 15:00,5,13.5,149,3.2
17/03/2022 16:00,1,14.1,160,3.5
17/03/2022 16:00,2,9.8,262,2.2
17/03/2022 16:00,3,13.2,107,3.4
17/03/2022 16:00,4,13.2,314,4
17/03/2022 16:00,5,13.8,310,2.2
17/03/2022 17:00,1,9.5,79,3
17/03/2022 17:00,2,12.8,86,4.4
17/03/2022 17:00,3,11.3,128,3.6
17/03/2022 17:00,4,13.9,278,3
17/03/2022 17:00,5,9.2,57,2.7
17/03/2022 18:00,1,14.7,9,3.6
17/03/2022 18:00,2,13.9,136,3.9
17/03/2022 18:00,3,12.6,331,4
17/03/2022 18:00,4,13.9,223,3.1
17/03/2022 18:00,5,11.2,241,2.8
17/03/2022 19:00,1,11.9,331,1.9
17/03/2022 19:00,2,12.5,347,2.1
17/03/2022 19:00,3,14.9,97,3.3
17/03/2022 19:00,4,14.6,132,3.8
17/03/2022 19:00,5,12.5,98,2.1
17/03/2022 20:00,1,12.1,57,4.4
17/03/2022 20:00,2,9.5,140,2.1
17/03/2022 20:00,3,14.3,161,3.3
17/03/2022 20:00,4,9.3,325,2.7
17/03/2022 20:00,5,13.9,149,1.9
17/03/2022 21:00,1,9.3,89,2.3
17/03/2022 21:00,2,9.4,279,1.6
17/03/2022 21:00,3,11.9,124,4.2
17/03/2022 21:00,4,14,39,2.2
17/03/2022 21:00,5,13.9,43,4.2
17/03/2022 22:00,1,10.4,311,3
17/03/2022 22:00,2,13.6,327,2.3
17/03/2022 22:00,3,14.9,199,3.4
17/03/2022 22:00,4,11,166,2.3
17/03/2022 22:00,5,11.9,162,4.4
17/03/2022 23:00,1,10.1,292,3.3
17/03/2022 23:00,2,14.3,358,2.6
17/03/2022 23:00,3,9.5,118,1.9
17/03/2022 23:00,4,14.7,111,1.9
17/03/2022 23:00,5,11,326,2.1
18/03/2022 00:00,1,14.7,146,3.4
18/03/2022 00:00,2,13.3,139,4.1
18/03/2022 00:00,3,12.5,126,2.2
18/03/2022 00:00,4,12.9,60,3.9
18/03/2022 00:00,5,11.7,248,3.5
18/03/2022 01:00,1,10.4,25,2.3
18/03/2022 01:00,2,13.6,315,4.3
18/03/2022 01:00,3,12.4,288,4.3
18/03/2022 01:00,4,13.5,10,1.8
18/03/2022 01:00,5,11.1,238,3.9
18/03/2022 02:00,1,13.2,329,4
18/03/2022 02:00,2,9.1,67,1.8
18/03/2022 02:00,3,9.4,132,2.3
18/03/2022 02:00,4,12,348,3.8
18/03/2022 02:00,5,9.5,3,3.8
18/03/2022 03:00,1,14.8,212,2.5
18/03/2022 03:00,2,13.7,114,3
18/03/2022 03:00,3,12.6,267,3.8
18/03/2022 03:00,4,13.7,230,1.8
18/03/2022 03:00,5,13.4,104,2.7
18/03/2022 04:00,1,13.5,242,2.6
18/03/2022 04:00,2,9.4,278,2.2
18/03/2022 04:00,3,14.4,60,1.6
18/03/2022 04:00,4,13.6,8,3.3
18/03/2022 04:00,5,9.7,17,4.2
18/03/2022 05:00,1,12.5,359,3.2
18/03/2022 05:00,2,9,83,3.1
18/03/2022 05:00,3,11,305,4.5
18/03/2022 05:00,4,11.2,77,2.1
18/03/2022 05:00,5,10.3,106,2.7
18/03/2022 06:00,1,15,117,4.3
18/03/2022 06:00,2,12.5,201,2.6
18/03/2022 06:00,3,14,155,3
18/03/2022 06:00,4,12.9,101,3.1
18/03/2022 06:00,5,13,210,2.3
18/03/2022 07:00,1,11,55,1.9
18/03/2022 07:00,2,13.3,174,3.5
18/03/2022 07:00,3,13.6,89,3.3
18/03/2022 07:00,4,10.3,22,1.6
18/03/2022 07:00,5,10.5,120,2.7
18/03/2022 08:00,1,14.8,2,1.6
18/03/2022 08:00,2,13.9,29,2.9
18/03/2022 08:00,3,14.4,239,2
18/03/2022 08:00,4,9.5,348,1.6
18/03/2022 08:00,5,10.2,116,3.1
18/03/2022 09:00,1,9.8,102,4
18/03/2022 09:00,2,11.5,142,1.5
18/03/2022 09:00,3,13.5,279,3.8
18/03/2022 09:00,4,13.7,132,4.3
18/03/2022 09:00,5,14.3,137,3.7
18/03/2022 10:00,1,13.4,225,2.2
18/03/2022 10:00,2,12.2,68,2.4
18/03/2022 10:00,3,13.1,335,4.3
18/03/2022 10:00,4,11.9,184,3.9
18/03/2022 10:00,5,9.3,238,1.9
18/03/2022 11:00,1,12.9,78,2
18/03/2022 11:00,2,12.9,99,1.6
18/03/2022 11:00,3,13.2,340,2.2
18/03/2022 11:00,4,14.2,76,2.3
18/03/2022 11:00,5,11,1,2
18/03/2022 12:00,1,9.1,70,3.7
18/03/2022 12:00,2,9.5,298,2.3
18/03/2022 12:00,3,11.9,262,2
18/03/2022 12:00,4,12.8,48,3.7
18/03/2022 12:00,5,11.1,315,2.3
18/03/2022 13:00,1,13.4,77,3.8
18/03/2022 13:00,2,13.1,262,1.7
18/03/2022 13:00,3,14.2,281,1.6
18/03/2022 13:00,4,10.1,172,4.2
18/03/2022 13:00,5,14,118,2.3
18/03/2022 14:00,1,13.9,91,2.1
18/03/2022 14:00,2,10.4,339,3.5
18/03/2022 14:00,3,13,231,3.3
18/03/2022 14:00,4,12,228,3.1
18/03/2022 14:00,5,12.8,356,3.8
18/03/2022 15:00,1,12.9,72,3.9
18/03/2022 15:00,2,14.6,347,3.6
18/03/2022 15:00,3,13.4,0,4
18/03/2022 15:00,4,9.3,245,3.4
18/03/2022 15:00,5,11.8,48,2.8
18/03/2022 16:00,1,11.7,23,3.5
18/03/2022 16:00,2,9.8,163,1.6
18/03/2022 16:00,3,14.6,174,1.5
18/03/2022 16:00,4,10,139,2.2
18/03/2022 16:00,5,10,311,2.3
18/03/2022 17:00,1,11.6,63,2.5
18/03/2022 17:00,2,9.4,350,3.5
18/03/2022 17:00,3,9.3,189,2.6
18/03/2022 17:00,4,14.6,300,1.7
18/03/2022 17:00,5,9,161,1.5
18/03/2022 18:00,1,10.4,88,2.6
18/03/2022 18:00,2,14.4,135,3.1
18/03/2022 18:00,3,12.9,170,2.5
18/03/2022 18:00,4,13.1,253,3
18/03/2022 18:00,5,10.5,321,2.4
18/03/2022 19:00,1,14.9,134,4.5
18/03/2022 19:00,2,9.1,207,3.6
18/03/2022 19:00,3,9.2,82,2.4
18/03/2022 19:00,4,14.6,332,4.4
18/03/2022 19:00,5,12.3,206,4
18/03/2022 20:00,1,10.7,297,3.9
18/03/2022 20:00,2,13.5,247,2.6
18/03/2022 20:00,3,12.4,160,2.2
18/03/2022 20:00,4,9.3,248,2.2
18/03/2022 20:00,5,14.8,59,1.7
18/03/2022 21:00,1,10.9,17,3.6
18/03/2022 21:00,2,9,310,2.8
18/03/2022 21:00,3,10.5,218,2.9
18/03/2022 21:00,4,13.2,308,2.5
18/03/2022 21:00,5,12.1,137,2
18/03/2022 22:00,1,11.5,26,2
18/03/2022 22:00,2,13,127,2.8
18/03/2022 22:00,3,12,122,3.7
18/03/2022 22:00,4,10.3,56,2.5
18/03/2022 22:00,5,13.4,283,4.2
18/03/2022 23:00,1,10.1,172,4.4
18/03/2022 23:00,2,15,133,1.6
18/03/2022 23:00,3,9.7,184,3.5
18/03/2022 23:00,4,10.4,175,4.5
18/03/2022 23:00,5,12.6,274,4
19/03/2022 00:00,1,13,321,2.2
19/03/2022 00:00,2,9.9,8,1.7
19/03/2022 00:00,3,12.2,134,1.8
19/03/2022 00:00,4,13.4,78,4.3
19/03/2022 00:00,5,11.2,279,3.7
19/03/2022 01:00,1,10.5,164,3.9
19/03/2022 01:00,2,11.5,301,3.1
19/03/2022 01:00,3,13.9,278,3
19/03/2022 01:00,4,13.9,112,1.5
19/03/2022 01:00,5,12.8,157,2.7
19/03/2022 02:00,1,10.6,98,2.6
19/03/2022 02:00,2,14.3,321,4.4
19/03/2022 02:00,3,9.3,270,3.3
19/03/2022 02:00,4,12.1,49,2.2
19/03/2022 02:00,5,12.9,17,3.7
19/03/2022 03:00,1,13.8,10,2.6
19/03/2022 03:00,2,11.6,48,2
19/03/2022 03:00,3,9.4,340,2.9
19/03/2022 03:00,4,12.5,189,2.2
19/03/2022 03:00,5,10,308,2.5
19/03/2022 04:00,1,14.7,171,4
19/03/2022 04:00,2,12.9,187,2.6
19/03/2022 04:00,3,13.3,32,3.3
19/03/2022 04:00,4,11.5,350,2.2
19/03/2022 04:00,5,12.5,140,2.2
19/03/2022 05:00,1,10.9,328,3
19/03/2022 05:00,2,11.2,17,2.2
19/03/2022 05:00,3,14.4,355,1.8
19/03/2022 05:00,4,14.4,89,2.6
19/03/2022 05:00,5,12.4,133,4.5
19/03/2022 06:00,1,13.6,357,3.5
19/03/2022 06:00,2,14.5,272,3.5
19/03/2022 06:00,3,14.4,55,2
19/03/2022 06:00,4,9.4,178,1.9
19/03/2022 06:00,5,9,144,3
19/03/2022 07:00,1,9.5,224,3.8
19/03/2022 07:00,2,11.8,291,4.3
19/03/2022 07:00,3,11.7,306,3.8
19/03/2022 07:00,4,11.5,210,4.4
19/03/2022 07:00,5,13.3,73,2.3
19/03/2022 08:00,1,14.2,290,1.8
19/03/2022 08:00,2,12.6,328,1.8
19/03/2022 08:00,3,14.6,3,2.3
19/03/2022 08:00,4,9.7,317,1.5
19/03/2022 08:00,5,14,313,4.5
19/03/2022 09:00,1,11,33,3.4
19/03/2022 09:00,2,10.4,201,2.5
19/03/2022 09:00,3,9.9,17,3.5
19/03/2022 09:00,4,13,220,2.8
19/03/2022 09:00,5,11.9,7,2.1
19/03/2022 10:00,1,13.4,112,2.1
19/03/2022 10:00,2,11.8,216,1.5
19/03/2022 10:00,3,14.4,345,3.6
19/03/2022 10:00,4,13.6,253,1.6
19/03/2022 10:00,5,13.6,163,2.9
19/03/2022 11:00,1,11.4,356,1.9
19/03/2022 11:00,2,12.1,213,4.4
19/03/2022 11:00,3,12.9,140,2.9
19/03/2022 11:00,4,14.1,250,1.6
19/03/2022 11:00,5,9.4,80,4.5
19/03/2022 12:00,1,11.3,319,3.6
19/03/2022 12:00,2,11.8,249,3.9
19/03/2022 12:00,3,11.8,9,2.5
19/03/2022 12:00,4,9.1,207,4.4
19/03/2022 12:00,5,13.2,222,3.5
19/03/2022 13:00,1,12.3,174,4.4
19/03/2022 13:00,2,9.3,260,2.3
19/03/2022 13:00,3,14.7,9,4.4
19/03/2022 13:00,4,11.6,341,4
19/03/2022 13:00,5,9.7,266,3.9
19/03/2022 14:00,1,11.5,204,2.2
19/03/2022 14:00,2,9.3,115,4.2
19/03/2022 14:00,3,12.1,132,4.4
19/03/2022 14:00,4,14.8,104,3.9
19/03/2022 14:00,5,11.7,101,3.8
19/03/2022 15:00,1,14.4,52,2.3
19/03/2022 15:00,2,10.8,340,3.1
19/03/2022 15:00,3,9.4,100,3.8
19/03/2022 15:00,4,9.2,90,1.7
19/03/2022 15:00,5,13.8,221,4.2
19/03/2022 16:00,1,14.5,4,3.4
19/03/2022 16:00,2,14.7,32,2.4
19/03/2022 16:00,3,14.3,126,4.2
19/03/2022 16:00,4,13.2,256,2.5
19/03/2022 16:00,5,13,275,2.8
19/03/2022 17:00,1,11.5,179,2.5
19/03/2022 17:00,2,12.2,33,1.5
19/03/2022 17:00,3,11.7,72,4.5
19/03/2022 17:00,4,13.6,20,3
19/03/2022 17:00,5,12.4,23,2.8
19/03/2022 18:00,1,13.9,245,4.1
19/03/2022 18:00,2,9.2,72,4
19/03/2022 18:00,3,11.7,160,3.4
19/03/2022 18:00,4,14.6,102,3.2
19/03/2022 18:00,5,13.1,185,3.5
19/03/2022 19:00,1,11.4,242,2.9
19/03/2022 19:00,2,9.6,304,2.6
19/03/2022 19:00,3,9.6,36,3.8
19/03/2022 19:00,4,12,38,3.2
19/03/2022 19:00,5,9.8,291,2.2
19/03/2022 20:00,1,13,232,4.1
19/03/2022 20:00,2,12.4,89,2
19/03/2022 20:00,3,14.1,41,2
19/03/2022 20:00,4,11.3,16,3.7
19/03/2022 20:00,5,9.6,72,3
19/03/2022 21:00,1,9.6,313,2.8
19/03/2022 21:00,2,10.7,34,3.1
19/03/2022 21:00,3,9.9,26,3.6
19/03/2022 21:00,4,10.5,57,2.4
19/03/2022 21:00,5,14.6,217,2.3
19/03/2022 22:00,1,9.7,289,3.4
19/03/2022 22:00,2,10.1,214,2.3
19/03/2022 22:00,3,11.1,91,1.9
19/03/2022 22:00,4,11.4,28,2.4
19/03/2022 22:00,5,9.9,288,4
19/03/2022 23:00,1,12.3,104,4.5
19/03/2022 23:00,2,12.4,160,1.5
19/03/2022 23:00,3,10.5,224,2.4
19/03/2022 23:00,4,13.3,284,3
19/03/2022 23:00,5,13,46,3.2
20/03/2022 00:00,1,13.8,141,2.9
20/03/2022 00:00,2,9.1,161,3.3
20/03/2022 00:00,3,14.1,20,3
20/03/2022 00:00,4,11.4,255,3.3
20/03/2022 00:00,5,10.4,122,4.4
20/03/2022 01:00,1,11.9,355,2.4
20/03/2022 01:00,2,13.5,222,4.1
20/03/2022 01:00,3,14.2,2,1.7
20/03/2022 01:00,4,12.2,155,1.6
20/03/2022 01:00,5,12.7,248,3.1
20/03/2022 02:00,1,9.1,160,3.2
20/03/2022 02:00,2,11.3,3,3.5
20/03/2022 02:00,3,10.2,48,2.1
20/03/2022 02:00,4,9.4,169,1.8
20/03/2022 02:00,5,13.7,350,4.2
20/03/2022 03:00,1,9.7,231,2.1
20/03/2022 03:00,2,9.7,287,1.7
20/03/2022 03:00,3,10.6,63,3.9
20/03/2022 03:00,4,14.5,310,2.5
20/03/2022 03:00,5,14,159,3.4
20/03/2022 04:00,1,12.3,138,2
20/03/2022 04:00,2,11,84,3.3
20/03/2022 04:00,3,11,191,3.5
20/03/2022 04:00,4,10.9,325,2.4
20/03/2022 04:00,5,12.8,326,4.4
20/03/2022 05:00,1,12.2,117,3.3
20/03/2022 05:00,2,11.1,336,2.2
20/03/2022 05:00,3,14.2,349,1.9
20/03/2022 05:00,4,11,178,2.1
20/03/2022 05:00,5,10.3,116,3.6
20/03/2022 06:00,1,13,297,2.6
20/03/2022 06:00,2,9.4,272,3.1
20/03/2022 06:00,3,12.8,347,4.2
20/03/2022 06:00,4,9.3,1,2.7
20/03/2022 06:00,5,10.7,337,4
20/03/2022 07:00,1,11.6,111,1.6
20/03/2022 07:00,2,11,322,4.2
20/03/2022 07:00,3,9.5,234,2.1
20/03/2022 07:00,4,14.4,190,1.6
20/03/2022 07:00,5,12.7,337,2
20/03/2022 08:00,1,9.3,336,3.1
20/03/2022 08:00,2,13.4,179,4.5
20/03/2022 08:00,3,12.6,230,2.4
20/03/2022 08:00,4,13,274,2.3
20/03/2022 08:00,5,13.4,90,4.3
20/03/2022 09:00,1,11.7,319,1.8
20/03/2022 09:00,2,12.7,298,1.7
20/03/2022 09:00,3,11.4,185,4
20/03/2022 09:00,4,11,111,2.2
20/03/2022 09:00,5,10.6,263,3.8
20/03/2022 10:00,1,13.8,288,3.6
20/03/2022 10:00,2,14.2,163,2.2
20/03/2022 10:00,3,13.4,64,4.5
20/03/2022 10:00,4,10.1,344,2.9
20/03/2022 10:00,5,10.7,111,4.4
20/03/2022 11:00,1,14.6,125,3.6
20/03/2022 11:00,2,10.1,145,2.1
20/03/2022 11:00,3,9.7,102,3.1
20/03/2022 11:00,4,14,153,3.5
20/03/2022 11:00,5,9.9,290,1.7
20/03/2022 12:00,1,14.4,7,3.8
20/03/2022 12:00,2,11.5,208,3.7
20/03/2022 12:00,3,11.2,181,3.2
20/03/2022 12:00,4,14.2,35,2.3
20/03/2022 12:00,5,9,26,1.8
20/03/2022 13:00,1,13.1,280,3.1
20/03/2022 13:00,2,14.1,192,1.8
20/03/2022 13:00,3,10.1,270,1.7
20/03/2022 13:00,4,11.4,111,2.4
20/03/2022 13:00,5,10.5,48,2.7
20/03/2022 14:00,1,13.3,286,3.6
20/03/2022 14:00,2,9.1,45,1.7
20/03/2022 14:00,3,13.3,73,1.8
20/03/2022 14:00,4,11.3,14,4.1
20/03/2022 14:00,5,13,258,3.6
20/03/2022 15:00,1,13.8,26,2
20/03/2022 15:00,2,13.1,89,3.6
20/03/2022 15:00,3,14,175,3.6
20/03/2022 15:00,4,12.8,310,1.6
20/03/2022 15:00,5,13.9,22,3.6
20/03/2022 16:00,1,14.2,335,1.6
20/03/2022 16:00,2,14.2,345,2.3
20/03/2022 16:00,3,11.3,301,3
20/03/2022 16:00,4,13.7,250,2.2
20/03/2022 16:00,5,11.6,252,3.5
20/03/2022 17:00,1,14.4,192,3.4
20/03/2022 17:00,2,14.4,153,1.8
20/03/2022 17:00,3,12.2,205,1.9
20/03/2022 17:00,4,14.7,207,2.5
20/03/2022 17:00,5,12.3,144,2.3
20/03/2022 18:00,1,12.2,319,2.8
20/03/2022 18:00,2,9.8,353,2.7
20/03/2022 18:00,3,12.2,63,1.7
20/03/2022 18:00,4,9,255,3.7
20/03/2022 18:00,5,13.5,266,3.3
20/03/2022 19:00,1,10.7,174,3.2
20/03/2022 19:00,2,10,72,1.8
20/03/2022 19:00,3,13.7,264,3.5
20/03/2022 19:00,4,14.2,168,2.1
20/03/2022 19:00,5,12.5,279,3.4
20/03/2022 20:00,1,10.6,308,2
20/03/2022 20:00,2,10.9,94,1.7
20/03/2022 20:00,3,9.1,93,3.5
20/03/2022 20:00,4,9.4,287,4.2
20/03/2022 20:00,5,13.2,255,2.9
20/03/2022 21:00,1,9.5,144,2.7
20/03/2022 21:00,2,13.3,20,3.8
20/03/2022 21:00,3,14.7,332,3.2
20/03/2022 21:00,4,9.5,321,1.6
20/03/2022 21:00,5,12.6,10,1.7
20/03/2022 22:00,1,12.5,244,2.5
20/03/2022 22:00,2,11,215,2.1
20/03/2022 22:00,3,13.4,124,4.4
20/03/2022 22:00,4,9.5,257,2.4
20/03/2022 22:00,5,13.9,0,2.9
20/03/2022 23:00,1,12.6,11,2.3
20/03/2022 23:00,2,11,113,2.2
20/03/2022 23:00,3,9,92,3.1
20/03/2022 23:00,4,13.5,108,2.1
20/03/2022 23:00,5,13.7,110,2.6
21/03/2022 00:00,1,12.9,111,2.8
21/03/2022 00:00,2,11.3,325,3.7
21/03/2022 00:00,3,10.7,158,3.6
21/03/2022 00:00,4,12.8,138,3.3
21/03/2022 00:00,5,14.1,111,3.5
21/03/2022 01:00,1,10.5,221,3.1
21/03/2022 01:00,2,10.9,182,3.1
21/03/2022 01:00,3,13.3,286,2.9
21/03/2022 01:00,4,13.8,230,1.6
21/03/2022 01:00,5,10.6,341,2.9
21/03/2022 02:00,1,14.1,356,3.4
21/03/2022 02:00,2,9.1,161,3.8
21/03/2022 02:00,3,13.5,346,4.3
21/03/2022 02:00,4,12.2,227,4
21/03/2022 02:00,5,14,29,3.4
21/03/2022 03:00,1,11.6,178,2.7
21/03/2022 03:00,2,10.4,350,3.9
21/03/2022 03:00,3,10.8,247,2.4
21/03/2022 03:00,4,9.2,54,2.6
21/03/2022 03:00,5,14.6,118,2.9
21/03/2022 04:00,1,10.7,348,3.8
21/03/2022 04:00,2,9.8,207,4.4
21/03/2022 04:00,3,12.3,251,3.8
21/03/2022 04:00,4,10.8,71,3.8
21/03/2022 04:00,5,13.7,181,3.8
21/03/2022 05:00,1,9.7,37,3.1
21/03/2022 05:00,2,12,217,2.3
21/03/2022 05:00,3,11.3,158,1.8
21/03/2022 05:00,4,13.9,137,1.6
21/03/2022 05:00,5,11.9,112,4.2
21/03/2022 06:00,1,9.6,217,3.7
21/03/2022 06:00,2,13.9,3,1.8
21/03/2022 06:00,3,13.3,30,4.1
21/03/2022 06:00,4,13.9,70,1.6
21/03/2022 06:00,5,11.2,203,3.6
21/03/2022 07:00,1,13.8,112,1.7
21/03/2022 07:00,2,14.7,232,4
21/03/2022 07:00,3,14,85,2.2
21/03/2022 07:00,4,14.5,277,2.8
21/03/2022 07:00,5,9.3,232,2.8
21/03/2022 08:00,1,10.6,222,4.1
21/03/2022 08:00,2,14.9,61,3.2
21/03/2022 08:00,3,14.5,319,3
21/03/2022 08:00,4,13.7,316,2.7
21/03/2022 08:00,5,10.3,187,2.1
21/03/2022 09:00,1,13.4,221,3.7
21/03/2022 09:00,2,11.4,81,1.7
21/03/2022 09:00,3,14.4,65,2.9
21/03/2022 09:00,4,14.3,251,2.4
21/03/2022 09:00,5,9.8,64,3.1
21/03/2022 10:00,1,14.3,79,3.6
21/03/2022 10:00,2,14.9,328,4.4
21/03/2022 10:00,3,13.9,147,3
21/03/2022 10:00,4,11.4,182,2.1
21/03/2022 10:00,5,11.1,188,1.9
21/03/2022 11:00,1,13.8,153,2.1
21/03/2022 11:00,2,14.3,132,2.3
21/03/2022 11:00,3,10.7,340,3.3
21/03/2022 11:00,4,11.8,329,2.4
21/03/2022 11:00,5,13.5,83,3.4
21/03/2022 12:00,1,9.6,305,3.6
21/03/2022 12:00,2,14.7,75,4.2
21/03/2022 12:00,3,11.3,277,4.2
21/03/2022 12:00,4,13.3,357,4.4
21/03/2022 12:00,5,9.7,233,1.8
21/03/2022 13:00,1,11.5,333,4.2
21/03/2022 13:00,2,9.6,10,3.7
21/03/2022 13:00,3,14.8,83,4.3
21/03/2022 13:00,4,9.2,110,3.6
21/03/2022 13:00,5,11.7,202,1.7
21/03/2022 14:00,1,13.4,190,2
21/03/2022 14:00,2,11.2,194,3.9
21/03/2022 14:00,3,14.1,73,4.4
21/03/2022 14:00,4,11,46,2.1
21/03/2022 14:00,5,10.4,89,1.6
21/03/2022 15:00,1,13.4,170,2.5
21/03/2022 15:00,2,12.6,172,4.2
21/03/2022 15:00,3,12.6,256,3.5
21/03/2022 15:00,4,12.7,328,3.1
21/03/2022 15:00,5,12.4,234,2.3
21/03/2022 16:00,1,13.6,235,1.9
21/03/2022 16:00,2,13.1,232,3.5
21/03/2022 16:00,3,10.9,53,3.6
21/03/2022 16:00,4,14.5,143,2.7
21/03/2022 16:00,5,12.3,11,1.7
21/03/2022 17:00,1,12.5,119,2.5
21/03/2022 17:00,2,14.4,327,2.9
21/03/2022 17:00,3,13.2,160,3.6
21/03/2022 17:00,4,10.9,100,2.5
21/03/2022 17:00,5,13.3,36,1.6
21/03/2022 18:00,1,11.8,124,4.4
21/03/2022 18:00,2,11.9,153,2.1
21/03/2022 18:00,3,13.3,195,1.5
21/03/2022 18:00,4,9.8,45,3.6
21/03/2022 18:00,5,10.5,192,2
21/03/2022 19:00,1,9.4,44,2.5
21/03/2022 19:00,2,12.6,175,1.8
21/03/2022 19:00,3,13.2,218,2.1
21/03/2022 19:00,4,11.1,355,3.8
21/03/2022 19:00,5,14.4,226,2.5
21/03/2022 20:00,1,10.3,26,4
21/03/2022 20:00,2,10.8,324,1.9
21/03/2022 20:00,3,14.4,143,4
21/03/2022 20:00,4,14.4,217,2.8
21/03/2022 20:00,5,12.2,31,2.2
21/03/2022 21:00,1,13.6,47,3.5
21/03/2022 21:00,2,11.1,186,3.5
21/03/2022 21:00,3,9.8,217,3.2
21/03/2022 21:00,4,11.4,260,2.6
21/03/2022 21:00,5,10.6,341,3.7
21/03/2022 22:00,1,11.3,255,3.6
21/03/2022 22:00,2,12.2,125,2.8
21/03/2022 22:00,3,9.9,35,4.3
21/03/2022 22:00,4,10,250,4.2
21/03/2022 22:00,5,9.7,312,3.2
21/03/2022 23:00,1,11.2,318,3.1
21/03/2022 23:00,2,14.4,279,2.7
21/03/2022 23:00,3,13.6,74,4.2
21/03/2022 23:00,4,13.4,34,4.5
21/03/2022 23:00,5,13.1,18,3.4
22/03/2022 00:00,1,9,64,3
22/03/2022 00:00,2,10.3,1,4.2
22/03/2022 00:00,3,15,226,2.1
22/03/2022 00:00,4,14.6,240,3.6
22/03/2022 00:00,5,13.9,268,2.4
22/03/2022 01:00,1,13.1,287,1.7
22/03/2022 01:00,2,14.4,72,2.5
22/03/2022 01:00,3,9.7,18,1.7
22/03/2022 01:00,4,12,39,3.8
22/03/2022 01:00,5,13.8,177,3.9
22/03/2022 02:00,1,10.1,191,4.2
22/03/2022 02:00,2,10.2,79,3.5
22/03/2022 02:00,3,12.4,145,3.2
22/03/2022 02:00,4,11.3,195,3.5
22/03/2022 02:00,5,10.3,358,3.8
22/03/2022 03:00,1,11.2,215,2.1
22/03/2022 03:00,2,14,228,2.1
22/03/2022 03:00,3,13.8,348,2.8
22/03/2022 03:00,4,10.6,81,2.4
22/03/2022 03:00,5,12.7,206,2.6
22/03/2022 04:00,1,11.6,347,3.3
22/03/2022 04:00,2,11.1,204,2.5
22/03/2022 04:00,3,14.2,312,4.1
22/03/2022 04:00,4,10.7,116,4.2
22/03/2022 04:00,5,13.2,3,2.9
22/03/2022 05:00,1,10.9,19,2.1
22/03/2022 05:00,2,11.9,218,4
22/03/2022 05:00,3,12.3,104,2.2
22/03/2022 05:00,4,11.1,190,2.1
22/03/2022 05:00,5,11.8,112,2.5
22/03/2022 06:00,1,14.5,73,1.8
22/03/2022 06:00,2,12.8,102,3.4
22/03/2022 06:00,3,14.4,343,3.1
22/03/2022 06:00,4,10.2,95,3.9
22/03/2022 06:00,5,14.8,7,2.3
22/03/2022 07:00,1,10.5,142,3.2
22/03/2022 07:00,2,10.9,154,3.2
22/03/2022 07:00,3,12.5,175,1.6
22/03/2022 07:00,4,11.3,350,2.8
22/03/2022 07:00,5,9.3,111,3.1
22/03/2022 08:00,1,14.4,133,2
22/03/2022 08:00,2,10.2,154,2.1
22/03/2022 08:00,3,12.8,89,1.8
22/03/2022 08:00,4,10,290,4.5
22/03/2022 08:00,5,13.9,194,4.3
22/03/2022 09:00,1,10.1,326,2.6
22/03/2022 09:00,2,10.1,153,2.9
22/03/2022 09:00,3,12.7,32,4.4
22/03/2022 09:00,4,9.5,22,4.5
22/03/2022 09:00,5,9.4,129,1.9
22/03/2022 10:00,1,9.9,46,3.8
22/03/2022 10:00,2,13.7,328,4.5
22/03/2022 10:00,3,13.3,1,4
22/03/2022 10:00,4,11.6,18,4.3
22/03/2022 10:00,5,14.5,33,1.9
22/03/2022 11:00,1,11.8,173,4
22/03/2022 11:00,2,12,162,3.9
22/03/2022 11:00,3,12.5,51,3.7
22/03/2022 11:00,4,14.2,180,4.3
22/03/2022 11:00,5,14.9,295,2.1
22/03/2022 12:00,1,9.1,324,3.7
22/03/2022 12:00,2,14.5,226,2.2
22/03/2022 12:00,3,9.4,56,4.4
22/03/2022 12:00,4,12.8,45,2
22/03/2022 12:00,5,9.5,358,2.1
22/03/2022 13:00,1,14.1,139,3.1
22/03/2022 13:00,2,12.7,304,2
22/03/2022 13:00,3,13.8,159,2
22/03/2022 13:00,4,12.2,274,3.5
22/03/2022 13:00,5,10.8,274,4.4
22/03/2022 14:00,1,14.7,6,2.4
22/03/2022 14:00,2,13.2,208,2
22/03/2022 14:00,3,9.3,345,3.4
22/03/2022 14:00,4,13.5,136,3.9
22/03/2022 14:00,5,12.5,102,2.5
22/03/2022 15:00,1,9.7,335,2.3
22/03/2022 15:00,2,14.6,160,2.5
22/03/2022 15:00,3,12.6,154,2.8
22/03/2022 15:00,4,9,214,3.2
22/03/2022 15:00,5,12.4,139,2.3
22/03/2022 16:00,1,10.5,221,3.7
22/03/2022 16:00,2,14.3,62,2.3
22/03/2022 16:00,3,10.9,214,2.5
22/03/2022 16:00,4,12.8,119,1.9
22/03/2022 16:00,5,13.9,221,1.8
22/03/2022 17:00,1,12.8,220,3.8
22/03/2022 17:00,2,13.9,321,2.8
22/03/2022 17:00,3,14.7,84,3.3
22/03/2022 17:00,4,11.5,213,1.9
22/03/2022 17:00,5,9.5,128,1.8
22/03/2022 18:00,1,14.4,50,1.6
22/03/2022 18:00,2,9.5,1,3.6
22/03/2022 18:00,3,11.2,107,3.5
22/03/2022 18:00,4,13.3,114,3.3
22/03/2022 18:00,5,9.7,94,3.3
22/03/2022 19:00,1,9.2,103,2.2
22/03/2022 19:00,2,9.1,278,3
22/03/2022 19:00,3,12.6,184,1.7
22/03/2022 19:00,4,14.9,207,2.8
22/03/2022 19:00,5,12,165,2
22/03/2022 20:00,1,10.8,215,2.8
22/03/2022 20:00,2,10.4,260,3.6
22/03/2022 20:00,3,13.4,108,3
22/03/2022 20:00,4,9.7,332,3
22/03/2022 20:00,5,9,190,2.9
22/03/2022 21:00,1,9.4,54,4
22/03/2022 21:00,2,13.6,116,2.7
22/03/2022 21:00,3,10.2,106,2.3
22/03/2022 21:00,4,9.6,160,2.7
22/03/2022 21:00,5,13.7,136,2.7
22/03/2022 22:00,1,9.7,56,2.4
22/03/2022 22:00,2,14.3,188,1.6
22/03/2022 22:00,3,10.5,64,3.5
22/03/2022 22:00,4,9.9,84,2.9
22/03/2022 22:00,5,12.9,176,4.1
22/03/2022 23:00,1,13.1,319,1.7
22/03/2022 23:00,2,10,258,3
22/03/2022 23:00,3,11.8,10,4.5
22/03/2022 23:00,4,12,69,2.1
22/03/2022 23:00,5,12.5,285,4.3
23/03/2022 00:00,1,9.8,356,2.6
23/03/2022 00:00,2,9.4,267,3
23/03/2022 00:00,3,14.6,350,1.7
23/03/2022 00:00,4,13.3,312,4.3
23/03/2022 00:00,5,13.2,355,2.1
23/03/2022 01:00,1,10.9,123,3.8
23/03/2022 01:00,2,11,174,3.7
23/03/2022 01:00,3,14.8,355,3.1
23/03/2022 01:00,4,10.8,168,4.3
23/03/2022 01:00,5,14.4,282,1.6
23/03/2022 02:00,1,14.5,233,4.4
23/03/2022 02:00,2,10.6,288,3.8
23/03/2022 02:00,3,11.1,159,3.1
23/03/2022 02:00,4,10.7,52,4.1
23/03/2022 02:00,5,9.3,42,3.1
23/03/2022 03:00,1,13.5,199,1.7
23/03/2022 03:00,2,10.6,238,2.6
23/03/2022 03:00,3,10.3,75,2
23/03/2022 03:00,4,10.8,265,3
23/03/2022 03:00,5,14.2,345,3.5
23/03/2022 04:00,1,9.8,166,3.9
23/03/2022 04:00,2,9.9,302,2.2
23/03/2022 04:00,3,9.5,85,4.1
23/03/2022 04:00,4,9.6,303,3.8
23/03/2022 04:00,5,11.2,14,2.6
23/03/2022 05:00,1,14.9,213,2.4
23/03/2022 05:00,2,10,149,3.4
23/03/2022 05:00,3,10.6,359,3.3
23/03/2022 05:00,4,12.2,248,3.6
23/03/2022 05:00,5,10.9,257,2.7
23/03/2022 06:00,1,13.2,66,3.8
23/03/2022 06:00,2,10.3,45,3.1
23/03/2022 06:00,3,13.3,143,2.3
23/03/2022 06:00,4,9.1,287,3.9
23/03/2022 06:00,5,14.2,18,4.5
23/03/2022 07:00,1,9.3,359,3.4
23/03/2022 07:00,2,10.4,316,3.1
23/03/2022 07:00,3,13.6,68,2.3
23/03/2022 07:00,4,11.1,154,4.3
23/03/2022 07:00,5,13.8,344,3.2
23/03/2022 08:00,1,9.8,3,3.1
23/03/2022 08:00,2,10.3,93,2.6
23/03/2022 08:00,3,9.2,164,2.5
23/03/2022 08:00,4,9.5,30,2.5
23/03/2022 08:00,5,11.1,148,3.2
23/03/2022 09:00,1,14.3,95,4.2
23/03/2022 09:00,2,10.2,27,1.8
23/03/2022 09:00,3,11.5,103,3
23/03/2022 09:00,4,13.6,218,2.9
23/03/2022 09:00,5,11.5,234,1.7
23/03/2022 10:00,1,10.3,343,2.9
23/03/2022 10:00,2,12.2,190,2.3
23/03/2022 10:00,3,14.7,263,1.6
23/03/2022 10:00,4,11.7,238,1.9
23/03/2022 10:00,5,14.7,328,2
23/03/2022 11:00,1,10.5,323,4.4
23/03/2022 11:00,2,11.5,306,3.3
23/03/2022 11:00,3,11.6,51,4.2
23/03/2022 11:00,4,10.9,136,2.3
23/03/2022 11:00,5,11.5,183,4.3
23/03/2022 12:00,1,13.4,152,3.2
23/03/2022 12:00,2,11.9,209,1.6
23/03/2022 12:00,3,11.2,145,2.9
23/03/2022 12:00,4,10.6,289,2.7
23/03/2022 12:00,5,10.3,90,2.3
23/03/2022 13:00,1,9.6,333,4.1
23/03/2022 13:00,2,11.1,13,1.5
23/03/2022 13:00,3,11.5,112,3.1
23/03/2022 13:00,4,11.4,68,3.1
23/03/2022 13:00,5,14.8,220,3
23/03/2022 14:00,1,14.7,13,2
23/03/2022 14:00,2,9.9,176,3
23/03/2022 14:00,3,11.7,260,3.4
23/03/2022 14:00,4,11.3,311,4.2
23/03/2022 14:00,5,12.5,244,3.5
23/03/2022 15:00,1,11.3,356,3.8
23/03/2022 15:00,2,10.2,239,4.1
23/03/2022 15:00,3,13.2,95,1.5
23/03/2022 15:00,4,11,298,4.1
23/03/2022 15:00,5,13.4,96,4.2
23/03/2022 16:00,1,10.7,252,3.5
23/03/2022 16:00,2,14.5,255,4
23/03/2022 16:00,3,13.9,287,2.1
23/03/2022 16:00,4,9.8,310,3
23/03/2022 16:00,5,9.3,338,1.6
23/03/2022 17:00,1,10.2,13,4.1
23/03/2022 17:00,2,14.7,309,3.1
23/03/2022 17:00,3,10,204,1.6
23/03/2022 17:00,4,11.1,24,2.8
23/03/2022 17:00,5,13.1,54,4.5
23/03/2022 18:00,1,12.3,169,3.1
23/03/2022 18:00,2,12.4,84,2.1
23/03/2022 18:00,3,13.7,169,1.8
23/03/2022 18:00,4,14.5,303,3.2
23/03/2022 18:00,5,10,191,1.7
23/03/2022 19:00,1,12,87,1.7
23/03/2022 19:00,2,9.8,96,3.4
23/03/2022 19:00,3,9.8,99,3.7
23/03/2022 19:00,4,9.3,270,2.7
23/03/2022 19:00,5,14.2,197,4
23/03/2022 20:00,1,11.4,162,3.1
23/03/2022 20:00,2,9.8,65,3.8
23/03/2022 20:00,3,12.1,160,3.8
23/03/2022 20:00,4,12.6,268,3
23/03/2022 20:00,5,14.7,214,2.7
23/03/2022 21:00,1,10.7,251,2
23/03/2022 21:00,2,12.8,199,1.8
23/03/2022 21:00,3,13.2,147,3.6
23/03/2022 21:00,4,11.8,257,1.8
23/03/2022 21:00,5,10.1,156,3.5
23/03/2022 22:00,1,12,221,4.3
23/03/2022 22:00,2,12.9,45,3.6
23/03/2022 22:00,3,12.7,246,3.6
23/03/2022 22:00,4,11.7,44,3.6
23/03/2022 22:00,5,14.7,133,3.3
23/03/2022 23:00,1,10.2,317,1.9
23/03/2022 23:00,2,12.6,266,4.3
23/03/2022 23:00,3,14.1,106,2.8
23/03/2022 23:00,4,12.1,126,4.5
23/03/2022 23:00,5,14.8,177,1.6
24/03/2022 00:00,1,10.8,117,4
24/03/2022 00:00,2,14.8,117,3.7
24/03/2022 00:00,3,10.1,190,3.9
24/03/2022 00:00,4,11,137,4
24/03/2022 00:00,5,12.1,273,3.5
24/03/2022 01:00,1,9.5,318,4.3
24/03/2022 01:00,2,9.1,205,1.8
24/03/2022 01:00,3,12.9,128,3.7
24/03/2022 01:00,4,14.7,191,2.4
24/03/2022 01:00,5,14.7,154,4.3
24/03/2022 02:00,1,11.2,186,2.7
24/03/2022 02:00,2,13.3,281,2.7
24/03/2022 02:00,3,12.6,359,2.2
24/03/2022 02:00,4,12.5,146,4.2
24/03/2022 02:00,5,13.7,277,2.4
24/03/2022 03:00,1,10.4,86,2.6
24/03/2022 03:00,2,12.2,97,3.4
24/03/2022 03:00,3,13.6,85,2.7
24/03/2022 03:00,4,12.8,16,2.4
24/03/2022 03:00,5,10.3,56,2.7
24/03/2022 04:00,1,14.5,293,3.5
24/03/2022 04:00,2,13.2,19,1.6
24/03/2022 04:00,3,13.5,101,4.4
24/03/2022 04:00,4,10.7,42,4.1
24/03/2022 04:00,5,10.1,167,2.1
24/03/2022 05:00,1,9.2,338,3.5
24/03/2022 05:00,2,12.8,129,4.2
24/03/2022 05:00,3,11,53,4.3
24/03/2022 05:00,4,13.5,192,2.1
24/03/2022 05:00,5,11.8,356,2.6
24/03/2022 06:00,1,13,99,4.1
24/03/2022 06:00,2,11,34,3.4
24/03/2022 06:00,3,14.8,322,2.9
24/03/2022 06:00,4,11.1,134,1.9
24/03/2022 06:00,5,14.8,291,4.3
24/03/2022 07:00,1,10.1,80,2.9
24/03/2022 07:00,2,11.7,86,3.7
24/03/2022 07:00,3,12.6,92,2
24/03/2022 07:00,4,11.8,129,4.3
24/03/2022 07:00,5,11.1,309,2.3
24/03/2022 08:00,1,12.2,114,1.8
24/03/2022 08:00,2,10.4,71,4.3
24/03/2022 08:00,3,12.4,134,1.9
24/03/2022 08:00,4,11.1,146,1.6
24/03/2022 08:00,5,10.1,184,3.2
24/03/2022 09:00,1,10.6,295,4.2
24/03/2022 09:00,2,11.9,9,3.4
24/03/2022 09:00,3,14.6,226,3.3
24/03/2022 09:00,4,14.3,190,4.2
24/03/2022 09:00,5,12.8,213,3.8
24/03/2022 10:00,1,12.2,307,3.7
24/03/2022 10:00,2,10,106,4.4
24/03/2022 10:00,3,12.6,321,2.9
24/03/2022 10:00,4,12.2,168,2.8
24/03/2022 10:00,5,11.9,88,3.6
24/03/2022 11:00,1,12,170,2.6
24/03/2022 11:00,2,12.3,343,2.5
24/03/2022 11:00,3,11.3,248,3.9
24/03/2022 11:00,4,14.6,345,2.7
24/03/2022 11:00,5,9.6,122,3
24/03/2022 12:00,1,13.9,16,3.5
24/03/2022 12:00,2,14.6,218,2.3
24/03/2022 12:00,3,13.9,236,4.2
24/03/2022 12:00,4,9.9,300,2.3
24/03/2022 12:00,5,9.1,52,3.4
24/03/2022 13:00,1,11.8,328,1.9
24/03/2022 13:00,2,14.4,321,2.3
24/03/2022 13:00,3,10.1,357,2.3
24/03/2022 13:00,4,11.5,295,1.8
24/03/2022 13:00,5,10.1,6,3.8
24/03/2022 14:00,1,11.5,50,3.6
24/03/2022 14:00,2,12.1,328,2
24/03/2022 14:00,3,9.3,7,3.5
24/03/2022 14:00,4,11.1,114,3.5
24/03/2022 14:00,5,9.8,166,3.6
24/03/2022 15:00,1,14.8,311,3.8
24/03/2022 15:00,2,11.4,160,2.3
24/03/2022 15:00,3,13.5,203,2.2
24/03/2022 15:00,4,10.6,248,3.5
24/03/2022 15:00,5,14.9,270,1.5
24/03/2022 16:00,1,10.3,318,2.4
24/03/2022 16:00,2,12.2,271,4.1
24/03/2022 16:00,3,11.7,232,2
24/03/2022 16:00,4,10.4,176,3.7
24/03/2022 16:00,5,10.9,54,1.9
24/03/2022 17:00,1,10.4,187,3.1
24/03/2022 17:00,2,10.3,214,3.5
24/03/2022 17:00,3,9.7,159,3.8
24/03/2022 17:00,4,9.7,175,3.9
24/03/2022 17:00,5,10.3,340,4.2
24/03/2022 18:00,1,11.5,354,1.8
24/03/2022 18:00,2,13.9,24,4.3
24/03/2022 18:00,3,13.7,259,3.2
24/03/2022 18:00,4,10.7,316,2.5
24/03/2022 18:00,5,13.9,31,3.4
24/03/2022 19:00,1,11.6,61,1.6
24/03/2022 19:00,2,9.6,45,3.9
24/03/2022 19:00,3,10.1,235,3.4
24/03/2022 19:00,4,11.9,35,1.7
24/03/2022 19:00,5,9.6,121,4
24/03/2022 20:00,1,12.5,171,2.5
24/03/2022 20:00,2,14.2,322,3.4
24/03/2022 20:00,3,13.2,108,2.4
24/03/2022 20:00,4,11.9,246,1.6
24/03/2022 20:00,5,11.4,118,1.7
24/03/2022 21:00,1,11.7,27,2.4
24/03/2022 21:00,2,11.8,95,2.6
24/03/2022 21:00,3,14.4,314,3.8
24/03/2022 21:00,4,14.9,52,4.5
24/03/2022 21:00,5,10.3,249,4
24/03/2022 22:00,1,10.4,261,2.9
24/03/2022 22:00,2,12.1,265,3.2
24/03/2022 22:00,3,14.1,267,4.4
24/03/2022 22:00,4,10.8,245,3.6
24/03/2022 22:00,5,12.1,91,3.8
24/03/2022 23:00,1,9.9,243,2.1
24/03/2022 23:00,2,12.5,232,2.8
24/03/2022 23:00,3,10.8,287,2.5
24/03/2022 23:00,4,13.8,63,3.3
24/03/2022 23:00,5,9.4,239,3.9
25/03/2022 00:00,1,15,323,4
25/03/2022 00:00,2,13.9,315,4.3
25/03/2022 00:00,3,14.3,111,2.5
25/03/2022 00:00,4,12.7,296,3.1
25/03/2022 00:00,5,10.2,183,4.5
25/03/2022 01:00,1,9.6,146,1.5
25/03/2022 01:00,2,13.5,151,2.5
25/03/2022 01:00,3,14,98,3.2
25/03/2022 01:00,4,14.5,21,2.9
25/03/2022 01:00,5,14,322,2.1
25/03/2022 02:00,1,11,333,3.6
25/03/2022 02:00,2,10.2,343,2.2
25/03/2022 02:00,3,9.9,48,3.3
25/03/2022 02:00,4,11.5,179,3.2
25/03/2022 02:00,5,13,147,3.4
25/03/2022 03:00,1,10.1,46,2.7
25/03/2022 03:00,2,10.2,155,3
25/03/2022 03:00,3,13.3,174,2.7
25/03/2022 03:00,4,9.5,60,3.8
25/03/2022 03:00,5,11.7,97,3.5
25/03/2022 04:00,1,10.1,250,2.5
25/03/2022 04:00,2,10.2,158,2.5
25/03/2022 04:00,3,14.6,357,1.8
25/03/2022 04:00,4,12.6,162,4.3
25/03/2022 04:00,5,14.5,178,4.1
25/03/2022 05:00,1,11.2,197,3.6
25/03/2022 05:00,2,9.2,82,3.4
25/03/2022 05:00,3,12.4,265,3.1
25/03/2022 05:00,4,13.7,66,2.8
25/03/2022 05:00,5,13.6,228,3.2
25/03/2022 06:00,1,11.4,242,4
25/03/2022 06:00,2,9.7,31,4.2
25/03/2022 06:00,3,12.8,281,3
25/03/2022 06:00,4,12.1,126,3.3
25/03/2022 06:00,5,14.2,325,2.6
25/03/2022 07:00,1,9.3,219,2.7
25/03/2022 07:00,2,11.2,26,1.6
25/03/2022 07:00,3,9.3,224,3.9
25/03/2022 07:00,4,14.3,101,1.8
25/03/2022 07:00,5,9.3,25,2
25/03/2022 08:00,1,9.1,205,3.1
25/03/2022 08:00,2,13.6,146,3.1
25/03/2022 08:00,3,14.8,49,4.1
25/03/2022 08:00,4,9.4,168,3.6
25/03/2022 08:00,5,10.9,290,2
25/03/2022 09:00,1,11.1,225,4.4
25/03/2022 09:00,2,12.1,317,1.8
25/03/2022 09:00,3,10.5,217,3.8
25/03/2022 09:00,4,13.9,54,2.2
25/03/2022 09:00,5,10,271,4.4
25/03/2022 10:00,1,10.8,356,4.3
25/03/2022 10:00,2,12.9,274,1.8
25/03/2022 10:00,3,9.3,99,1.9
25/03/2022 10:00,4,10.5,35,2.4
25/03/2022 10:00,5,9.1,102,1.9
25/03/2022 11:00,1,14.5,275,3.5
25/03/2022 11:00,2,11.8,351,3.2
25/03/2022 11:00,3,9.4,337,2.3
25/03/2022 11:00,4,12,13,3.4
25/03/2022 11:00,5,9.5,327,2
25/03/2022 12:00,1,11.3,35,2
25/03/2022 12:00,2,14.1,75,2
25/03/2022 12:00,3,13.8,237,2.5
25/03/2022 12:00,4,10.4,109,2.6
25/03/2022 12:00,5,13.2,303,3.4
25/03/2022 13:00,1,10.5,131,2.9
25/03/2022 13:00,2,13.7,22,3.6
25/03/2022 13:00,3,12,237,3.2
25/03/2022 13:00,4,13.9,213,4.3
25/03/2022 13:00,5,10,3,4.4
25/03/2022 14:00,1,12,5,3.6
25/03/2022 14:00,2,11.3,3,2.4
25/03/2022 14:00,3,11.1,150,3
25/03/2022 14:00,4,9.8,50,4.2
25/03/2022 14:00,5,14.8,321,2.9
25/03/2022 15:00,1,11.2,75,3
25/03/2022 15:00,2,10.7,170,3.2
25/03/2022 15:00,3,13,134,4.2
25/03/2022 15:00,4,14,33,1.7
25/03/2022 15:00,5,11.8,15,3.2
25/03/2022 16:00,1,11.7,291,3
25/03/2022 16:00,2,11.6,358,2.2
25/03/2022 16:00,3,14.5,92,3
25/03/2022 16:00,4,10.7,172,3.8
25/03/2022 16:00,5,11.9,322,4.4
25/03/2022 17:00,1,9.7,211,1.8
25/03/2022 17:00,2,13.3,321,3
25/03/2022 17:00,3,9.6,291,4.1
25/03/2022 17:00,4,9.4,134,2.7
25/03/2022 17:00,5,9.2,220,3.4
25/03/2022 18:00,1,10.6,47,3.6
25/03/2022 18:00,2,12.3,54,3.8
25/03/2022 18:00,3,9,19,1.8
25/03/2022 18:00,4,11.3,76,4.2
25/03/2022 18:00,5,12.5,56,4.5
25/03/2022 19:00,1,12,73,3.1
25/03/2022 19:00,2,14.9,167,1.8
25/03/2022 19:00,3,10.6,225,2.9
25/03/2022 19:00,4,14.3,109,3.2
25/03/2022 19:00,5,9.6,71,1.9
25/03/2022 20:00,1,13.5,147,2.2
25/03/2022 20:00,2,14.3,257,2.3
25/03/2022 20:00,3,11.4,110,4.3
25/03/2022 20:00,4,11.2,290,3.4
25/03/2022 20:00,5,9.9,184,3.4
25/03/2022 21:00,1,13.9,99,1.6
25/03/2022 21:00,2,11.2,182,3.4
25/03/2022 21:00,3,13.1,243,1.8
25/03/2022 21:00,4,13.3,355,4.2
25/03/2022 21:00,5,12.8,67,2.4
25/03/2022 22:00,1,9.5,329,2.5
25/03/2022 22:00,2,14.6,56,1.8
25/03/2022 22:00,3,13.9,309,2
25/03/2022 22:00,4,12.9,353,3.6
25/03/2022 22:00,5,14.7,275,4.2
25/03/2022 23:00,1,13.9,228,4.4
25/03/2022 23:00,2,14.4,342,2.3
25/03/2022 23:00,3,12.9,68,4.5
25/03/2022 23:00,4,9.8,349,3.8
25/03/2022 23:00,5,9.6,148,2
26/03/2022 00:00,1,15,193,3.9
26/03/2022 00:00,2,10.4,256,1.5
26/03/2022 00:00,3,13,193,4.2
26/03/2022 00:00,4,9.4,15,1.7
26/03/2022 00:00,5,12.7,307,2.1
26/03/2022 01:00,1,12.5,222,3.3
26/03/2022 01:00,2,13.6,117,3.1
26/03/2022 01:00,3,14.9,24,3
26/03/2022 01:00,4,14.4,121,1.9
26/03/2022 01:00,5,13.2,59,3.1
26/03/2022 02:00,1,9.7,180,2.2
26/03/2022 02:00,2,13.6,63,3.9
26/03/2022 02:00,3,13.2,51,1.6
26/03/2022 02:00,4,13.6,106,2.4
26/03/2022 02:00,5,12.5,9,2.6
26/03/2022 03:00,1,13.2,302,1.9
26/03/2022 03:00,2,14.7,28,3.6
26/03/2022 03:00,3,13,325,1.9
26/03/2022 03:00,4,13.2,65,2.1
26/03/2022 03:00,5,11.2,46,4.1
26/03/2022 04:00,1,11.1,101,3.3
26/03/2022 04:00,2,14.8,252,2.9
26/03/2022 04:00,3,11.6,357,2.4
26/03/2022 04:00,4,12.6,76,1.8
26/03/2022 04:00,5,9.5,165,4
26/03/2022 05:00,1,13.9,24,3
26/03/2022 05:00,2,14.5,314,4.5
26/03/2022 05:00,3,10.2,57,3.2
26/03/2022 05:00,4,10.1,259,2.1
26/03/2022 05:00,5,14.7,225,3.5
26/03/2022 06:00,1,10.6,22,2.8
26/03/2022 06:00,2,13.4,209,2.3
26/03/2022 06:00,3,14.3,0,1.7
26/03/2022 06:00,4,12.9,97,3.5
26/03/2022 06:00,5,9.7,321,2.6
26/03/2022 07:00,1,14,107,1.8
26/03/2022 07:00,2,12.9,184,1.6
26/03/2022 07:00,3,9.7,167,1.8
26/03/2022 07:00,4,14.7,52,3.2
26/03/2022 07:00,5,9.1,297,3.9
26/03/2022 08:00,1,12.6,205,2.8
26/03/2022 08:00,2,9,266,4.1
26/03/2022 08:00,3,14.2,302,2.7
26/03/2022 08:00,4,13.9,289,2.8
26/03/2022 08:00,5,13.7,56,3.5
26/03/2022 09:00,1,11.7,342,4.2
26/03/2022 09:00,2,10.3,358,4.1
26/03/2022 09:00,3,12.2,184,1.8
26/03/2022 09:00,4,9.4,353,3.8
26/03/2022 09:00,5,9.8,114,3.7
26/03/2022 10:00,1,9.2,190,2.4
26/03/2022 10:00,2,9.8,290,4.5
26/03/2022 10:00,3,9.1,163,2.6
26/03/2022 10:00,4,12.4,123,1.6
26/03/2022 10:00,5,11.8,108,2.8
26/03/2022 11:00,1,12.3,219,4.5
26/03/2022 11:00,2,9.2,198,4.2
26/03/2022 11:00,3,9.6,11,4.3
26/03/2022 11:00,4,10.1,354,2.5
26/03/2022 11:00,5,9.7,178,1.7
26/03/2022 12:00,1,11.5,294,3.7
26/03/2022 12:00,2,13.6,149,1.7
26/03/2022 12:00,3,13.1,19,2.8
26/03/2022 12:00,4,11.1,349,1.6
26/03/2022 12:00,5,9.4,213,2.6
26/03/2022 13:00,1,14.8,66,3.1
26/03/2022 13:00,2,11.3,194,1.8
26/03/2022 13:00,3,9.5,225,1.9
26/03/2022 13:00,4,11.2,169,3.1
26/03/2022 13:00,5,10.3,202,2.1
26/03/2022 14:00,1,11.3,66,2.6
26/03/2022 14:00,2,13.5,353,2.6
26/03/2022 14:00,3,11.8,136,4.4
26/03/2022 14:00,4,10.7,253,1.6
26/03/2022 14:00,5,12.5,250,3.9
26/03/2022 15:00,1,10.3,150,2.3
26/03/2022 15:00,2,12,139,4.2
26/03/2022 15:00,3,14.4,267,3.8
26/03/2022 15:00,4,14.9,303,3.7
26/03/2022 15:00,5,9.9,229,3.6
26/03/2022 16:00,1,9.4,295,1.7
26/03/2022 16:00,2,12.1,265,3
26/03/2022 16:00,3,14.7,335,1.7
26/03/2022 16:00,4,9.5,77,2.2
26/03/2022 16:00,5,11.4,298,1.7
26/03/2022 17:00,1,12.8,29,2.3
26/03/2022 17:00,2,11.7,29,2.6
26/03/2022 17:00,3,11.9,110,3.9
26/03/2022 17:00,4,14.6,359,4.4
26/03/2022 17:00,5,11.8,52,3.4
26/03/2022 18:00,1,11.1,2,2
26/03/2022 18:00,2,9.6,113,1.8
26/03/2022 18:00,3,9.9,83,2.2
26/03/2022 18:00,4,9,138,3.4
26/03/2022 18:00,5,10.6,326,3.1
26/03/2022 19:00,1,9.3,264,4.1
26/03/2022 19:00,2,14.1,230,2.5
26/03/2022 19:00,3,13.5,326,4.2
26/03/2022 19:00,4,9.9,226,2.8
26/03/2022 19:00,5,12.8,335,2.2
26/03/2022 20:00,1,13.5,185,3.1
26/03/2022 20:00,2,12.3,276,2
26/03/2022 20:00,3,9.9,140,4
26/03/2022 20:00,4,10.1,299,1.6
26/03/2022 20:00,5,9,224,3.7
26/03/2022 21:00,1,12.8,68,2.9
26/03/2022 21:00,2,13.3,91,3.6
26/03/2022 21:00,3,9,229,1.9
26/03/2022 21:00,4,10,133,2.1
26/03/2022 21:00,5,12,126,2.8
26/03/2022 22:00,1,14.3,296,2.2
26/03/2022 22:00,2,12.1,232,1.7
26/03/2022 22:00,3,14.6,177,1.9
26/03/2022 22:00,4,13.2,237,1.9
26/03/2022 22:00,5,12.9,61,1.6
26/03/2022 23:00,1,10.3,339,1.5
26/03/2022 23:00,2,12.8,218,3.9
26/03/2022 23:00,3,12.6,132,1.7
26/03/2022 23:00,4,9.9,181,1.5
26/03/2022 23:00,5,10.5,341,3.4
27/03/2022 00:00,1,12.1,79,3.4
27/03/2022 00:00,2,10.7,202,3.7
27/03/2022 00:00,3,13.7,351,3.9
27/03/2022 00:00,4,11.9,287,3.9
27/03/2022 00:00,5,14.8,20,3.8
27/03/2022 01:00,1,11.6,340,4.2
27/03/2022 01:00,2,12.3,233,4.1
27/03/2022 01:00,3,10.1,148,2.3
27/03/2022 01:00,4,10,258,4.5
27/03/2022 01:00,5,11.8,14,1.6
27/03/2022 02:00,1,10.9,175,1.9
27/03/2022 02:00,2,9.5,94,4.4
27/03/2022 02:00,3,13.4,110,3
27/03/2022 02:00,4,14.8,217,3.3
27/03/2022 02:00,5,14.4,156,4.3
27/03/2022 03:00,1,11.4,130,2.1
27/03/2022 03:00,2,9.8,82,3.9
27/03/2022 03:00,3,10.1,105,1.8
27/03/2022 03:00,4,14.7,271,1.7
27/03/2022 03:00,5,11.7,18,3.6
27/03/2022 04:00,1,13.4,187,4
27/03/2022 04:00,2,13.2,263,1.5
27/03/2022 04:00,3,14.6,326,4.1
27/03/2022 04:00,4,9.2,291,3.1
27/03/2022 04:00,5,12.5,329,3.6
27/03/2022 05:00,1,12.7,334,4
27/03/2022 05:00,2,12.6,308,2
27/03/2022 05:00,3,10.7,234,2.1
27/03/2022 05:00,4,12.4,171,3.8
27/03/2022 05:00,5,13.5,63,3.4
27/03/2022 06:00,1,14.7,136,2.3
27/03/2022 06:00,2,10.6,96,4.1
27/03/2022 06:00,3,14.9,48,2.3
27/03/2022 06:00,4,12.3,242,3.4
27/03/2022 06:00,5,12.8,332,3.7
27/03/2022 07:00,1,9.5,319,2.1
27/03/2022 07:00,2,9.8,2,4.1
27/03/2022 07:00,3,10.7,71,2.5
27/03/2022 07:00,4,12.1,181,2
27/03/2022 07:00,5,11.4,147,1.9
27/03/2022 08:00,1,12.7,81,3.7
27/03/2022 08:00,2,11.4,30,1.6
27/03/2022 08:00,3,13.4,35,2.6
27/03/2022 08:00,4,12.2,33,2.9
27/03/2022 08:00,5,9.2,33,1.6
27/03/2022 09:00,1,9.9,336,4.4
27/03/2022 09:00,2,11.2,20,4.3
27/03/2022 09:00,3,10.4,44,2.3
27/03/2022 09:00,4,10.7,119,1.7
27/03/2022 09:00,5,13.5,190,4.5
27/03/2022 10:00,1,10.1,224,3.2
27/03/2022 10:00,2,13.8,279,1.8
27/03/2022 10:00,3,11.6,11,1.9
27/03/2022 10:00,4,12.2,264,4.1
27/03/2022 10:00,5,12.7,66,2.7
27/03/2022 11:00,1,11.4,6,2.3
27/03/2022 11:00,2,9.5,67,3.6
27/03/2022 11:00,3,11.2,324,3.6
27/03/2022 11:00,4,14,126,2.4
27/03/2022 11:00,5,11.4,98,3.2
27/03/2022 12:00,1,10.6,353,1.7
27/03/2022 12:00,2,13.4,106,3.6
27/03/2022 12:00,3,9.3,198,2.7
27/03/2022 12:00,4,12.6,342,3.1
27/03/2022 12:00,5,10.8,353,2.8
27/03/2022 13:00,1,13.4,270,4.2
27/03/2022 13:00,2,13.6,293,3.3
27/03/2022 13:00,3,12.6,223,2.6
27/03/2022 13:00,4,9.6,303,2.2
27/03/2022 13:00,5,12.2,184,1.9
27/03/2022 14:00,1,13.7,205,3.7
27/03/2022 14:00,2,10,200,4.3
27/03/2022 14:00,3,9.9,38,3.2
27/03/2022 14:00,4,14.3,148,2.3
27/03/2022 14:00,5,13.4,183,2.4
27/03/2022 15:00,1,13.8,96,2.8
27/03/2022 15:00,2,9.9,102,3.1
27/03/2022 15:00,3,14.1,232,3.6
27/03/2022 15:00,4,15,31,1.6
27/03/2022 15:00,5,10.9,232,2
27/03/2022 16:00,1,14.5,279,2.2
27/03/2022 16:00,2,14.9,142,1.5
27/03/2022 16:00,3,9.2,117,3.7
27/03/2022 16:00,4,14.5,342,3
27/03/2022 16:00,5,10,345,4.1
27/03/2022 17:00,1,12.7,234,2.6
27/03/2022 17:00,2,12.8,302,4
27/03/2022 17:00,3,11.1,258,2.1
27/03/2022 17:00,4,12.9,299,3
27/03/2022 17:00,5,13.2,190,3.2
27/03/2022 18:00,1,11.1,215,2
27/03/2022 18:00,2,12,60,2.4
27/03/2022 18:00,3,10.1,248,3.2
27/03/2022 18:00,4,9.9,103,4
27/03/2022 18:00,5,10.6,257,3.2
27/03/2022 19:00,1,9.2,325,4
27/03/2022 19:00,2,14.5,261,1.7
27/03/2022 19:00,3,9,93,2.1
27/03/2022 19:00,4,12.1,233,3.2
27/03/2022 19:00,5,10.6,147,2.3
27/03/2022 20:00,1,14.9,347,3.6
27/03/2022 20:00,2,9.2,191,3.7
27/03/2022 20:00,3,14.7,307,3.9
27/03/2022 20:00,4,10.9,83,3.6
27/03/2022 20:00,5,10.3,305,3.2
27/03/2022 21:00,1,13.5,91,2
27/03/2022 21:00,2,13.4,175,3.6
27/03/2022 21:00,3,13.2,113,1.6
27/03/2022 21:00,4,9.1,286,2.9
27/03/2022 21:00,5,13.1,175,4.1
27/03/2022 22:00,1,13,46,4.2
27/03/2022 22:00,2,12.6,112,4.4
27/03/2022 22:00,3,9.4,37,4.4
27/03/2022 22:00,4,9.3,195,3.3
27/03/2022 22:00,5,11.3,340,2.2
27/03/2022 23:00,1,12.1,29,3.8
27/03/2022 23:00,2,13.5,209,3.1
27/03/2022 23:00,3,12.9,70,2.6
27/03/2022 23:00,4,13.8,162,1.8
27/03/2022 23:00,5,10.2,181,2.8
28/03/2022 00:00,1,12.2,201,1.7
28/03/2022 00:00,2,13.4,296,1.6
28/03/2022 00:00,3,13.8,8,1.6
28/03/2022 00:00,4,10.6,327,1.8
28/03/2022 00:00,5,13.5,356,1.8
28/03/2022 01:00,1,11.2,26,2.4
28/03/2022 01:00,2,13.9,334,3.8
28/03/2022 01:00,3,13.9,287,2.4
28/03/2022 01:00,4,13.5,63,2.1
28/03/2022 01:00,5,9.6,252,2.2
28/03/2022 02:00,1,9.2,272,2.5
28/03/2022 02:00,2,13.6,331,2.9
28/03/2022 02:00,3,12.4,121,1.8
28/03/2022 02:00,4,12,85,3.2
28/03/2022 02:00,5,14.9,285,1.6
28/03/2022 03:00,1,10.9,290,2.7
28/03/2022 03:00,2,12.9,49,3
28/03/2022 03:00,3,11.9,226,2.5
28/03/2022 03:00,4,9.6,151,2.8
28/03/2022 03:00,5,14.4,241,4.5
28/03/2022 04:00,1,9.6,11,3.3
28/03/2022 04:00,2,10.6,350,3.5
28/03/2022 04:00,3,14.7,224,2.1
28/03/2022 04:00,4,9.5,234,2.9
28/03/2022 04:00,5,12.4,227,2.5
28/03/2022 05:00,1,13.3,10,3.2
28/03/2022 05:00,2,10.3,319,4.4
28/03/2022 05:00,3,12.9,127,3.2
28/03/2022 05:00,4,10.9,43,4
28/03/2022 05:00,5,13.5,68,3.7
28/03/2022 06:00,1,9.4,352,1.9
28/03/2022 06:00,2,11.5,248,3.2
28/03/2022 06:00,3,9.3,241,2.1
28/03/2022 06:00,4,10.8,190,1.8
28/03/2022 06:00,5,14.6,73,1.6
28/03/2022 07:00,1,9.6,154,4
28/03/2022 07:00,2,11.3,157,2.5
28/03/2022 07:00,3,9.7,153,2
28/03/2022 07:00,4,11,125,3.5
28/03/2022 07:00,5,14.2,272,4.4
28/03/2022 08:00,1,14.3,327,4.1
28/03/2022 08:00,2,12.4,261,3.9
28/03/2022 08:00,3,13,88,1.6
28/03/2022 08:00,4,13,82,2.4
28/03/2022 08:00,5,14.3,353,2.8
28/03/2022 09:00,1,11.1,19,4.1
28/03/2022 09:00,2,13.6,235,3.1
28/03/2022 09:00,3,13.2,339,3
28/03/2022 09:00,4,13.7,172,4.1
28/03/2022 09:00,5,10.7,358,2.9
28/03/2022 10:00,1,9.3,141,2
28/03/2022 10:00,2,14.4,2,1.6
28/03/2022 10:00,3,11.1,267,2
28/03/2022 10:00,4,12.3,342,1.6
28/03/2022 10:00,5,9.7,81,3.8
28/03/2022 11:00,1,9.2,285,4.5
28/03/2022 11:00,2,9.6,234,4.5
28/03/2022 11:00,3,13.2,57,4.2
28/03/2022 11:00,4,13.7,91,4.4
28/03/2022 11:00,5,15,50,2.6
28/03/2022 12:00,1,12.2,223,2.4
28/03/2022 12:00,2,14.4,317,2.4
28/03/2022 12:00,3,12.8,273,3.1
28/03/2022 12:00,4,11.8,231,2.6
28/03/2022 12:00,5,13.8,253,2.3
28/03/2022 13:00,1,12.6,348,4.1
28/03/2022 13:00,2,12.4,271,1.7
28/03/2022 13:00,3,13,68,3.5
28/03/2022 13:00,4,13.4,232,2.3
28/03/2022 13:00,5,13.8,132,3.6
28/03/2022 14:00,1,9.7,143,4.2
28/03/2022 14:00,2,10.8,205,2.8
28/03/2022 14:00,3,14.9,306,2.1
28/03/2022 14:00,4,9.8,54,1.6
28/03/2022 14:00,5,13.4,40,2.8
28/03/2022 15:00,1,11.9,189,3.1
28/03/2022 15:00,2,11.6,155,2.7
28/03/2022 15:00,3,10.9,115,2.5
28/03/2022 15:00,4,9.4,94,2.5
28/03/2022 15:00,5,11.7,44,3.3
28/03/2022 16:00,1,14.3,208,1.6
28/03/2022 16:00,2,12.2,351,1.8
28/03/2022 16:00,3,11.8,4,3.7
28/03/2022 16:00,4,9.2,39,4.4
28/03/2022 16:00,5,13.4,219,2.4
28/03/2022 17:00,1,13.1,151,2.6
28/03/2022 17:00,2,11,250,2.9
28/03/2022 17:00,3,9.6,200,2.7
28/03/2022 17:00,4,13,162,4.2
28/03/2022 17:00,5,14.7,128,3.2
28/03/2022 18:00,1,9.6,34,3.8
28/03/2022 18:00,2,13.2,222,2.8
28/03/2022 18:00,3,11.3,309,4
28/03/2022 18:00,4,15,136,1.9
28/03/2022 18:00,5,13.5,130,1.6
28/03/2022 19:00,1,10.5,35,4
28/03/2022 19:00,2,9.9,20,2.3
28/03/2022 19:00,3,9,93,2.4
28/03/2022 19:00,4,12.7,15,4.4
28/03/2022 19:00,5,13.4,289,3.5
28/03/2022 20:00,1,13.6,142,3.2
28/03/2022 20:00,2,10.8,160,1.9
28/03/2022 20:00,3,13.8,223,2.8
28/03/2022 20:00,4,10.8,209,1.8
28/03/2022 20:00,5,12.6,332,4.1
28/03/2022 21:00,1,10.8,291,3.4
28/03/2022 21:00,2,12.4,218,3.1
28/03/2022 21:00,3,9.4,270,1.7
28/03/2022 21:00,4,9.1,11,1.9
28/03/2022 21:00,5,14.7,207,3
28/03/2022 22:00,1,10.8,86,2.8
28/03/2022 22:00,2,9.6,279,3.4
28/03/2022 22:00,3,11.3,225,3.9
28/03/2022 22:00,4,15,40,2.9
28/03/2022 22:00,5,10.7,36,4.2
28/03/2022 23:00,1,12.2,270,2.2
28/03/2022 23:00,2,13.4,237,2.8
28/03/2022 23:00,3,13.9,145,3.6
28/03/2022 23:00,4,11.4,48,3
28/03/2022 23:00,5,10.9,198,3.7
29/03/2022 00:00,1,10.6,202,4.5
29/03/2022 00:00,2,10,21,2.6
29/03/2022 00:00,3,9.9,222,3.6
29/03/2022 00:00,4,11.8,261,1.8
29/03/2022 00:00,5,10.9,195,2.4
29/03/2022 01:00,1,12.3,174,3.7
29/03/2022 01:00,2,14.4,55,3.8
29/03/2022 01:00,3,10.4,278,2.5
29/03/2022 01:00,4,10.3,245,3
29/03/2022 01:00,5,12.5,60,3.7
29/03/2022 02:00,1,9,342,3.8
29/03/2022 02:00,2,14.5,91,3.1
29/03/2022 02:00,3,9.1,230,1.7
29/03/2022 02:00,4,14.1,8,4
29/03/2022 02:00,5,9.1,305,3.8
29/03/2022 03:00,1,13.7,255,2.7
29/03/2022 03:00,2,11.9,203,3
29/03/2022 03:00,3,13.2,265,4
29/03/2022 03:00,4,11.3,138,2
29/03/2022 03:00,5,9.1,292,4.1
29/03/2022 04:00,1,11.7,1,3.3
29/03/2022 04:00,2,14.6,131,3.8
29/03/2022 04:00,3,12.4,182,2.5
29/03/2022 04:00,4,10.3,151,4.2
29/03/2022 04:00,5,13.4,45,2.8
29/03/2022 05:00,1,14,343,2.5
29/03/2022 05:00,2,9.7,105,2.2
29/03/2022 05:00,3,10.1,293,3
29/03/2022 05:00,4,13.2,190,3.3
29/03/2022 05:00,5,12.4,329,3.5
29/03/2022 06:00,1,11.6,97,3.4
29/03/2022 06:00,2,14.4,85,4.3
29/03/2022 06:00,3,12.3,355,3.2
29/03/2022 06:00,4,11.9,306,3.1
29/03/2022 06:00,5,12,185,2
29/03/2022 07:00,1,15,0,3
29/03/2022 07:00,2,12.7,244,3.6
29/03/2022 07:00,3,10.5,3,4.4
29/03/2022 07:00,4,9.9,193,1.7
29/03/2022 07:00,5,13.2,150,3.9
29/03/2022 08:00,1,10.2,358,3.1
29/03/2022 08:00,2,11.2,283,3.5
29/03/2022 08:00,3,11.7,139,1.9
29/03/2022 08:00,4,10,358,3.2
29/03/2022 08:00,5,9.9,81,3.5
29/03/2022 09:00,1,9,278,1.5
29/03/2022 09:00,2,14.4,306,2.4
29/03/2022 09:00,3,9.5,288,2.6
29/03/2022 09:00,4,10.6,159,3.6
29/03/2022 09:00,5,10.5,118,2.9
29/03/2022 10:00,1,13.1,309,2.4
29/03/2022 10:00,2,10.4,110,2.7
29/03/2022 10:00,3,11.4,358,2.2
29/03/2022 10:00,4,13.6,38,3.8
29/03/2022 10:00,5,9.3,333,4.3
29/03/2022 11:00,1,9.5,200,3
29/03/2022 11:00,2,12.9,179,4.1
29/03/2022 11:00,3,10.6,56,2.7
29/03/2022 11:00,4,10.7,51,2.8
29/03/2022 11:00,5,11.2,352,4
29/03/2022 12:00,1,13.2,263,4.4
29/03/2022 12:00,2,10.7,43,3.8
29/03/2022 12:00,3,11,263,3.9
29/03/2022 12:00,4,9.1,262,2.1
29/03/2022 12:00,5,14.6,218,3.9
29/03/2022 13:00,1,13.4,236,4.1
29/03/2022 13:00,2,11.4,224,2.2
29/03/2022 13:00,3,13.1,17,2.2
29/03/2022 13:00,4,14.6,64,2.7
29/03/2022 13:00,5,10.3,340,1.6
29/03/2022 14:00,1,9.9,249,2.2
29/03/2022 14:00,2,13.9,59,3.6
29/03/2022 14:00,3,9.1,12,3.3
29/03/2022 14:00,4,14,327,3.8
29/03/2022 14:00,5,11.9,204,2.7
29/03/2022 15:00,1,11.8,299,3.5
29/03/2022 15:00,2,14.3,313,1.5
29/03/2022 15:00,3,13.2,153,3.2
29/03/2022 15:00,4,10,82,2.2
29/03/2022 15:00,5,13,40,1.9
29/03/2022 16:00,1,9.1,266,2.4
29/03/2022 16:00,2,10,336,2
29/03/2022 16:00,3,15,11,3.4
29/03/2022 16:00,4,11.4,191,3.9
29/03/2022 16:00,5,12.2,85,4.3
29/03/2022 17:00,1,9.7,72,2.8
29/03/2022 17:00,2,13.7,176,1.7
29/03/2022 17:00,3,10.4,145,4.1
29/03/2022 17:00,4,14.7,150,1.9
29/03/2022 17:00,5,13.6,52,2
29/03/2022 18:00,1,9.1,263,4.5
29/03/2022 18:00,2,14.1,226,2.7
29/03/2022 18:00,3,13.3,187,2.3
29/03/2022 18:00,4,10.6,317,1.6
29/03/2022 18:00,5,11.6,71,4
29/03/2022 19:00,1,11.2,277,3.7
29/03/2022 19:00,2,14.1,16,4.1
29/03/2022 19:00,3,14.5,28,1.9
29/03/2022 19:00,4,11.2,5,2.3
29/03/2022 19:00,5,14,268,2.8
29/03/2022 20:00,1,11.8,359,2.5
29/03/2022 20:00,2,12.1,152,3.4
29/03/2022 20:00,3,13.7,248,2.9
29/03/2022 20:00,4,11.2,62,2.9
29/03/2022 20:00,5,11.7,289,2.8
29/03/2022 21:00,1,13.2,205,3.2
29/03/2022 21:00,2,10.6,64,3.2
29/03/2022 21:00,3,12.5,330,2
29/03/2022 21:00,4,11.6,314,1.9
29/03/2022 21:00,5,11.4,25,3.8
29/03/2022 22:00,1,12.6,244,1.8
29/03/2022 22:00,2,14.7,233,3.5
29/03/2022 22:00,3,10.9,197,2.2
29/03/2022 22:00,4,10.7,325,3
29/03/2022 22:00,5,14.3,240,2.6
29/03/2022 23:00,1,10.8,297,3.1
29/03/2022 23:00,2,9.2,71,2.2
29/03/2022 23:00,3,9.1,1,4
29/03/2022 23:00,4,11.7,8,3
29/03/2022 23:00,5,9.5,91,4.3
30/03/2022 00:00,1,10.4,111,2.9
30/03/2022 00:00,2,12.3,345,3
30/03/2022 00:00,3,10.9,156,1.7
30/03/2022 00:00,4,9.5,118,3.7
30/03/2022 00:00,5,14.4,255,3
30/03/2022 01:00,1,13.4,321,2.9
30/03/2022 01:00,2,9.5,244,3.5
30/03/2022 01:00,3,10,315,3.7
30/03/2022 01:00,4,13.7,306,1.7
30/03/2022 01:00,5,10.5,18,2.9
30/03/2022 02:00,1,13.4,138,3.5
30/03/2022 02:00,2,14.1,46,1.8
30/03/2022 02:00,3,10.4,312,1.6
30/03/2022 02:00,4,11.5,145,4
30/03/2022 02:00,5,9.4,294,3.2
30/03/2022 03:00,1,11.8,290,1.5
30/03/2022 03:00,2,13.9,247,4
30/03/2022 03:00,3,13.5,139,3.2
30/03/2022 03:00,4,10,224,3.8
30/03/2022 03:00,5,12.6,333,4.2
30/03/2022 04:00,1,11.8,111,4.3
30/03/2022 04:00,2,11.8,171,3.9
30/03/2022 04:00,3,14.8,232,1.9
30/03/2022 04:00,4,13.1,119,3.1
30/03/2022 04:00,5,9.8,40,4.4
30/03/2022 05:00,1,10,209,1.6
30/03/2022 05:00,2,13.1,269,4.2
30/03/2022 05:00,3,10.7,72,2.1
30/03/2022 05:00,4,13.3,335,1.6
30/03/2022 05:00,5,10.9,188,2.5
30/03/2022 06:00,1,11.5,172,2.8
30/03/2022 06:00,2,10.8,101,2.5
30/03/2022 06:00,3,14,198,1.6
30/03/2022 06:00,4,9.8,124,2.8
30/03/2022 06:00,5,10.6,224,2.1
30/03/2022 07:00,1,13.1,352,4.4
30/03/2022 07:00,2,9.9,264,2.6
30/03/2022 07:00,3,12.6,328,2.6
30/03/2022 07:00,4,9.4,137,2.4
30/03/2022 07:00,5,9.1,286,4.4
30/03/2022 08:00,1,11.2,5,4.4
30/03/2022 08:00,2,14.7,344,4.3
30/03/2022 08:00,3,12.4,115,3.3
30/03/2022 08:00,4,11.5,215,4
30/03/2022 08:00,5,11.8,151,3.7
30/03/2022 09:00,1,14.9,155,3
30/03/2022 09:00,2,10.5,334,3.3
30/03/2022 09:00,3,14.4,110,4
30/03/2022 09:00,4,12.2,348,4.4
30/03/2022 09:00,5,10.8,281,4
30/03/2022 10:00,1,9.5,101,2.5
30/03/2022 10:00,2,11,197,2.5
30/03/2022 10:00,3,10.3,33,1.6
30/03/2022 10:00,4,14.4,297,4
30/03/2022 10:00,5,9.7,124,2.7
30/03/2022 11:00,1,12.1,237,2.8
30/03/2022 11:00,2,14.8,357,3.7
30/03/2022 11:00,3,14.4,350,3.1
30/03/2022 11:00,4,10.1,43,2.9
30/03/2022 11:00,5,14.5,357,2.6
30/03/2022 12:00,1,11.3,344,3.7
30/03/2022 12:00,2,13.1,135,2.2
30/03/2022 12:00,3,13.9,78,2.9
30/03/2022 12:00,4,12.7,226,4.2
30/03/2022 12:00,5,14.4,162,4.5
30/03/2022 13:00,1,11.9,5,1.7
30/03/2022 13:00,2,11,351,2.4
30/03/2022 13:00,3,10.1,268,4
30/03/2022 13:00,4,9.2,73,3.8
30/03/2022 13:00,5,11.2,239,3.4
30/03/2022 14:00,1,10.5,195,2.1
30/03/2022 14:00,2,9.4,106,4.4
30/03/2022 14:00,3,9.2,27,2
30/03/2022 14:00,4,10.4,334,2.8
30/03/2022 14:00,5,14.6,354,1.7
30/03/2022 15:00,1,12.9,291,2.6
30/03/2022 15:00,2,12.8,260,1.7
30/03/2022 15:00,3,11.9,114,2.7
30/03/2022 15:00,4,14.3,175,4.2
30/03/2022 15:00,5,14.7,177,1.6
30/03/2022 16:00,1,11.5,59,2.7
30/03/2022 16:00,2,11.3,58,1.8
30/03/2022 16:00,3,14.3,180,4.5
30/03/2022 16:00,4,10.6,324,1.7
30/03/2022 16:00,5,9.6,56,2.6
30/03/2022 17:00,1,11,22,2.9
30/03/2022 17:00,2,9.5,121,4.4
30/03/2022 17:00,3,14.2,129,2.3
30/03/2022 17:00,4,11.8,316,2.6
30/03/2022 17:00,5,14.4,254,2.5
30/03/2022 18:00,1,13.2,278,3.1
30/03/2022 18:00,2,14,187,3.7
30/03/2022 18:00,3,9.8,104,3.1
30/03/2022 18:00,4,15,313,4.1
30/03/2022 18:00,5,9.4,0,3
30/03/2022 19:00,1,10.8,318,4.4
30/03/2022 19:00,2,12.7,162,2.1
30/03/2022 19:00,3,11.8,299,2.2
30/03/2022 19:00,4,15,83,2.2
30/03/2022 19:00,5,11.1,50,1.5
30/03/2022 20:00,1,10.8,159,4.2
30/03/2022 20:00,2,12.3,209,1.7
30/03/2022 20:00,3,11.6,283,4
30/03/2022 20:00,4,13.3,276,2.3
30/03/2022 20:00,5,11.1,73,1.5
30/03/2022 21:00,1,14.5,202,2.3
30/03/2022 21:00,2,13.2,74,4.3
30/03/2022 21:00,3,14,307,3.8
30/03/2022 21:00,4,10.4,19,2.1
30/03/2022 21:00,5,10.7,324,2.7
30/03/2022 22:00,1,14.6,68,4.1
30/03/2022 22:00,2,11.1,8,2.9
30/03/2022 22:00,3,10.2,16,3
30/03/2022 22:00,4,10.5,218,4.1
30/03/2022 22:00,5,13.3,232,4.2
30/03/2022 23:00,1,13.5,46,2.8
30/03/2022 23:00,2,9.1,86,2.3
30/03/2022 23:00,3,10.8,234,2
30/03/2022 23:00,4,9.8,37,2.1
30/03/2022 23:00,5,13.4,6,2.9
31/03/2022 00:00,1,14.7,186,2.5
31/03/2022 00:00,2,11.2,68,2.8
31/03/2022 00:00,3,14.7,242,2.1
31/03/2022 00:00,4,9.6,39,3.2
31/03/2022 00:00,5,10.4,218,2.6
31/03/2022 01:00,1,10.7,238,2.6
31/03/2022 01:00,2,9.3,260,2.8
31/03/2022 01:00,3,15,306,3.3
31/03/2022 01:00,4,10.4,42,1.8
31/03/2022 01:00,5,12.5,88,1.7
31/03/2022 02:00,1,15,295,4
31/03/2022 02:00,2,9.3,179,2.5
31/03/2022 02:00,3,10.7,106,3.6
31/03/2022 02:00,4,13.9,262,2.2
31/03/2022 02:00,5,11.7,278,2.1
31/03/2022 03:00,1,11.3,214,3.3
31/03/2022 03:00,2,11.1,336,3.2
31/03/2022 03:00,3,10,140,2.8
31/03/2022 03:00,4,11.3,237,2
31/03/2022 03:00,5,11.5,140,3.8
31/03/2022 04:00,1,9.8,312,2.5
31/03/2022 04:00,2,12.6,170,3.2
31/03/2022 04:00,3,12.1,34,3.4
31/03/2022 04:00,4,11.5,144,4.1
31/03/2022 04:00,5,14,238,3
31/03/2022 05:00,1,13,232,2.1
31/03/2022 05:00,2,14.4,260,3.6
31/03/2022 05:00,3,14.2,195,3.3
31/03/2022 05:00,4,14.8,154,2.1
31/03/2022 05:00,5,10.8,51,3.8
31/03/2022 06:00,1,10.5,304,3
31/03/2022 06:00,2,11.2,183,4.4
31/03/2022 06:00,3,9.5,349,4.1
31/03/2022 06:00,4,9.8,130,2.7
31/03/2022 06:00,5,10.3,20,2.3
31/03/2022 07:00,1,9.1,305,2.8
31/03/2022 07:00,2,11.7,119,3.4
31/03/2022 07:00,3,12.4,26,1.8
31/03/2022 07:00,4,13.5,46,1.7
31/03/2022 07:00,5,14,306,2.5
31/03/2022 08:00,1,14.7,131,3.2
31/03/2022 08:00,2,9.5,227,1.6
31/03/2022 08:00,3,9.7,236,3.8
31/03/2022 08:00,4,12.9,190,4.2
31/03/2022 08:00,5,14.4,321,3
31/03/2022 09:00,1,9.1,242,3.1
31/03/2022 09:00,2,14.9,152,3.1
31/03/2022 09:00,3,14.4,20,1.5
31/03/2022 09:00,4,9.3,230,3.9
31/03/2022 09:00,5,10.9,262,3.7
31/03/2022 10:00,1,10.2,279,2.2
31/03/2022 10:00,2,10.3,191,3.9
31/03/2022 10:00,3,9,312,4
31/03/2022 10:00,4,11.7,127,4.4
31/03/2022 10:00,5,9.4,65,1.8
31/03/2022 11:00,1,10,281,3.1
31/03/2022 11:00,2,11.9,259,4.2
31/03/2022 11:00,3,9.4,258,1.8
31/03/2022 11:00,4,13.1,92,3.8
31/03/2022 11:00,5,12,356,4
31/03/2022 12:00,1,9.2,289,3.9
31/03/2022 12:00,2,14.5,285,3
31/03/2022 12:00,3,10.7,111,2.4
31/03/2022 12:00,4,9.4,348,2.9
31/03/2022 12:00,5,12.1,317,4.2
31/03/2022 13:00,1,14.9,105,1.8
31/03/2022 13:00,2,13.1,231,4.4
31/03/2022 13:00,3,9.7,276,4.1
31/03/2022 13:00,4,9.1,280,1.9
31/03/2022 13:00,5,12.3,231,4.1
31/03/2022 14:00,1,14.7,26,1.6
31/03/2022 14:00,2,12.8,178,3.7
31/03/2022 14:00,3,10.5,156,3.7
31/03/2022 14:00,4,10.4,207,2.5
31/03/2022 14:00,5,10.9,341,2.5
31/03/2022 15:00,1,12.7,261,2.5
31/03/2022 15:00,2,13.9,99,3.3
31/03/2022 15:00,3,10,17,1.6
31/03/2022 15:00,4,12.6,161,3.9
31/03/2022 15:00,5,12.9,278,4
31/03/2022 16:00,1,12,316,3.7
31/03/2022 16:00,2,11.3,79,2
31/03/2022 16:00,3,12.6,108,3
31/03/2022 16:00,4,11.4,148,4
31/03/2022 16:00,5,14.8,193,2.3
31/03/2022 17:00,1,12,331,3.7
31/03/2022 17:00,2,12.3,115,4
31/03/2022 17:00,3,14.9,84,4.3
31/03/2022 17:00,4,12.6,75,2.6
31/03/2022 17:00,5,13.5,162,2.3
31/03/2022 18:00,1,13.7,77,4.3
31/03/2022 18:00,2,14.6,171,2.5
31/03/2022 18:00,3,14.2,125,2.3
31/03/2022 18:00,4,10.9,237,4.4
31/03/2022 18:00,5,9.9,197,3.9
31/03/2022 19:00,1,9.4,75,1.9
31/03/2022 19:00,2,12.5,57,3.5
31/03/2022 19:00,3,13.4,211,1.6
31/03/2022 19:00,4,12,163,3.7
31/03/2022 19:00,5,14.4,203,3.7
31/03/2022 20:00,1,14.6,254,4.1
31/03/2022 20:00,2,14.3,323,3.8
31/03/2022 20:00,3,13,281,1.6
31/03/2022 20:00,4,11.9,231,3.2
31/03/2022 20:00,5,12.1,134,1.5
31/03/2022 21:00,1,11.4,172,2.4
31/03/2022 21:00,2,13.9,19,2.8
31/03/2022 21:00,3,9.1,149,4
31/03/2022 21:00,4,11.2,238,2.4
31/03/2022 21:00,5,9.9,262,2.9
31/03/2022 22:00,1,11.1,168,3
31/03/2022 22:00,2,9.7,25,3.1
31/03/2022 22:00,3,12.7,97,3
31/03/2022 22:00,4,12.8,290,2.5
31/03/2022 22:00,5,11.9,272,2.9
31/03/2022 23:00,1,13.7,51,3.7
31/03/2022 23:00,2,10.3,244,2.7
31/03/2022 23:00,3,10.1,112,2
31/03/2022 23:00,4,10.1,43,2.7
31/03/2022 23:00,5,13.5,55,1.9
