timestamp,turbine_id,wind_speed,wind_direction,power_output
01/03/2022 00:00,6,15,112,4.2
01/03/2022 00:00,7,10.8,308,3.9
01/03/2022 00:00,8,12.6,201,2.9
01/03/2022 00:00,9,9.5,8,3.2
01/03/2022 00:00,10,10.7,44,3.4
01/03/2022 01:00,6,14.4,213,3.5
01/03/2022 01:00,7,14.8,246,4.5
01/03/2022 01:00,8,11.4,289,3.2
01/03/2022 01:00,9,13.1,0,1.6
01/03/2022 01:00,10,14.5,337,3.3
01/03/2022 02:00,6,14.4,123,2.3
01/03/2022 02:00,7,12.6,180,4.3
01/03/2022 02:00,8,14.6,279,3.4
01/03/2022 02:00,9,9.7,187,3.7
01/03/2022 02:00,10,13.2,280,2.5
01/03/2022 03:00,6,10.3,276,1.6
01/03/2022 03:00,7,13.4,112,2.2
01/03/2022 03:00,8,10.6,36,2.8
01/03/2022 03:00,9,10.3,241,2.8
01/03/2022 03:00,10,12.8,137,3.5
01/03/2022 04:00,6,13.1,265,4.3
01/03/2022 04:00,7,10.8,219,2.8
01/03/2022 04:00,8,14.1,17,2.9
01/03/2022 04:00,9,11.9,169,1.8
01/03/2022 04:00,10,13.4,330,3.9
01/03/2022 05:00,6,9.6,1,3.2
01/03/2022 05:00,7,11.5,140,2
01/03/2022 05:00,8,10.4,320,3.1
01/03/2022 05:00,9,10.1,119,2.3
01/03/2022 05:00,10,14,15,3.7
01/03/2022 06:00,6,10.6,247,2.9
01/03/2022 06:00,7,10.6,219,1.7
01/03/2022 06:00,8,10.2,121,2.8
01/03/2022 06:00,9,12.9,227,3.9
01/03/2022 06:00,10,12.5,303,2.6
01/03/2022 07:00,6,10.6,340,2.5
01/03/2022 07:00,7,9,281,3.5
01/03/2022 07:00,8,12.2,8,1.7
01/03/2022 07:00,9,12.7,137,2.9
01/03/2022 07:00,10,12,72,2.4
01/03/2022 08:00,6,13.1,335,4.5
01/03/2022 08:00,7,14.7,115,3.9
01/03/2022 08:00,8,14.4,339,4.2
01/03/2022 08:00,9,10.8,357,2.5
01/03/2022 08:00,10,9.4,344,3
01/03/2022 09:00,6,14.8,89,2.1
01/03/2022 09:00,7,10.7,203,1.6
01/03/2022 09:00,8,12.8,118,4.2
01/03/2022 09:00,9,14.6,85,3.2
01/03/2022 09:00,10,11.2,151,3.8
01/03/2022 10:00,6,11.6,189,4.1
01/03/2022 10:00,7,14,7,2.6
01/03/2022 10:00,8,9.9,298,4.4
01/03/2022 10:00,9,14.7,98,3.4
01/03/2022 10:00,10,14.7,208,4.4
01/03/2022 11:00,6,9.1,142,3.7
01/03/2022 11:00,7,13.7,329,4.5
01/03/2022 11:00,8,12.8,42,2.9
01/03/2022 11:00,9,11,352,4.2
01/03/2022 11:00,10,11.2,329,3.1
01/03/2022 12:00,6,9.9,324,1.7
01/03/2022 12:00,7,14.5,184,3.2
01/03/2022 12:00,8,10.4,167,1.8
01/03/2022 12:00,9,11.8,75,2.8
01/03/2022 12:00,10,10.2,91,1.6
01/03/2022 13:00,6,9.1,351,3.7
01/03/2022 13:00,7,10.8,128,3.8
01/03/2022 13:00,8,12.5,224,3.5
01/03/2022 13:00,9,9.4,76,1.6
01/03/2022 13:00,10,10.8,43,4.5
01/03/2022 14:00,6,11,199,2.4
01/03/2022 14:00,7,12.1,76,1.7
01/03/2022 14:00,8,9,248,4.3
01/03/2022 14:00,9,12.8,79,1.5
01/03/2022 14:00,10,9.3,3,1.5
01/03/2022 15:00,6,13.4,305,2.9
01/03/2022 15:00,7,13.3,176,3.8
01/03/2022 15:00,8,14.5,108,1.6
01/03/2022 15:00,9,9.1,184,2.5
01/03/2022 15:00,10,9.7,27,3.6
01/03/2022 16:00,6,11.2,176,2.6
01/03/2022 16:00,7,13.8,259,3.2
01/03/2022 16:00,8,14,143,3.3
01/03/2022 16:00,9,14.9,206,1.8
01/03/2022 16:00,10,12.8,210,2.7
01/03/2022 17:00,6,10.7,29,2
01/03/2022 17:00,7,12.4,102,2.4
01/03/2022 17:00,8,12.5,309,2.5
01/03/2022 17:00,9,12.8,62,4
01/03/2022 17:00,10,14.5,293,1.7
01/03/2022 18:00,6,11.5,254,2.1
01/03/2022 18:00,7,10,182,3.4
01/03/2022 18:00,8,10,102,3.1
01/03/2022 18:00,9,14.3,126,2.3
01/03/2022 18:00,10,11.1,180,4.1
01/03/2022 19:00,6,12.2,268,3.7
01/03/2022 19:00,7,10.6,40,2.4
01/03/2022 19:00,8,9.1,201,1.6
01/03/2022 19:00,9,10.5,109,1.8
01/03/2022 19:00,10,12.5,205,4.5
01/03/2022 20:00,6,9.5,225,2.3
01/03/2022 20:00,7,12.1,327,1.9
01/03/2022 20:00,8,11,22,2
01/03/2022 20:00,9,9.4,55,2.2
01/03/2022 20:00,10,14,39,1.9
01/03/2022 21:00,6,10.8,323,1.7
01/03/2022 21:00,7,13.7,297,4.1
01/03/2022 21:00,8,11.2,92,4
01/03/2022 21:00,9,13.1,82,4.3
01/03/2022 21:00,10,14.8,28,4.2
01/03/2022 22:00,6,14.9,338,1.5
01/03/2022 22:00,7,9.8,142,3.1
01/03/2022 22:00,8,9.1,303,3.5
01/03/2022 22:00,9,12.1,85,3
01/03/2022 22:00,10,9.3,332,1.9
01/03/2022 23:00,6,11.6,163,4.3
01/03/2022 23:00,7,9.9,101,3.6
01/03/2022 23:00,8,9.2,285,2.7
01/03/2022 23:00,9,12.7,96,2
01/03/2022 23:00,10,11.2,210,3.2
02/03/2022 00:00,6,14.9,196,1.7
02/03/2022 00:00,7,9.4,303,1.7
02/03/2022 00:00,8,11.7,43,3
02/03/2022 00:00,9,14.7,329,2.2
02/03/2022 00:00,10,11.3,32,2.4
02/03/2022 01:00,6,14,205,3.9
02/03/2022 01:00,7,9.7,225,3.5
02/03/2022 01:00,8,12.3,118,2
02/03/2022 01:00,9,13.6,196,2.1
02/03/2022 01:00,10,9.3,278,2.7
02/03/2022 02:00,6,9.1,108,2.4
02/03/2022 02:00,7,12.9,69,4
02/03/2022 02:00,8,10.7,212,1.9
02/03/2022 02:00,9,14.9,32,1.6
02/03/2022 02:00,10,14.7,174,4.3
02/03/2022 03:00,6,13.1,270,4.1
02/03/2022 03:00,7,9.4,90,1.6
02/03/2022 03:00,8,13.4,225,2.6
02/03/2022 03:00,9,13.1,92,4.3
02/03/2022 03:00,10,12.8,352,2.2
02/03/2022 04:00,6,13.2,81,2.8
02/03/2022 04:00,7,11.4,212,4.1
02/03/2022 04:00,8,9.4,131,3.6
02/03/2022 04:00,9,9.3,288,3.1
02/03/2022 04:00,10,11.5,272,3.1
02/03/2022 05:00,6,11.3,138,4.4
02/03/2022 05:00,7,9.9,262,2.6
02/03/2022 05:00,8,14.2,6,4.4
02/03/2022 05:00,9,13.1,221,3.5
02/03/2022 05:00,10,9.8,171,3
02/03/2022 06:00,6,11.8,68,2.8
02/03/2022 06:00,7,10.9,333,1.8
02/03/2022 06:00,8,9.9,296,4.4
02/03/2022 06:00,9,10.6,76,2.5
02/03/2022 06:00,10,13.8,254,2.1
02/03/2022 07:00,6,11,279,1.9
02/03/2022 07:00,7,13.4,134,1.7
02/03/2022 07:00,8,14.7,110,4
02/03/2022 07:00,9,10.8,122,1.8
02/03/2022 07:00,10,10,339,3.7
02/03/2022 08:00,6,12.3,51,1.7
02/03/2022 08:00,7,9.8,241,3.3
02/03/2022 08:00,8,14.2,78,4.1
02/03/2022 08:00,9,12.5,103,1.7
02/03/2022 08:00,10,10.7,142,3.9
02/03/2022 09:00,6,11,187,2.6
02/03/2022 09:00,7,14.8,175,2.2
02/03/2022 09:00,8,13.5,320,2.3
02/03/2022 09:00,9,9.8,186,2.5
02/03/2022 09:00,10,12.3,49,4.2
02/03/2022 10:00,6,10.3,135,4.3
02/03/2022 10:00,7,12.8,251,1.8
02/03/2022 10:00,8,10.1,118,2.2
02/03/2022 10:00,9,13.4,169,1.6
02/03/2022 10:00,10,9.3,187,4.3
02/03/2022 11:00,6,9.3,187,2.3
02/03/2022 11:00,7,11.9,220,4.3
02/03/2022 11:00,8,13.4,327,2.4
02/03/2022 11:00,9,9.5,239,4.1
02/03/2022 11:00,10,14.3,328,3.5
02/03/2022 12:00,6,14.9,250,4
02/03/2022 12:00,7,9.6,127,2.5
02/03/2022 12:00,8,11.3,342,2.1
02/03/2022 12:00,9,9.9,75,2
02/03/2022 12:00,10,13.8,130,3
02/03/2022 13:00,6,11.3,282,2.9
02/03/2022 13:00,7,12.8,276,1.7
02/03/2022 13:00,8,14.3,211,4.1
02/03/2022 13:00,9,13.4,338,4.3
02/03/2022 13:00,10,11.7,201,4.2
02/03/2022 14:00,6,10.1,94,2.5
02/03/2022 14:00,7,10.9,196,2.8
02/03/2022 14:00,8,12.8,325,2
02/03/2022 14:00,9,13.6,54,2.7
02/03/2022 14:00,10,12.9,27,3.3
02/03/2022 15:00,6,12.8,302,4.5
02/03/2022 15:00,7,9.8,336,4
02/03/2022 15:00,8,9.5,121,2.1
02/03/2022 15:00,9,10.1,189,1.9
02/03/2022 15:00,10,9.6,255,3.1
02/03/2022 16:00,6,12.8,36,1.7
02/03/2022 16:00,7,14.7,190,3.7
02/03/2022 16:00,8,9.2,150,4
02/03/2022 16:00,9,13.4,143,3.5
02/03/2022 16:00,10,10.5,3,2.5
02/03/2022 17:00,6,10.3,77,1.5
02/03/2022 17:00,7,11.6,50,2.2
02/03/2022 17:00,8,14.3,210,1.8
02/03/2022 17:00,9,11.8,202,2.2
02/03/2022 17:00,10,12.6,295,3.1
02/03/2022 18:00,6,10.1,346,3.3
02/03/2022 18:00,7,13.3,291,4
02/03/2022 18:00,8,10.7,59,2.6
02/03/2022 18:00,9,14.3,5,3.9
02/03/2022 18:00,10,9.7,67,2.6
02/03/2022 19:00,6,11.5,318,4.4
02/03/2022 19:00,7,10.6,60,4.1
02/03/2022 19:00,8,13.2,137,1.7
02/03/2022 19:00,9,13.3,337,4.3
02/03/2022 19:00,10,12.9,283,2.2
02/03/2022 20:00,6,10.9,252,4.2
02/03/2022 20:00,7,14.2,128,2.6
02/03/2022 20:00,8,15,112,2
02/03/2022 20:00,9,13.2,229,3.4
02/03/2022 20:00,10,9.5,77,3.2
02/03/2022 21:00,6,11.4,105,3.5
02/03/2022 21:00,7,10.7,120,4.2
02/03/2022 21:00,8,14.9,20,2.6
02/03/2022 21:00,9,11.1,239,1.9
02/03/2022 21:00,10,13.9,174,3.1
02/03/2022 22:00,6,10.9,70,3.7
02/03/2022 22:00,7,15,265,4
02/03/2022 22:00,8,9.9,198,2.2
02/03/2022 22:00,9,10.3,143,2.1
02/03/2022 22:00,10,12.7,211,4.3
02/03/2022 23:00,6,10.7,30,2.2
02/03/2022 23:00,7,10.6,52,4.1
02/03/2022 23:00,8,9.8,148,4.2
02/03/2022 23:00,9,9.7,250,2.5
02/03/2022 23:00,10,12.3,83,2
03/03/2022 00:00,6,14.1,228,3
03/03/2022 00:00,7,14.3,89,3
03/03/2022 00:00,8,12.9,53,4
03/03/2022 00:00,9,11.2,136,2.4
03/03/2022 00:00,10,14.9,110,2.3
03/03/2022 01:00,6,10.1,295,4.3
03/03/2022 01:00,7,13.3,232,4
03/03/2022 01:00,8,14.2,215,3.8
03/03/2022 01:00,9,10.8,263,3.9
03/03/2022 01:00,10,13.6,299,3.8
03/03/2022 02:00,6,12.4,4,4
03/03/2022 02:00,7,11,174,3.3
03/03/2022 02:00,8,13.9,255,2.3
03/03/2022 02:00,9,10.9,213,3.5
03/03/2022 02:00,10,9.4,277,3.6
03/03/2022 03:00,6,12.6,121,3.7
03/03/2022 03:00,7,9.4,91,3.2
03/03/2022 03:00,8,12.8,166,2.1
03/03/2022 03:00,9,9.4,334,4
03/03/2022 03:00,10,10.9,139,1.6
03/03/2022 04:00,6,11.6,21,4.2
03/03/2022 04:00,7,11.2,330,3.7
03/03/2022 04:00,8,12.7,29,2.3
03/03/2022 04:00,9,14,194,2
03/03/2022 04:00,10,9.7,255,3.4
03/03/2022 05:00,6,14.1,346,2.7
03/03/2022 05:00,7,14.1,51,4.4
03/03/2022 05:00,8,14.2,266,1.6
03/03/2022 05:00,9,14.7,338,4.3
03/03/2022 05:00,10,14.7,2,2.4
03/03/2022 06:00,6,9.1,219,3.8
03/03/2022 06:00,7,9.5,250,3.3
03/03/2022 06:00,8,10.9,298,2.4
03/03/2022 06:00,9,14.6,256,2.7
03/03/2022 06:00,10,9.2,244,2.5
03/03/2022 07:00,6,13.4,291,3.3
03/03/2022 07:00,7,14.3,305,2
03/03/2022 07:00,8,10,168,2.7
03/03/2022 07:00,9,10.7,6,3
03/03/2022 07:00,10,11,104,1.9
03/03/2022 08:00,6,14.1,98,4.3
03/03/2022 08:00,7,11.2,226,3
03/03/2022 08:00,8,14.6,210,4.5
03/03/2022 08:00,9,14.3,297,2.5
03/03/2022 08:00,10,14.8,246,4.4
03/03/2022 09:00,6,13.2,12,1.9
03/03/2022 09:00,7,12.3,75,3
03/03/2022 09:00,8,14.5,4,4
03/03/2022 09:00,9,13,6,2.5
03/03/2022 09:00,10,12.1,77,2.3
03/03/2022 10:00,6,10.1,289,4
03/03/2022 10:00,7,11.1,8,2.2
03/03/2022 10:00,8,14.6,207,2.9
03/03/2022 10:00,9,9.3,17,3.9
03/03/2022 10:00,10,11.2,142,4.3
03/03/2022 11:00,6,9.5,139,2.3
03/03/2022 11:00,7,11.2,334,4.2
03/03/2022 11:00,8,12.6,46,3.9
03/03/2022 11:00,9,13.1,325,2.1
03/03/2022 11:00,10,11.9,3,3.1
03/03/2022 12:00,6,14.6,314,3.3
03/03/2022 12:00,7,12.2,241,1.9
03/03/2022 12:00,8,9.7,139,3.5
03/03/2022 12:00,9,11.6,73,1.6
03/03/2022 12:00,10,10.9,103,4.3
03/03/2022 13:00,6,9.8,50,4.3
03/03/2022 13:00,7,9.9,275,3.6
03/03/2022 13:00,8,14,287,1.6
03/03/2022 13:00,9,14.6,55,4.3
03/03/2022 13:00,10,10.7,224,3.8
03/03/2022 14:00,6,15,284,2
03/03/2022 14:00,7,11,233,3.6
03/03/2022 14:00,8,14.4,304,4.2
03/03/2022 14:00,9,12.4,250,3.3
03/03/2022 14:00,10,12,106,3.3
03/03/2022 15:00,6,13.5,242,1.9
03/03/2022 15:00,7,13.5,58,3
03/03/2022 15:00,8,13.3,139,3.8
03/03/2022 15:00,9,14.4,35,4.2
03/03/2022 15:00,10,9.4,21,4.4
03/03/2022 16:00,6,9.8,85,3
03/03/2022 16:00,7,12.6,30,2.4
03/03/2022 16:00,8,11.5,305,3.9
03/03/2022 16:00,9,9.2,201,2.2
03/03/2022 16:00,10,13.2,78,3.8
03/03/2022 17:00,6,10.3,28,1.5
03/03/2022 17:00,7,10.4,43,2.6
03/03/2022 17:00,8,12.2,118,3.9
03/03/2022 17:00,9,9.9,290,1.6
03/03/2022 17:00,10,11.1,102,3.3
03/03/2022 18:00,6,14.4,303,2.4
03/03/2022 18:00,7,9.4,237,4.1
03/03/2022 18:00,8,14.9,6,2.5
03/03/2022 18:00,9,13.7,221,4.4
03/03/2022 18:00,10,9.3,101,4
03/03/2022 19:00,6,10.1,203,2.4
03/03/2022 19:00,7,11.2,207,3.1
03/03/2022 19:00,8,9.4,292,2
03/03/2022 19:00,9,12,238,3
03/03/2022 19:00,10,13.3,281,3.6
03/03/2022 20:00,6,12.6,83,2.2
03/03/2022 20:00,7,11,144,3.4
03/03/2022 20:00,8,14.7,205,2.6
03/03/2022 20:00,9,13.1,92,2.4
03/03/2022 20:00,10,14.6,142,1.6
03/03/2022 21:00,6,9.7,339,4.2
03/03/2022 21:00,7,13.7,71,2
03/03/2022 21:00,8,9.1,334,1.9
03/03/2022 21:00,9,10.8,240,2.9
03/03/2022 21:00,10,13,75,3.6
03/03/2022 22:00,6,13.1,320,3.7
03/03/2022 22:00,7,11.6,349,3.4
03/03/2022 22:00,8,13.3,300,4.3
03/03/2022 22:00,9,11.6,74,1.8
03/03/2022 22:00,10,13.8,3,1.8
03/03/2022 23:00,6,9.3,227,4
03/03/2022 23:00,7,10.7,226,4.4
03/03/2022 23:00,8,10,9,2.9
03/03/2022 23:00,9,11.6,325,2.9
03/03/2022 23:00,10,13.8,128,2.3
04/03/2022 00:00,6,12.3,354,3.7
04/03/2022 00:00,7,9.2,20,3.4
04/03/2022 00:00,8,11.6,259,2.6
04/03/2022 00:00,9,13.6,135,2.2
04/03/2022 00:00,10,12,202,2.3
04/03/2022 01:00,6,9.9,217,2
04/03/2022 01:00,7,13.9,319,3
04/03/2022 01:00,8,13.7,261,2
04/03/2022 01:00,9,10.5,179,3.4
04/03/2022 01:00,10,12.3,95,3.5
04/03/2022 02:00,6,13.6,55,2.8
04/03/2022 02:00,7,13,3,2.6
04/03/2022 02:00,8,11.4,296,3
04/03/2022 02:00,9,12.2,183,2.8
04/03/2022 02:00,10,11.3,248,2.1
04/03/2022 03:00,6,9.2,93,1.8
04/03/2022 03:00,7,14.9,338,1.7
04/03/2022 03:00,8,12.2,178,2.2
04/03/2022 03:00,9,10.8,312,2.1
04/03/2022 03:00,10,14.4,12,1.6
04/03/2022 04:00,6,9.2,111,2.7
04/03/2022 04:00,7,9.1,230,3
04/03/2022 04:00,8,9.6,24,4
04/03/2022 04:00,9,13.3,312,4.5
04/03/2022 04:00,10,14.3,284,2.4
04/03/2022 05:00,6,14.5,43,2.5
04/03/2022 05:00,7,14.6,229,4.3
04/03/2022 05:00,8,10.6,23,2
04/03/2022 05:00,9,10.2,341,3.1
04/03/2022 05:00,10,12.1,37,1.8
04/03/2022 06:00,6,9.1,274,4.4
04/03/2022 06:00,7,9.3,86,3.2
04/03/2022 06:00,8,13.9,69,1.5
04/03/2022 06:00,9,9.5,44,1.8
04/03/2022 06:00,10,10.5,226,2.4
04/03/2022 07:00,6,14,333,4
04/03/2022 07:00,7,11.8,123,4
04/03/2022 07:00,8,10.3,283,2.9
04/03/2022 07:00,9,12.8,118,2.2
04/03/2022 07:00,10,13.8,306,3.1
04/03/2022 08:00,6,14,283,4.2
04/03/2022 08:00,7,10.3,194,3.1
04/03/2022 08:00,8,11.6,80,2.2
04/03/2022 08:00,9,13.2,356,2
04/03/2022 08:00,10,9.4,179,1.7
04/03/2022 09:00,6,12,64,3.4
04/03/2022 09:00,7,14.7,282,1.5
04/03/2022 09:00,8,11.8,232,1.5
04/03/2022 09:00,9,12.5,305,3.9
04/03/2022 09:00,10,11.6,154,3.8
04/03/2022 10:00,6,12.8,144,3.3
04/03/2022 10:00,7,13,163,3.1
04/03/2022 10:00,8,13.9,61,2.9
04/03/2022 10:00,9,10.1,14,3.1
04/03/2022 10:00,10,10.6,99,2.7
04/03/2022 11:00,6,14.4,289,3
04/03/2022 11:00,7,13.2,55,2.7
04/03/2022 11:00,8,14.1,327,2.2
04/03/2022 11:00,9,14.6,43,4.1
04/03/2022 11:00,10,13.1,325,4.4
04/03/2022 12:00,6,13.2,296,3.7
04/03/2022 12:00,7,14.1,234,3.4
04/03/2022 12:00,8,13.5,27,4.1
04/03/2022 12:00,9,9,10,2.6
04/03/2022 12:00,10,9.9,262,4.1
04/03/2022 13:00,6,11.8,142,1.9
04/03/2022 13:00,7,11.4,46,2.3
04/03/2022 13:00,8,10.6,94,1.7
04/03/2022 13:00,9,9,337,3.9
04/03/2022 13:00,10,10.8,43,3.7
04/03/2022 14:00,6,11.6,314,3.8
04/03/2022 14:00,7,14.4,146,4
04/03/2022 14:00,8,9.4,287,2.6
04/03/2022 14:00,9,13.6,204,4.4
04/03/2022 14:00,10,10.3,306,2.3
04/03/2022 15:00,6,11.2,339,3.8
04/03/2022 15:00,7,10.6,21,4
04/03/2022 15:00,8,9.4,100,2.5
04/03/2022 15:00,9,13.4,233,1.9
04/03/2022 15:00,10,12.2,102,3.8
04/03/2022 16:00,6,14.7,300,1.8
04/03/2022 16:00,7,10.1,182,3
04/03/2022 16:00,8,13.7,54,2.1
04/03/2022 16:00,9,13.7,64,2.1
04/03/2022 16:00,10,12.2,16,2.3
04/03/2022 17:00,6,9.6,295,3.2
04/03/2022 17:00,7,12.8,251,3.9
04/03/2022 17:00,8,9.8,13,2.5
04/03/2022 17:00,9,9.6,149,4
04/03/2022 17:00,10,9.6,234,3.4
04/03/2022 18:00,6,12.8,53,3.8
04/03/2022 18:00,7,14.3,294,3.6
04/03/2022 18:00,8,13.1,14,1.7
04/03/2022 18:00,9,12.2,275,4
04/03/2022 18:00,10,14.3,106,4.4
04/03/2022 19:00,6,9.8,313,4.5
04/03/2022 19:00,7,11.3,121,2
04/03/2022 19:00,8,12.8,340,2.6
04/03/2022 19:00,9,14.3,111,1.8
04/03/2022 19:00,10,14.7,319,3
04/03/2022 20:00,6,13,96,3.6
04/03/2022 20:00,7,12.5,90,3.6
04/03/2022 20:00,8,14.7,125,2.4
04/03/2022 20:00,9,9.4,78,2
04/03/2022 20:00,10,14.5,234,2.5
04/03/2022 21:00,6,11.7,208,1.9
04/03/2022 21:00,7,9.9,64,1.8
04/03/2022 21:00,8,10.5,243,3.3
04/03/2022 21:00,9,14.5,231,4.1
04/03/2022 21:00,10,9.5,193,2.4
04/03/2022 22:00,6,12.1,81,2.3
04/03/2022 22:00,7,12.1,86,2.5
04/03/2022 22:00,8,13.2,285,2.8
04/03/2022 22:00,9,12.7,274,2.2
04/03/2022 22:00,10,11.4,297,4.4
04/03/2022 23:00,6,13.6,355,3.9
04/03/2022 23:00,7,14.8,150,2.5
04/03/2022 23:00,8,9.2,12,3.4
04/03/2022 23:00,9,14.7,228,3.1
04/03/2022 23:00,10,13.8,316,2.7
05/03/2022 00:00,6,12.4,308,2.7
05/03/2022 00:00,7,12.2,5,2.1
05/03/2022 00:00,8,10.6,85,1.7
05/03/2022 00:00,9,13.5,123,2.1
05/03/2022 00:00,10,13.5,217,1.7
05/03/2022 01:00,6,12,85,1.6
05/03/2022 01:00,7,9.5,264,1.8
05/03/2022 01:00,8,12.2,338,3.9
05/03/2022 01:00,9,10.3,359,2.8
05/03/2022 01:00,10,10.6,101,1.7
05/03/2022 02:00,6,13.3,265,2.1
05/03/2022 02:00,7,12,352,1.9
05/03/2022 02:00,8,14.4,331,2.9
05/03/2022 02:00,9,14.8,284,1.5
05/03/2022 02:00,10,13.4,283,3
05/03/2022 03:00,6,14.4,279,4.1
05/03/2022 03:00,7,10.2,18,2.3
05/03/2022 03:00,8,9.5,244,3.4
05/03/2022 03:00,9,12,354,3.5
05/03/2022 03:00,10,11.2,336,3.8
05/03/2022 04:00,6,11.9,17,2.5
05/03/2022 04:00,7,14.9,253,2.5
05/03/2022 04:00,8,9.2,213,3.3
05/03/2022 04:00,9,10.6,167,2.6
05/03/2022 04:00,10,11.7,162,2
05/03/2022 05:00,6,14.9,337,4.1
05/03/2022 05:00,7,11.1,90,1.9
05/03/2022 05:00,8,12.1,152,1.9
05/03/2022 05:00,9,9.6,148,4
05/03/2022 05:00,10,12.7,224,1.6
05/03/2022 06:00,6,10,257,4.1
05/03/2022 06:00,7,12.5,189,2.4
05/03/2022 06:00,8,9.1,80,1.9
05/03/2022 06:00,9,13.9,249,1.9
05/03/2022 06:00,10,12.6,4,3.7
05/03/2022 07:00,6,13.6,178,3.3
05/03/2022 07:00,7,13.2,303,3.8
05/03/2022 07:00,8,9.5,111,3.5
05/03/2022 07:00,9,9.4,336,4
05/03/2022 07:00,10,10.7,283,2.7
05/03/2022 08:00,6,11.9,141,4.4
05/03/2022 08:00,7,14.5,119,2.5
05/03/2022 08:00,8,9.7,247,3.8
05/03/2022 08:00,9,14.4,325,4.5
05/03/2022 08:00,10,11,128,1.6
05/03/2022 09:00,6,13.2,145,3.2
05/03/2022 09:00,7,9.6,309,3.4
05/03/2022 09:00,8,12,61,2.7
05/03/2022 09:00,9,10.6,23,3.2
05/03/2022 09:00,10,10.2,340,3.8
05/03/2022 10:00,6,9.4,346,2.7
05/03/2022 10:00,7,11.2,173,2.9
05/03/2022 10:00,8,12.5,336,2.2
05/03/2022 10:00,9,11.1,86,3.2
05/03/2022 10:00,10,11.7,232,2.1
05/03/2022 11:00,6,11.8,310,1.7
05/03/2022 11:00,7,11.6,263,3.2
05/03/2022 11:00,8,12.7,235,3.4
05/03/2022 11:00,9,10.1,323,3
05/03/2022 11:00,10,14.9,169,4.3
05/03/2022 12:00,6,12.1,82,3.9
05/03/2022 12:00,7,11.1,54,4.5
05/03/2022 12:00,8,13.7,85,2
05/03/2022 12:00,9,13,113,3
05/03/2022 12:00,10,12.1,59,2.6
05/03/2022 13:00,6,11.9,19,2.4
05/03/2022 13:00,7,14.7,347,1.7
05/03/2022 13:00,8,11,357,1.9
05/03/2022 13:00,9,12.4,258,2.8
05/03/2022 13:00,10,9.9,71,1.9
05/03/2022 14:00,6,13.6,282,3.1
05/03/2022 14:00,7,12,65,2.5
05/03/2022 14:00,8,11.4,60,3.6
05/03/2022 14:00,9,14.2,169,3.9
05/03/2022 14:00,10,12.5,264,2.1
05/03/2022 15:00,6,9.3,308,4.3
05/03/2022 15:00,7,13.3,74,3
05/03/2022 15:00,8,12,216,2.1
05/03/2022 15:00,9,13.5,32,3
05/03/2022 15:00,10,12.3,194,2.1
05/03/2022 16:00,6,9.7,137,4.3
05/03/2022 16:00,7,13.4,36,4.1
05/03/2022 16:00,8,9.4,24,1.6
05/03/2022 16:00,9,11.2,26,2
05/03/2022 16:00,10,13.5,12,2.9
05/03/2022 17:00,6,9.7,67,2.5
05/03/2022 17:00,7,11,333,2.2
05/03/2022 17:00,8,14.7,85,3
05/03/2022 17:00,9,12.5,240,3.5
05/03/2022 17:00,10,10.8,34,2.9
05/03/2022 18:00,6,14,243,3.1
05/03/2022 18:00,7,14.2,313,3
05/03/2022 18:00,8,13.8,185,3.6
05/03/2022 18:00,9,14.1,118,2.1
05/03/2022 18:00,10,14.5,0,2.6
05/03/2022 19:00,6,10.7,271,2.9
05/03/2022 19:00,7,11.7,112,1.7
05/03/2022 19:00,8,12.8,148,2.9
05/03/2022 19:00,9,9.2,249,2.5
05/03/2022 19:00,10,12.9,236,4
05/03/2022 20:00,6,14.8,354,3.2
05/03/2022 20:00,7,12.5,37,3.6
05/03/2022 20:00,8,12.6,114,2
05/03/2022 20:00,9,11.7,188,3.5
05/03/2022 20:00,10,11.5,175,1.9
05/03/2022 21:00,6,14.1,349,2.3
05/03/2022 21:00,7,10,247,4.4
05/03/2022 21:00,8,12.5,209,2.2
05/03/2022 21:00,9,9.8,165,3.7
05/03/2022 21:00,10,13.3,236,3.7
05/03/2022 22:00,6,12,197,2.5
05/03/2022 22:00,7,11.8,297,1.7
05/03/2022 22:00,8,10.4,183,1.9
05/03/2022 22:00,9,13,64,3.4
05/03/2022 22:00,10,10.6,97,2.5
05/03/2022 23:00,6,12.6,92,3.2
05/03/2022 23:00,7,14.9,122,1.8
05/03/2022 23:00,8,10,164,1.8
05/03/2022 23:00,9,14.9,97,4.5
05/03/2022 23:00,10,12.1,168,4.1
06/03/2022 00:00,6,12.4,61,2.3
06/03/2022 00:00,7,11.5,142,4.1
06/03/2022 00:00,8,14.8,91,1.5
06/03/2022 00:00,9,11.4,150,4.2
06/03/2022 00:00,10,12,304,2.8
06/03/2022 01:00,6,11.7,99,3.9
06/03/2022 01:00,7,13,9,2.6
06/03/2022 01:00,8,13.1,99,2.7
06/03/2022 01:00,9,10.9,345,4.2
06/03/2022 01:00,10,12.2,192,1.6
06/03/2022 02:00,6,14.1,123,2.3
06/03/2022 02:00,7,13.2,338,3.2
06/03/2022 02:00,8,11.4,127,2.2
06/03/2022 02:00,9,10.8,295,3.4
06/03/2022 02:00,10,14.8,81,2.7
06/03/2022 03:00,6,14.5,23,3.8
06/03/2022 03:00,7,9.9,234,4.4
06/03/2022 03:00,8,9.2,292,2.5
06/03/2022 03:00,9,14.7,196,1.8
06/03/2022 03:00,10,12.7,138,3.2
06/03/2022 04:00,6,10.5,108,2.3
06/03/2022 04:00,7,13.9,32,3.5
06/03/2022 04:00,8,13.5,313,2.5
06/03/2022 04:00,9,13.9,338,2.2
06/03/2022 04:00,10,11,306,1.9
06/03/2022 05:00,6,14.2,152,4.1
06/03/2022 05:00,7,11.8,172,1.7
06/03/2022 05:00,8,10.7,120,2.3
06/03/2022 05:00,9,12,287,3.6
06/03/2022 05:00,10,13.8,329,2.4
06/03/2022 06:00,6,14.5,232,2.1
06/03/2022 06:00,7,10.2,276,1.6
06/03/2022 06:00,8,14.5,112,3.7
06/03/2022 06:00,9,12.2,116,4.3
06/03/2022 06:00,10,12.4,307,3.5
06/03/2022 07:00,6,13,185,2.3
06/03/2022 07:00,7,13.2,69,2.3
06/03/2022 07:00,8,14.5,76,1.8
06/03/2022 07:00,9,11.5,317,4
06/03/2022 07:00,10,11.1,100,2
06/03/2022 08:00,6,11.7,151,3.6
06/03/2022 08:00,7,12.9,352,3.5
06/03/2022 08:00,8,13.8,83,4.4
06/03/2022 08:00,9,10.4,232,3
06/03/2022 08:00,10,14.6,53,3.4
06/03/2022 09:00,6,15,208,3.9
06/03/2022 09:00,7,14.4,79,1.8
06/03/2022 09:00,8,10.2,141,2.9
06/03/2022 09:00,9,14.2,29,2.4
06/03/2022 09:00,10,10.8,197,2.4
06/03/2022 10:00,6,11.9,105,2.1
06/03/2022 10:00,7,14,46,2.9
06/03/2022 10:00,8,12.7,225,3.3
06/03/2022 10:00,9,12.9,327,3
06/03/2022 10:00,10,10,68,3.3
06/03/2022 11:00,6,14.7,252,3.8
06/03/2022 11:00,7,13.8,88,2.4
06/03/2022 11:00,8,11.9,350,3.7
06/03/2022 11:00,9,13.3,5,3.4
06/03/2022 11:00,10,14.2,175,2.5
06/03/2022 12:00,6,13.9,171,3.5
06/03/2022 12:00,7,13.4,269,3.4
06/03/2022 12:00,8,9.4,183,2.8
06/03/2022 12:00,9,13.5,68,3.1
06/03/2022 12:00,10,12.6,212,1.7
06/03/2022 13:00,6,14.2,285,3.6
06/03/2022 13:00,7,12.3,187,1.7
06/03/2022 13:00,8,13.6,339,1.6
06/03/2022 13:00,9,12.4,147,3.7
06/03/2022 13:00,10,10,1,4.3
06/03/2022 14:00,6,12.5,17,1.9
06/03/2022 14:00,7,14,123,3.7
06/03/2022 14:00,8,10.6,16,4.2
06/03/2022 14:00,9,10.2,171,1.6
06/03/2022 14:00,10,12.5,219,2.6
06/03/2022 15:00,6,14.4,204,3.4
06/03/2022 15:00,7,12.2,63,4
06/03/2022 15:00,8,12.2,182,2.6
06/03/2022 15:00,9,13.9,275,2.4
06/03/2022 15:00,10,14.4,287,2
06/03/2022 16:00,6,10.3,355,2.9
06/03/2022 16:00,7,14.2,328,3.4
06/03/2022 16:00,8,11.6,259,3.6
06/03/2022 16:00,9,9.3,203,3
06/03/2022 16:00,10,9.8,181,4.5
06/03/2022 17:00,6,9.2,304,3.2
06/03/2022 17:00,7,12.3,146,1.9
06/03/2022 17:00,8,10.8,194,3.8
06/03/2022 17:00,9,9.4,349,2.5
06/03/2022 17:00,10,14.3,266,2.1
06/03/2022 18:00,6,10.2,16,1.6
06/03/2022 18:00,7,12.2,226,4.1
06/03/2022 18:00,8,11.5,311,4.4
06/03/2022 18:00,9,10.8,266,4
06/03/2022 18:00,10,13.7,196,4.3
06/03/2022 19:00,6,9.4,250,3.7
06/03/2022 19:00,7,13,277,2.8
06/03/2022 19:00,8,13.8,127,2.2
06/03/2022 19:00,9,11.6,42,1.8
06/03/2022 19:00,10,12.7,344,2.6
06/03/2022 20:00,6,13.1,339,2.2
06/03/2022 20:00,7,11.9,44,2.5
06/03/2022 20:00,8,11.8,89,2.9
06/03/2022 20:00,9,13.7,338,4.4
06/03/2022 20:00,10,12.6,65,3.2
06/03/2022 21:00,6,13.9,128,2.6
06/03/2022 21:00,7,9.7,163,3.6
06/03/2022 21:00,8,14.2,137,4.3
06/03/2022 21:00,9,13.2,343,3.1
06/03/2022 21:00,10,14.2,170,2.4
06/03/2022 22:00,6,12.1,180,3.3
06/03/2022 22:00,7,13.5,267,2.7
06/03/2022 22:00,8,12,24,2.3
06/03/2022 22:00,9,10.2,328,2.1
06/03/2022 22:00,10,10.9,6,3.4
06/03/2022 23:00,6,10.7,219,2.8
06/03/2022 23:00,7,15,155,2.3
06/03/2022 23:00,8,12,180,1.9
06/03/2022 23:00,9,13.6,337,2.2
06/03/2022 23:00,10,14.5,316,1.6
07/03/2022 00:00,6,13,284,4.1
07/03/2022 00:00,7,12.2,69,2.3
07/03/2022 00:00,8,9,317,3.9
07/03/2022 00:00,9,12.6,78,4.2
07/03/2022 00:00,10,10.8,335,3.2
07/03/2022 01:00,6,13.5,213,3.5
07/03/2022 01:00,7,10.6,151,1.6
07/03/2022 01:00,8,13.3,135,1.9
07/03/2022 01:00,9,13.4,239,2
07/03/2022 01:00,10,15,61,3.4
07/03/2022 02:00,6,12.4,260,3.5
07/03/2022 02:00,7,13.4,10,3.4
07/03/2022 02:00,8,10,141,3.2
07/03/2022 02:00,9,13,302,1.7
07/03/2022 02:00,10,10.2,319,2
07/03/2022 03:00,6,11.2,234,3.2
07/03/2022 03:00,7,10,60,3.3
07/03/2022 03:00,8,14.9,89,2
07/03/2022 03:00,9,12.1,201,2.3
07/03/2022 03:00,10,10.8,83,2.9
07/03/2022 04:00,6,12.9,353,2.1
07/03/2022 04:00,7,13.6,282,4.1
07/03/2022 04:00,8,14.5,143,4.4
07/03/2022 04:00,9,12.8,165,4.4
07/03/2022 04:00,10,11.2,123,2.5
07/03/2022 05:00,6,11.2,295,1.9
07/03/2022 05:00,7,11.3,253,3.5
07/03/2022 05:00,8,12.1,92,3.4
07/03/2022 05:00,9,11.1,209,2.7
07/03/2022 05:00,10,11.1,300,2.2
07/03/2022 06:00,6,14.4,23,1.9
07/03/2022 06:00,7,14.3,91,4.3
07/03/2022 06:00,8,10.5,193,1.5
07/03/2022 06:00,9,14,176,2.9
07/03/2022 06:00,10,9.9,96,1.7
07/03/2022 07:00,6,10.1,266,3
07/03/2022 07:00,7,14,323,4.1
07/03/2022 07:00,8,13.4,172,4.3
07/03/2022 07:00,9,10.9,142,2.7
07/03/2022 07:00,10,9.8,289,2.1
07/03/2022 08:00,6,14,184,2
07/03/2022 08:00,7,11.6,174,3.6
07/03/2022 08:00,8,12.8,70,4.4
07/03/2022 08:00,9,10.7,84,4
07/03/2022 08:00,10,11.2,14,2.5
07/03/2022 09:00,6,14.1,105,2.6
07/03/2022 09:00,7,13.9,48,3.4
07/03/2022 09:00,8,10.7,4,1.6
07/03/2022 09:00,9,14.4,281,2.9
07/03/2022 09:00,10,13.7,223,3.7
07/03/2022 10:00,6,9.2,228,2.4
07/03/2022 10:00,7,9.5,101,3.1
07/03/2022 10:00,8,9.7,347,3
07/03/2022 10:00,9,13.2,218,2.2
07/03/2022 10:00,10,13.7,279,3
07/03/2022 11:00,6,9.9,135,3.5
07/03/2022 11:00,7,14.8,272,1.6
07/03/2022 11:00,8,10.3,178,2.2
07/03/2022 11:00,9,10.5,166,3.7
07/03/2022 11:00,10,13.7,157,2
07/03/2022 12:00,6,12.4,135,2.2
07/03/2022 12:00,7,13.6,21,3.6
07/03/2022 12:00,8,14.8,42,4
07/03/2022 12:00,9,11.1,3,2.5
07/03/2022 12:00,10,13.2,6,3.1
07/03/2022 13:00,6,11.4,90,2.4
07/03/2022 13:00,7,10.4,256,1.8
07/03/2022 13:00,8,13.2,99,2.4
07/03/2022 13:00,9,14.1,141,2.7
07/03/2022 13:00,10,13.6,89,3.5
07/03/2022 14:00,6,9.2,217,3.7
07/03/2022 14:00,7,10.6,306,3
07/03/2022 14:00,8,10.8,29,4.1
07/03/2022 14:00,9,14.7,282,2.5
07/03/2022 14:00,10,10.9,95,2.1
07/03/2022 15:00,6,9.9,63,3.4
07/03/2022 15:00,7,11.3,225,3
07/03/2022 15:00,8,14.8,270,2.1
07/03/2022 15:00,9,14.9,16,1.9
07/03/2022 15:00,10,14.9,257,2.8
07/03/2022 16:00,6,13.3,290,2.9
07/03/2022 16:00,7,14.7,254,4.4
07/03/2022 16:00,8,11.5,268,3.7
07/03/2022 16:00,9,13,28,3
07/03/2022 16:00,10,11.9,322,2.1
07/03/2022 17:00,6,10.7,278,2.5
07/03/2022 17:00,7,9.1,334,4.5
07/03/2022 17:00,8,10,269,4.2
07/03/2022 17:00,9,14.5,126,3.8
07/03/2022 17:00,10,13.8,120,1.9
07/03/2022 18:00,6,14.1,66,3.6
07/03/2022 18:00,7,10.2,349,1.6
07/03/2022 18:00,8,12.2,136,3.8
07/03/2022 18:00,9,10.7,298,2.8
07/03/2022 18:00,10,12.2,225,1.8
07/03/2022 19:00,6,12.8,128,3.4
07/03/2022 19:00,7,9.2,242,3.7
07/03/2022 19:00,8,9,285,2.2
07/03/2022 19:00,9,11.8,179,2.5
07/03/2022 19:00,10,11.4,155,4
07/03/2022 20:00,6,11.5,37,3.6
07/03/2022 20:00,7,9,255,4.3
07/03/2022 20:00,8,11.3,97,1.8
07/03/2022 20:00,9,14.4,355,4.3
07/03/2022 20:00,10,12.7,80,3.9
07/03/2022 21:00,6,10.6,168,4.4
07/03/2022 21:00,7,12.2,41,2.9
07/03/2022 21:00,8,15,36,1.6
07/03/2022 21:00,9,13.2,235,3.5
07/03/2022 21:00,10,12.2,71,4.3
07/03/2022 22:00,6,9.6,246,4.2
07/03/2022 22:00,7,12.1,124,2.9
07/03/2022 22:00,8,14.2,67,2.3
07/03/2022 22:00,9,11,10,4
07/03/2022 22:00,10,11.2,75,3.4
07/03/2022 23:00,6,9.2,174,2.2
07/03/2022 23:00,7,11.3,320,4.4
07/03/2022 23:00,8,13.4,178,2.5
07/03/2022 23:00,9,13.3,288,3.9
07/03/2022 23:00,10,12.6,272,4.1
08/03/2022 00:00,6,14.7,255,2.4
08/03/2022 00:00,7,14.1,115,2
08/03/2022 00:00,8,13,73,2.4
08/03/2022 00:00,9,10.2,206,1.7
08/03/2022 00:00,10,11.3,56,4.3
08/03/2022 01:00,6,10.7,217,3
08/03/2022 01:00,7,12.3,254,4.1
08/03/2022 01:00,8,9,60,4.4
08/03/2022 01:00,9,9.9,28,2.7
08/03/2022 01:00,10,14.5,247,4.2
08/03/2022 02:00,6,9,290,3.2
08/03/2022 02:00,7,11.4,308,4
08/03/2022 02:00,8,12.1,191,4.4
08/03/2022 02:00,9,14.5,277,4.1
08/03/2022 02:00,10,12,174,4
08/03/2022 03:00,6,12.5,148,2
08/03/2022 03:00,7,12.2,159,2.3
08/03/2022 03:00,8,13.2,312,2.4
08/03/2022 03:00,9,9.9,101,2
08/03/2022 03:00,10,13.8,51,4.3
08/03/2022 04:00,6,15,310,1.5
08/03/2022 04:00,7,13.8,92,3.2
08/03/2022 04:00,8,12.2,357,3.6
08/03/2022 04:00,9,12.1,299,2.1
08/03/2022 04:00,10,10.6,144,3.8
08/03/2022 05:00,6,12.5,332,4
08/03/2022 05:00,7,11.3,139,2.5
08/03/2022 05:00,8,13.7,105,3.8
08/03/2022 05:00,9,10,112,3.6
08/03/2022 05:00,10,10.8,289,2
08/03/2022 06:00,6,11.6,342,3.7
08/03/2022 06:00,7,14.4,51,3.5
08/03/2022 06:00,8,14.6,282,2.3
08/03/2022 06:00,9,13.2,278,3.3
08/03/2022 06:00,10,12.7,138,3
08/03/2022 07:00,6,14.1,193,3
08/03/2022 07:00,7,11.3,331,2.1
08/03/2022 07:00,8,14,264,4.2
08/03/2022 07:00,9,14.3,150,4
08/03/2022 07:00,10,10.6,172,2.9
08/03/2022 08:00,6,14.5,66,3.3
08/03/2022 08:00,7,13.4,330,3.2
08/03/2022 08:00,8,11.1,114,4
08/03/2022 08:00,9,10.8,333,3.6
08/03/2022 08:00,10,9.9,353,2.3
08/03/2022 09:00,6,11.3,93,1.6
08/03/2022 09:00,7,10.9,168,3.9
08/03/2022 09:00,8,11.3,184,1.5
08/03/2022 09:00,9,13.2,124,2.7
08/03/2022 09:00,10,9.8,40,2.4
08/03/2022 10:00,6,9.7,137,1.6
08/03/2022 10:00,7,14.9,24,4.1
08/03/2022 10:00,8,9.6,153,3.6
08/03/2022 10:00,9,13,251,3.9
08/03/2022 10:00,10,10.9,62,2.5
08/03/2022 11:00,6,10.6,66,4.4
08/03/2022 11:00,7,10.2,150,3.4
08/03/2022 11:00,8,12.1,86,2.9
08/03/2022 11:00,9,10.1,55,1.8
08/03/2022 11:00,10,13.2,184,4.2
08/03/2022 12:00,6,14.1,237,2.4
08/03/2022 12:00,7,9.1,346,1.9
08/03/2022 12:00,8,10.2,184,2.1
08/03/2022 12:00,9,10.2,340,2.2
08/03/2022 12:00,10,11.5,159,2.6
08/03/2022 13:00,6,9.8,31,3.7
08/03/2022 13:00,7,11.5,92,2.2
08/03/2022 13:00,8,10,41,2.9
08/03/2022 13:00,9,13.3,61,1.8
08/03/2022 13:00,10,10.4,94,4.2
08/03/2022 14:00,6,12.1,74,4.4
08/03/2022 14:00,7,13.6,340,2.4
08/03/2022 14:00,8,15,358,4.2
08/03/2022 14:00,9,14.9,138,4.2
08/03/2022 14:00,10,9.3,137,1.5
08/03/2022 15:00,6,14.9,33,2.9
08/03/2022 15:00,7,11.7,281,3.1
08/03/2022 15:00,8,9,297,4.2
08/03/2022 15:00,9,11,259,4.2
08/03/2022 15:00,10,14.7,164,4.1
08/03/2022 16:00,6,9.3,35,2.2
08/03/2022 16:00,7,11.4,44,2.2
08/03/2022 16:00,8,14.9,347,2.5
08/03/2022 16:00,9,10.7,28,3.5
08/03/2022 16:00,10,9.9,169,2.1
08/03/2022 17:00,6,14.3,147,2.5
08/03/2022 17:00,7,14,24,2.1
08/03/2022 17:00,8,15,201,4.1
08/03/2022 17:00,9,14.5,117,1.6
08/03/2022 17:00,10,12.4,63,4.2
08/03/2022 18:00,6,10.3,26,1.9
08/03/2022 18:00,7,15,91,4.4
08/03/2022 18:00,8,13.1,127,2.5
08/03/2022 18:00,9,13.9,77,2.8
08/03/2022 18:00,10,10.3,186,2.2
08/03/2022 19:00,6,10.5,334,3.6
08/03/2022 19:00,7,11,212,2.6
08/03/2022 19:00,8,10.5,178,2.7
08/03/2022 19:00,9,14.2,190,3.6
08/03/2022 19:00,10,13.1,241,1.9
08/03/2022 20:00,6,14.9,67,4.5
08/03/2022 20:00,7,13.6,319,1.8
08/03/2022 20:00,8,14.7,43,2.1
08/03/2022 20:00,9,13.1,39,4.4
08/03/2022 20:00,10,10.4,161,2.8
08/03/2022 21:00,6,13.9,298,2.3
08/03/2022 21:00,7,12.2,188,3.4
08/03/2022 21:00,8,11.5,98,3.7
08/03/2022 21:00,9,14.9,71,3.7
08/03/2022 21:00,10,10.3,208,4
08/03/2022 22:00,6,11.6,242,3.2
08/03/2022 22:00,7,10.4,351,4.1
08/03/2022 22:00,8,13.3,110,2.1
08/03/2022 22:00,9,14,3,2.5
08/03/2022 22:00,10,11.5,168,1.8
08/03/2022 23:00,6,12.3,253,2.3
08/03/2022 23:00,7,11.9,37,2.5
08/03/2022 23:00,8,14,174,4.2
08/03/2022 23:00,9,14.8,208,3.2
08/03/2022 23:00,10,11.5,252,1.8
09/03/2022 00:00,6,13.4,30,1.5
09/03/2022 00:00,7,9.6,248,4
09/03/2022 00:00,8,13.2,116,1.5
09/03/2022 00:00,9,14.6,354,3.2
09/03/2022 00:00,10,14.6,273,2.7
09/03/2022 01:00,6,10.2,66,2.8
09/03/2022 01:00,7,12.3,216,1.7
09/03/2022 01:00,8,9.5,5,3.3
09/03/2022 01:00,9,14.5,204,2.2
09/03/2022 01:00,10,14.1,266,1.9
09/03/2022 02:00,6,11.1,53,3.8
09/03/2022 02:00,7,9.4,268,3.9
09/03/2022 02:00,8,9.8,221,1.9
09/03/2022 02:00,9,10.2,151,2.9
09/03/2022 02:00,10,10.8,317,2.3
09/03/2022 03:00,6,14.4,60,2.2
09/03/2022 03:00,7,11.8,295,1.8
09/03/2022 03:00,8,12.9,218,2.8
09/03/2022 03:00,9,11.1,45,3
09/03/2022 03:00,10,10.5,91,3.4
09/03/2022 04:00,6,12.9,141,3.2
09/03/2022 04:00,7,12.3,84,2
09/03/2022 04:00,8,12.7,113,2.3
09/03/2022 04:00,9,10.5,53,3.2
09/03/2022 04:00,10,10.6,83,2.5
09/03/2022 05:00,6,11.3,217,1.6
09/03/2022 05:00,7,13.2,271,2.6
09/03/2022 05:00,8,12.7,191,2.5
09/03/2022 05:00,9,13.4,8,1.7
09/03/2022 05:00,10,12.7,163,2.6
09/03/2022 06:00,6,11.9,19,4.3
09/03/2022 06:00,7,12.2,181,2.3
09/03/2022 06:00,8,14.6,287,1.7
09/03/2022 06:00,9,12.7,190,3.5
09/03/2022 06:00,10,12.9,224,3.8
09/03/2022 07:00,6,13.2,12,3
09/03/2022 07:00,7,9.6,287,3.2
09/03/2022 07:00,8,11.2,183,1.6
09/03/2022 07:00,9,10.9,158,4.4
09/03/2022 07:00,10,10.1,311,4.1
09/03/2022 08:00,6,9.2,18,4.2
09/03/2022 08:00,7,9.4,295,3.4
09/03/2022 08:00,8,10.6,56,2.6
09/03/2022 08:00,9,12.2,11,3.5
09/03/2022 08:00,10,11.3,176,2.4
09/03/2022 09:00,6,14.1,317,1.6
09/03/2022 09:00,7,14.6,161,3.4
09/03/2022 09:00,8,9.3,178,2.6
09/03/2022 09:00,9,11.1,244,2.2
09/03/2022 09:00,10,13,177,2.4
09/03/2022 10:00,6,13.6,306,2.2
09/03/2022 10:00,7,14.6,347,2.3
09/03/2022 10:00,8,14.2,227,4.2
09/03/2022 10:00,9,13.7,62,2.4
09/03/2022 10:00,10,12.4,289,3
09/03/2022 11:00,6,9.2,211,3.1
09/03/2022 11:00,7,10.1,258,4.1
09/03/2022 11:00,8,12.1,130,3
09/03/2022 11:00,9,10.7,324,2.8
09/03/2022 11:00,10,12.4,169,2.6
09/03/2022 12:00,6,14.3,204,1.9
09/03/2022 12:00,7,10.8,322,1.8
09/03/2022 12:00,8,13.7,163,3.5
09/03/2022 12:00,9,14.3,31,2.6
09/03/2022 12:00,10,13.7,45,1.7
09/03/2022 13:00,6,11.8,141,2.7
09/03/2022 13:00,7,12.4,61,4.1
09/03/2022 13:00,8,14.7,41,4.3
09/03/2022 13:00,9,12.4,289,2.2
09/03/2022 13:00,10,10.6,345,3.3
09/03/2022 14:00,6,14.7,171,1.8
09/03/2022 14:00,7,11.7,94,3.7
09/03/2022 14:00,8,10.1,30,4.4
09/03/2022 14:00,9,9.2,50,2.7
09/03/2022 14:00,10,14.7,177,2.3
09/03/2022 15:00,6,9.2,59,2.6
09/03/2022 15:00,7,12,41,2.8
09/03/2022 15:00,8,9.9,258,1.7
09/03/2022 15:00,9,12.9,304,1.6
09/03/2022 15:00,10,13,278,2.4
09/03/2022 16:00,6,12.6,200,2.2
09/03/2022 16:00,7,10.9,85,2.8
09/03/2022 16:00,8,14.6,23,3.2
09/03/2022 16:00,9,9.4,186,4.5
09/03/2022 16:00,10,10.3,183,4.3
09/03/2022 17:00,6,12,331,4.4
09/03/2022 17:00,7,10.7,245,2.6
09/03/2022 17:00,8,12.7,255,2
09/03/2022 17:00,9,9,316,4
09/03/2022 17:00,10,13.2,177,2
09/03/2022 18:00,6,11.2,122,4.5
09/03/2022 18:00,7,11.1,230,1.5
09/03/2022 18:00,8,11.5,195,3.8
09/03/2022 18:00,9,13.4,153,3.9
09/03/2022 18:00,10,14.9,251,2.6
09/03/2022 19:00,6,13.9,257,2.2
09/03/2022 19:00,7,11.8,66,2.1
09/03/2022 19:00,8,13.5,158,1.9
09/03/2022 19:00,9,12.9,54,4.3
09/03/2022 19:00,10,12.1,183,3
09/03/2022 20:00,6,14.9,54,2.1
09/03/2022 20:00,7,14.8,9,3.4
09/03/2022 20:00,8,9.3,36,2.9
09/03/2022 20:00,9,13.1,18,4
09/03/2022 20:00,10,14,62,4.1
09/03/2022 21:00,6,10.6,287,2.9
09/03/2022 21:00,7,9.4,98,1.7
09/03/2022 21:00,8,12.3,210,4.3
09/03/2022 21:00,9,10.8,18,1.6
09/03/2022 21:00,10,13.1,3,3.2
09/03/2022 22:00,6,14.5,174,4.4
09/03/2022 22:00,7,10.3,265,3.7
09/03/2022 22:00,8,11.7,27,3.8
09/03/2022 22:00,9,14.9,105,3.9
09/03/2022 22:00,10,14.6,104,3.5
09/03/2022 23:00,6,10.6,79,2.4
09/03/2022 23:00,7,12,217,3.5
09/03/2022 23:00,8,10.3,1,2.4
09/03/2022 23:00,9,14.6,341,4.4
09/03/2022 23:00,10,9.7,270,3.2
10/03/2022 00:00,6,11,345,3.9
10/03/2022 00:00,7,10.2,113,2
10/03/2022 00:00,8,14.8,202,3.7
10/03/2022 00:00,9,9.8,265,3.1
10/03/2022 00:00,10,11.5,314,4.5
10/03/2022 01:00,6,12.6,180,1.6
10/03/2022 01:00,7,13.7,8,3.2
10/03/2022 01:00,8,11.5,300,1.6
10/03/2022 01:00,9,9.3,32,1.7
10/03/2022 01:00,10,13,358,3.4
10/03/2022 02:00,6,14.6,123,3.2
10/03/2022 02:00,7,10.9,77,1.9
10/03/2022 02:00,8,10,305,4.4
10/03/2022 02:00,9,10.6,252,2.1
10/03/2022 02:00,10,10.3,311,3.3
10/03/2022 03:00,6,10.1,305,2.9
10/03/2022 03:00,7,13.1,116,3.4
10/03/2022 03:00,8,14.3,4,4.1
10/03/2022 03:00,9,10.5,15,4.2
10/03/2022 03:00,10,9.1,319,3.9
10/03/2022 04:00,6,14,167,3.2
10/03/2022 04:00,7,11.8,303,4.3
10/03/2022 04:00,8,12.9,173,4.1
10/03/2022 04:00,9,15,122,3.8
10/03/2022 04:00,10,13.6,82,3.5
10/03/2022 05:00,6,14.2,119,2.4
10/03/2022 05:00,7,15,80,3.8
10/03/2022 05:00,8,10.3,225,1.8
10/03/2022 05:00,9,12.2,140,3
10/03/2022 05:00,10,11.5,118,3.5
10/03/2022 06:00,6,11.3,271,4.3
10/03/2022 06:00,7,13.8,102,3
10/03/2022 06:00,8,11.8,315,1.9
10/03/2022 06:00,9,14.7,280,3.3
10/03/2022 06:00,10,13.1,28,2.8
10/03/2022 07:00,6,9.3,153,4.4
10/03/2022 07:00,7,11,193,1.8
10/03/2022 07:00,8,9.6,196,3.3
10/03/2022 07:00,9,11.1,41,3.2
10/03/2022 07:00,10,13,28,3.4
10/03/2022 08:00,6,11.1,173,1.8
10/03/2022 08:00,7,11.9,169,3.6
10/03/2022 08:00,8,12.7,95,2.6
10/03/2022 08:00,9,14.7,123,3.7
10/03/2022 08:00,10,12.1,56,2.3
10/03/2022 09:00,6,10.7,155,3.4
10/03/2022 09:00,7,13,42,4
10/03/2022 09:00,8,11.5,188,4.4
10/03/2022 09:00,9,11.8,30,3.4
10/03/2022 09:00,10,13,274,3.1
10/03/2022 10:00,6,14.8,25,1.7
10/03/2022 10:00,7,9.1,129,3.3
10/03/2022 10:00,8,9.4,232,3.1
10/03/2022 10:00,9,12.4,125,3.7
10/03/2022 10:00,10,11,315,2.7
10/03/2022 11:00,6,11.6,17,1.9
10/03/2022 11:00,7,11.8,225,4.2
10/03/2022 11:00,8,14.9,129,2.7
10/03/2022 11:00,9,13.1,146,3
10/03/2022 11:00,10,11.4,131,2.1
10/03/2022 12:00,6,11.6,216,1.5
10/03/2022 12:00,7,13.4,301,3
10/03/2022 12:00,8,12.9,291,4
10/03/2022 12:00,9,11.6,234,4.3
10/03/2022 12:00,10,13,89,3.3
10/03/2022 13:00,6,11.8,258,2.8
10/03/2022 13:00,7,9.1,103,2.8
10/03/2022 13:00,8,10.2,235,2.4
10/03/2022 13:00,9,9.9,304,1.5
10/03/2022 13:00,10,12.9,237,2.5
10/03/2022 14:00,6,9.9,150,3.4
10/03/2022 14:00,7,14.9,0,1.9
10/03/2022 14:00,8,10,139,4.4
10/03/2022 14:00,9,12.3,344,2.3
10/03/2022 14:00,10,14.2,108,4
10/03/2022 15:00,6,12.6,247,2.7
10/03/2022 15:00,7,9.9,319,3.6
10/03/2022 15:00,8,9.6,24,2.3
10/03/2022 15:00,9,12.5,67,3
10/03/2022 15:00,10,10,331,3.3
10/03/2022 16:00,6,10.5,208,2.1
10/03/2022 16:00,7,9.8,327,2.4
10/03/2022 16:00,8,10.2,27,3.2
10/03/2022 16:00,9,14.8,297,2.5
10/03/2022 16:00,10,13.1,21,4
10/03/2022 17:00,6,11.3,324,1.7
10/03/2022 17:00,7,14.1,321,1.7
10/03/2022 17:00,8,12,70,2.3
10/03/2022 17:00,9,14.6,175,4.1
10/03/2022 17:00,10,13.3,251,2.1
10/03/2022 18:00,6,11.2,20,2.8
10/03/2022 18:00,7,14.4,49,2.1
10/03/2022 18:00,8,10.1,69,3.7
10/03/2022 18:00,9,13.4,242,1.6
10/03/2022 18:00,10,13.1,263,2.3
10/03/2022 19:00,6,9.2,51,2
10/03/2022 19:00,7,11.6,207,3.1
10/03/2022 19:00,8,13.9,179,3.9
10/03/2022 19:00,9,11.8,151,2.3
10/03/2022 19:00,10,13.9,213,2.6
10/03/2022 20:00,6,12.6,317,2.5
10/03/2022 20:00,7,11.9,179,3.9
10/03/2022 20:00,8,9,126,4.1
10/03/2022 20:00,9,12.3,267,2.9
10/03/2022 20:00,10,12.5,52,3.2
10/03/2022 21:00,6,11.2,197,2
10/03/2022 21:00,7,13.1,22,3
10/03/2022 21:00,8,14.1,184,2.6
10/03/2022 21:00,9,13.3,203,2.6
10/03/2022 21:00,10,10.6,343,3
10/03/2022 22:00,6,10.1,96,3
10/03/2022 22:00,7,14.7,235,4.2
10/03/2022 22:00,8,10.4,351,3.8
10/03/2022 22:00,9,10.7,32,3.6
10/03/2022 22:00,10,11.6,17,1.5
10/03/2022 23:00,6,13.7,152,3.1
10/03/2022 23:00,7,14,49,2.4
10/03/2022 23:00,8,13.5,91,3.5
10/03/2022 23:00,9,12.3,262,2.8
10/03/2022 23:00,10,14,78,2.6
11/03/2022 00:00,6,13.1,248,2.2
11/03/2022 00:00,7,11.5,85,4.3
11/03/2022 00:00,8,12.3,221,4.2
11/03/2022 00:00,9,11.3,9,2.5
11/03/2022 00:00,10,10.8,30,2.7
11/03/2022 01:00,6,13.2,54,2
11/03/2022 01:00,7,9.7,131,4
11/03/2022 01:00,8,13.8,260,2.4
11/03/2022 01:00,9,9.6,238,2.6
11/03/2022 01:00,10,9,179,1.8
11/03/2022 02:00,6,13.2,159,2.2
11/03/2022 02:00,7,11.1,154,4.1
11/03/2022 02:00,8,10.6,77,1.7
11/03/2022 02:00,9,12,318,4.3
11/03/2022 02:00,10,10.8,252,4
11/03/2022 03:00,6,10.6,126,2.3
11/03/2022 03:00,7,13.5,133,2.5
11/03/2022 03:00,8,11.1,7,2.2
11/03/2022 03:00,9,13.5,116,2.7
11/03/2022 03:00,10,11.5,307,3.4
11/03/2022 04:00,6,13,310,3.3
11/03/2022 04:00,7,12.5,114,3.1
11/03/2022 04:00,8,13.5,59,2.1
11/03/2022 04:00,9,14.1,296,2.5
11/03/2022 04:00,10,12.6,356,4.4
11/03/2022 05:00,6,13.5,197,1.6
11/03/2022 05:00,7,12.4,7,2.7
11/03/2022 05:00,8,10.2,192,4.4
11/03/2022 05:00,9,14.4,155,2.9
11/03/2022 05:00,10,13.3,218,2.6
11/03/2022 06:00,6,11.5,96,3.8
11/03/2022 06:00,7,12.9,121,2.3
11/03/2022 06:00,8,10.3,344,3.7
11/03/2022 06:00,9,12.6,181,3.6
11/03/2022 06:00,10,10,352,3.8
11/03/2022 07:00,6,9.3,6,2.5
11/03/2022 07:00,7,12,164,4.3
11/03/2022 07:00,8,14.4,131,1.9
11/03/2022 07:00,9,11.7,212,4.2
11/03/2022 07:00,10,14.9,84,3.2
11/03/2022 08:00,6,10.6,193,3.5
11/03/2022 08:00,7,11.1,55,2.2
11/03/2022 08:00,8,10.8,15,4.1
11/03/2022 08:00,9,9.8,14,1.6
11/03/2022 08:00,10,9.3,195,2.5
11/03/2022 09:00,6,12.6,43,3.1
11/03/2022 09:00,7,11.2,152,3.8
11/03/2022 09:00,8,12.1,162,4.4
11/03/2022 09:00,9,9.9,25,2.9
11/03/2022 09:00,10,12.4,22,4
11/03/2022 10:00,6,13.3,346,3.9
11/03/2022 10:00,7,11.5,241,3.2
11/03/2022 10:00,8,10.9,134,2.7
11/03/2022 10:00,9,10.4,117,3.9
11/03/2022 10:00,10,11.7,63,4.1
11/03/2022 11:00,6,14.9,72,3.6
11/03/2022 11:00,7,13.3,81,4.2
11/03/2022 11:00,8,12.4,77,1.7
11/03/2022 11:00,9,10.4,107,2.1
11/03/2022 11:00,10,13.9,210,2.9
11/03/2022 12:00,6,9.6,27,4.1
11/03/2022 12:00,7,10.3,136,4.5
11/03/2022 12:00,8,10.1,172,3.5
11/03/2022 12:00,9,10.2,111,3.4
11/03/2022 12:00,10,9.8,347,2.4
11/03/2022 13:00,6,11.3,339,3.9
11/03/2022 13:00,7,13.5,23,4.1
11/03/2022 13:00,8,9.6,299,4.3
11/03/2022 13:00,9,13.4,71,3.6
11/03/2022 13:00,10,11.4,211,3.2
11/03/2022 14:00,6,10.1,156,3.7
11/03/2022 14:00,7,14.8,60,3.8
11/03/2022 14:00,8,10,338,3.6
11/03/2022 14:00,9,10.9,67,2.5
11/03/2022 14:00,10,10.2,189,4.1
11/03/2022 15:00,6,13.8,254,3.5
11/03/2022 15:00,7,11.7,126,3.5
11/03/2022 15:00,8,9.6,332,3.6
11/03/2022 15:00,9,11.7,29,3.3
11/03/2022 15:00,10,14,104,4.2
11/03/2022 16:00,6,13.4,190,3.5
11/03/2022 16:00,7,10.4,305,1.9
11/03/2022 16:00,8,9.7,78,2.8
11/03/2022 16:00,9,11.4,146,3.5
11/03/2022 16:00,10,13.3,239,2.1
11/03/2022 17:00,6,14.9,295,2.4
11/03/2022 17:00,7,12.9,325,2.2
11/03/2022 17:00,8,12,123,3.4
11/03/2022 17:00,9,10.9,108,4.2
11/03/2022 17:00,10,12.4,162,2.8
11/03/2022 18:00,6,11,12,2.7
11/03/2022 18:00,7,13.9,253,3.2
11/03/2022 18:00,8,10.5,132,3.1
11/03/2022 18:00,9,10.1,355,2.2
11/03/2022 18:00,10,13.9,135,4.3
11/03/2022 19:00,6,11.2,320,3.1
11/03/2022 19:00,7,11.7,109,1.6
11/03/2022 19:00,8,9.7,213,4.2
11/03/2022 19:00,9,12.5,268,4.1
11/03/2022 19:00,10,10.6,82,2.5
11/03/2022 20:00,6,10.7,171,3.6
11/03/2022 20:00,7,14.8,283,4.3
11/03/2022 20:00,8,14.3,95,4
11/03/2022 20:00,9,14.6,86,2.1
11/03/2022 20:00,10,14.6,200,2
11/03/2022 21:00,6,9.7,311,2.4
11/03/2022 21:00,7,13.4,206,2.3
11/03/2022 21:00,8,12.8,114,3.6
11/03/2022 21:00,9,9.9,288,2.9
11/03/2022 21:00,10,12.1,166,2.1
11/03/2022 22:00,6,11.5,83,2.3
11/03/2022 22:00,7,9.1,249,2.4
11/03/2022 22:00,8,9.7,51,2.7
11/03/2022 22:00,9,13.4,94,3.7
11/03/2022 22:00,10,9.6,103,2.1
11/03/2022 23:00,6,10.6,260,4.2
11/03/2022 23:00,7,10.3,307,1.8
11/03/2022 23:00,8,11.3,358,3.1
11/03/2022 23:00,9,9.7,305,4.4
11/03/2022 23:00,10,10.5,54,2.5
12/03/2022 00:00,6,13.4,248,3.1
12/03/2022 00:00,7,12.4,86,3.6
12/03/2022 00:00,8,13.5,193,1.8
12/03/2022 00:00,9,11.3,356,1.6
12/03/2022 00:00,10,9.2,121,2.7
12/03/2022 01:00,6,13.2,142,2.3
12/03/2022 01:00,7,11.9,241,2.6
12/03/2022 01:00,8,11,5,2.3
12/03/2022 01:00,9,11.6,269,4
12/03/2022 01:00,10,12.2,308,2.7
12/03/2022 02:00,6,11.6,134,4.3
12/03/2022 02:00,7,9.9,337,2
12/03/2022 02:00,8,14.6,17,2.3
12/03/2022 02:00,9,11.1,1,3.2
12/03/2022 02:00,10,10.9,356,4.5
12/03/2022 03:00,6,9.9,332,4.1
12/03/2022 03:00,7,9.4,348,4.4
12/03/2022 03:00,8,14.7,352,2.6
12/03/2022 03:00,9,14.2,223,2.5
12/03/2022 03:00,10,11.3,137,4.4
12/03/2022 04:00,6,12.6,75,4.3
12/03/2022 04:00,7,13.1,320,4.4
12/03/2022 04:00,8,14,165,2.2
12/03/2022 04:00,9,9.9,218,4.5
12/03/2022 04:00,10,13.1,89,2.5
12/03/2022 05:00,6,14.1,317,3.8
12/03/2022 05:00,7,9.7,97,1.7
12/03/2022 05:00,8,11.2,102,2.7
12/03/2022 05:00,9,9.1,26,2.2
12/03/2022 05:00,10,9.3,17,2.6
12/03/2022 06:00,6,12.8,317,3
12/03/2022 06:00,7,14.2,298,1.9
12/03/2022 06:00,8,14,187,3.1
12/03/2022 06:00,9,9.3,201,3.6
12/03/2022 06:00,10,10.9,316,2.1
12/03/2022 07:00,6,12.4,157,3.5
12/03/2022 07:00,7,15,139,1.9
12/03/2022 07:00,8,14.8,189,2.8
12/03/2022 07:00,9,14.9,178,4.4
12/03/2022 07:00,10,12,177,1.6
12/03/2022 08:00,6,12.5,258,4.4
12/03/2022 08:00,7,14,207,1.7
12/03/2022 08:00,8,11,161,1.9
12/03/2022 08:00,9,9.7,130,2
12/03/2022 08:00,10,9.4,342,2
12/03/2022 09:00,6,14.6,84,1.9
12/03/2022 09:00,7,14.2,95,4
12/03/2022 09:00,8,9.7,142,3.8
12/03/2022 09:00,9,9.1,135,4
12/03/2022 09:00,10,14.2,112,3.4
12/03/2022 10:00,6,9.6,200,2.9
12/03/2022 10:00,7,13.3,214,4.4
12/03/2022 10:00,8,12.2,269,4.2
12/03/2022 10:00,9,14,294,3.4
12/03/2022 10:00,10,11.3,105,2.5
12/03/2022 11:00,6,11.1,194,2.1
12/03/2022 11:00,7,10.5,77,2.5
12/03/2022 11:00,8,11.5,255,3.3
12/03/2022 11:00,9,10.2,85,2.1
12/03/2022 11:00,10,14.6,227,4.4
12/03/2022 12:00,6,14,129,3.4
12/03/2022 12:00,7,10.6,160,2.9
12/03/2022 12:00,8,10.8,119,4.2
12/03/2022 12:00,9,14.2,22,1.8
12/03/2022 12:00,10,9.3,175,2.8
12/03/2022 13:00,6,14.7,11,3.4
12/03/2022 13:00,7,11.8,36,3
12/03/2022 13:00,8,9.6,67,3.8
12/03/2022 13:00,9,13.2,14,3.7
12/03/2022 13:00,10,13.3,221,4.2
12/03/2022 14:00,6,14.7,21,3.5
12/03/2022 14:00,7,10,182,2.6
12/03/2022 14:00,8,11.2,68,3.5
12/03/2022 14:00,9,13.3,190,1.7
12/03/2022 14:00,10,11,192,1.8
12/03/2022 15:00,6,11,56,1.5
12/03/2022 15:00,7,13.8,54,3.1
12/03/2022 15:00,8,10,128,4
12/03/2022 15:00,9,11.6,238,2.1
12/03/2022 15:00,10,13.6,139,3.1
12/03/2022 16:00,6,14.2,119,1.9
12/03/2022 16:00,7,11.2,97,1.7
12/03/2022 16:00,8,11.9,83,4
12/03/2022 16:00,9,14.4,253,2.6
12/03/2022 16:00,10,9.7,331,2.2
12/03/2022 17:00,6,10.5,254,4.1
12/03/2022 17:00,7,10.2,85,3.6
12/03/2022 17:00,8,12,339,3.4
12/03/2022 17:00,9,10.4,87,4.4
12/03/2022 17:00,10,10.2,207,3.1
12/03/2022 18:00,6,13.3,161,2.2
12/03/2022 18:00,7,13.8,138,1.6
12/03/2022 18:00,8,14.6,51,2.2
12/03/2022 18:00,9,10.5,25,3.3
12/03/2022 18:00,10,12,231,3.4
12/03/2022 19:00,6,10.6,40,3
12/03/2022 19:00,7,9.6,241,3.8
12/03/2022 19:00,8,10.3,21,4.2
12/03/2022 19:00,9,11.8,251,4.4
12/03/2022 19:00,10,15,217,2.7
12/03/2022 20:00,6,11.5,6,2
12/03/2022 20:00,7,9.9,71,3.1
12/03/2022 20:00,8,11.4,84,3.6
12/03/2022 20:00,9,10.6,262,4.1
12/03/2022 20:00,10,13,85,3
12/03/2022 21:00,6,12.9,24,1.8
12/03/2022 21:00,7,11.5,184,4
12/03/2022 21:00,8,11.8,66,2.7
12/03/2022 21:00,9,9.8,220,4
12/03/2022 21:00,10,13.4,207,2.1
12/03/2022 22:00,6,13.8,151,4
12/03/2022 22:00,7,14.8,31,2.8
12/03/2022 22:00,8,9.1,188,3.5
12/03/2022 22:00,9,9.2,99,3.2
12/03/2022 22:00,10,10.6,132,2.9
12/03/2022 23:00,6,9.3,3,2
12/03/2022 23:00,7,13.2,162,2.5
12/03/2022 23:00,8,13.6,127,2.7
12/03/2022 23:00,9,10.9,71,1.5
12/03/2022 23:00,10,10.7,98,3.7
13/03/2022 00:00,6,11.2,50,2.9
13/03/2022 00:00,7,14.1,282,1.8
13/03/2022 00:00,8,9.2,66,3.1
13/03/2022 00:00,9,13.2,87,4.1
13/03/2022 00:00,10,11.2,33,2
13/03/2022 01:00,6,14.2,127,3.6
13/03/2022 01:00,7,12.3,278,3
13/03/2022 01:00,8,12.1,141,1.8
13/03/2022 01:00,9,14,320,2.9
13/03/2022 01:00,10,14.4,207,1.6
13/03/2022 02:00,6,10.6,141,2.7
13/03/2022 02:00,7,10.7,12,1.6
13/03/2022 02:00,8,13.9,307,3.3
13/03/2022 02:00,9,14.4,44,2.8
13/03/2022 02:00,10,9.3,53,3.5
13/03/2022 03:00,6,10.4,67,2.3
13/03/2022 03:00,7,10.8,123,3.8
13/03/2022 03:00,8,13.9,20,1.7
13/03/2022 03:00,9,12.4,319,2.5
13/03/2022 03:00,10,14.1,289,3
13/03/2022 04:00,6,9.6,14,2.5
13/03/2022 04:00,7,10.4,172,2.2
13/03/2022 04:00,8,12.9,68,4
13/03/2022 04:00,9,14.8,294,3.7
13/03/2022 04:00,10,12.8,219,2.2
13/03/2022 05:00,6,11.2,332,1.7
13/03/2022 05:00,7,11.8,40,2.3
13/03/2022 05:00,8,12.1,92,4.5
13/03/2022 05:00,9,9.8,19,3.7
13/03/2022 05:00,10,10.4,195,2.2
13/03/2022 06:00,6,11.2,321,4.1
13/03/2022 06:00,7,12.2,222,2.1
13/03/2022 06:00,8,10,346,3.3
13/03/2022 06:00,9,12.6,311,1.8
13/03/2022 06:00,10,9.9,153,4
13/03/2022 07:00,6,10,164,3.3
13/03/2022 07:00,7,13.4,254,4.3
13/03/2022 07:00,8,12.8,160,4.3
13/03/2022 07:00,9,13,291,1.6
13/03/2022 07:00,10,11.9,116,3.2
13/03/2022 08:00,6,12.1,123,4.2
13/03/2022 08:00,7,13.1,27,2.6
13/03/2022 08:00,8,10.3,322,4.4
13/03/2022 08:00,9,13.4,107,4.3
13/03/2022 08:00,10,10.3,41,3
13/03/2022 09:00,6,11.7,191,3.7
13/03/2022 09:00,7,9.2,99,2.1
13/03/2022 09:00,8,13,145,3.1
13/03/2022 09:00,9,12.2,222,3.8
13/03/2022 09:00,10,11.8,46,2.3
13/03/2022 10:00,6,9.5,163,2
13/03/2022 10:00,7,9.6,303,2.3
13/03/2022 10:00,8,9.7,309,4.4
13/03/2022 10:00,9,11.8,347,2.2
13/03/2022 10:00,10,10.3,233,1.9
13/03/2022 11:00,6,10.4,267,1.7
13/03/2022 11:00,7,12.9,341,1.9
13/03/2022 11:00,8,11.7,84,2
13/03/2022 11:00,9,9.2,128,3.5
13/03/2022 11:00,10,11.7,248,2.6
13/03/2022 12:00,6,11.4,52,2.2
13/03/2022 12:00,7,9.6,209,2.4
13/03/2022 12:00,8,14.9,30,4.2
13/03/2022 12:00,9,11.6,40,4.5
13/03/2022 12:00,10,13.7,317,2.6
13/03/2022 13:00,6,13.8,20,4
13/03/2022 13:00,7,9.2,111,3.3
13/03/2022 13:00,8,14.3,336,3.4
13/03/2022 13:00,9,11.2,356,3.7
13/03/2022 13:00,10,11.1,181,1.6
13/03/2022 14:00,6,10.5,130,1.5
13/03/2022 14:00,7,13.7,298,3.4
13/03/2022 14:00,8,11.8,356,1.7
13/03/2022 14:00,9,9.7,18,3.4
13/03/2022 14:00,10,14.6,259,3.6
13/03/2022 15:00,6,10.4,109,2.8
13/03/2022 15:00,7,12.1,201,2.5
13/03/2022 15:00,8,10.7,44,3.5
13/03/2022 15:00,9,10.3,117,2.1
13/03/2022 15:00,10,14.5,75,3.3
13/03/2022 16:00,6,11.7,149,3.9
13/03/2022 16:00,7,10.1,120,2
13/03/2022 16:00,8,11.1,220,1.5
13/03/2022 16:00,9,13.4,315,4
13/03/2022 16:00,10,9.5,242,3.6
13/03/2022 17:00,6,10,203,2.8
13/03/2022 17:00,7,11.3,314,2.1
13/03/2022 17:00,8,13.7,159,2.2
13/03/2022 17:00,9,11,74,3.2
13/03/2022 17:00,10,14.4,210,3.5
13/03/2022 18:00,6,9.5,203,1.6
13/03/2022 18:00,7,13.5,56,3.8
13/03/2022 18:00,8,12.3,67,2.3
13/03/2022 18:00,9,11.5,327,4.5
13/03/2022 18:00,10,14.4,127,3.7
13/03/2022 19:00,6,12.5,269,3.3
13/03/2022 19:00,7,14,358,2.8
13/03/2022 19:00,8,14.7,66,2.5
13/03/2022 19:00,9,11.3,134,2.2
13/03/2022 19:00,10,10.7,69,3.2
13/03/2022 20:00,6,10.3,305,2
13/03/2022 20:00,7,13.4,138,1.8
13/03/2022 20:00,8,13.2,327,2.7
13/03/2022 20:00,9,14.7,42,1.9
13/03/2022 20:00,10,14.6,122,2.2
13/03/2022 21:00,6,10.9,42,3
13/03/2022 21:00,7,11.7,344,4.3
13/03/2022 21:00,8,14.2,290,4.3
13/03/2022 21:00,9,12.5,7,4.1
13/03/2022 21:00,10,13.1,335,4.4
13/03/2022 22:00,6,10.1,41,3.9
13/03/2022 22:00,7,10.3,243,4.5
13/03/2022 22:00,8,14.8,1,4
13/03/2022 22:00,9,9.5,69,2.6
13/03/2022 22:00,10,13.8,310,2.2
13/03/2022 23:00,6,9.7,92,4.1
13/03/2022 23:00,7,14.2,65,2.5
13/03/2022 23:00,8,11,228,2.1
13/03/2022 23:00,9,9.2,139,4.2
13/03/2022 23:00,10,10.8,302,2.9
14/03/2022 00:00,6,10.6,84,3.8
14/03/2022 00:00,7,12.1,70,4
14/03/2022 00:00,8,11,85,4
14/03/2022 00:00,9,12.5,318,2.6
14/03/2022 00:00,10,11.3,5,3.7
14/03/2022 01:00,6,10.9,187,3.3
14/03/2022 01:00,7,11.4,93,1.7
14/03/2022 01:00,8,9.9,292,4.2
14/03/2022 01:00,9,10.9,283,4.3
14/03/2022 01:00,10,12.8,63,4.2
14/03/2022 02:00,6,13.3,241,3.5
14/03/2022 02:00,7,13.6,287,2.5
14/03/2022 02:00,8,12.1,157,2.4
14/03/2022 02:00,9,10.7,85,3.3
14/03/2022 02:00,10,12.6,134,1.7
14/03/2022 03:00,6,10.3,60,3.5
14/03/2022 03:00,7,9.6,219,3.6
14/03/2022 03:00,8,13.8,320,2
14/03/2022 03:00,9,10,220,1.6
14/03/2022 03:00,10,10.7,63,2.2
14/03/2022 04:00,6,10.5,327,2.5
14/03/2022 04:00,7,13.5,197,2.3
14/03/2022 04:00,8,13.1,274,2.3
14/03/2022 04:00,9,9.3,150,4.3
14/03/2022 04:00,10,11.2,77,2
14/03/2022 05:00,6,10.4,225,2
14/03/2022 05:00,7,11.4,183,4.3
14/03/2022 05:00,8,10.9,81,2.9
14/03/2022 05:00,9,13.6,189,2.3
14/03/2022 05:00,10,12.2,239,2.6
14/03/2022 06:00,6,12.4,142,3.3
14/03/2022 06:00,7,10.3,250,3.1
14/03/2022 06:00,8,11.1,9,2.5
14/03/2022 06:00,9,14.4,97,2.5
14/03/2022 06:00,10,9.3,129,1.7
14/03/2022 07:00,6,11.5,142,3.1
14/03/2022 07:00,7,14.1,94,3.9
14/03/2022 07:00,8,12.5,158,3.8
14/03/2022 07:00,9,10.7,56,3.8
14/03/2022 07:00,10,12.8,167,4.1
14/03/2022 08:00,6,11.9,243,3.1
14/03/2022 08:00,7,14.3,167,4.2
14/03/2022 08:00,8,14.3,71,2.8
14/03/2022 08:00,9,12.3,168,1.9
14/03/2022 08:00,10,12.2,50,3.9
14/03/2022 09:00,6,11.5,114,4.2
14/03/2022 09:00,7,11.7,304,3.6
14/03/2022 09:00,8,14.6,190,1.8
14/03/2022 09:00,9,11.3,182,3.7
14/03/2022 09:00,10,14.3,357,1.5
14/03/2022 10:00,6,10.7,308,3.9
14/03/2022 10:00,7,14.8,78,1.6
14/03/2022 10:00,8,10.5,213,2.3
14/03/2022 10:00,9,10.5,147,2.4
14/03/2022 10:00,10,14.8,152,1.8
14/03/2022 11:00,6,10.8,160,3.6
14/03/2022 11:00,7,12.3,23,4.4
14/03/2022 11:00,8,11.5,110,3.9
14/03/2022 11:00,9,10.7,76,1.5
14/03/2022 11:00,10,13.2,310,3.1
14/03/2022 12:00,6,11.6,147,4.4
14/03/2022 12:00,7,12.8,340,4
14/03/2022 12:00,8,9.3,206,2.4
14/03/2022 12:00,9,14.6,304,2.5
14/03/2022 12:00,10,14.9,139,3.8
14/03/2022 13:00,6,10.8,232,3.5
14/03/2022 13:00,7,12.3,268,1.7
14/03/2022 13:00,8,13,277,2.6
14/03/2022 13:00,9,9.7,274,2.7
14/03/2022 13:00,10,10.9,113,4
14/03/2022 14:00,6,13.1,82,3.6
14/03/2022 14:00,7,14.7,182,2.1
14/03/2022 14:00,8,13.9,357,3.2
14/03/2022 14:00,9,10.7,18,3.2
14/03/2022 14:00,10,14.4,296,1.7
14/03/2022 15:00,6,9.1,210,1.9
14/03/2022 15:00,7,14,5,4.5
14/03/2022 15:00,8,14.2,125,2
14/03/2022 15:00,9,9.4,166,2.6
14/03/2022 15:00,10,9.8,214,4.5
14/03/2022 16:00,6,14.7,347,3.4
14/03/2022 16:00,7,10.1,78,3.1
14/03/2022 16:00,8,9.5,228,3.4
14/03/2022 16:00,9,15,122,2.9
14/03/2022 16:00,10,13.5,252,3.7
14/03/2022 17:00,6,11.8,262,2.8
14/03/2022 17:00,7,13.1,297,3.6
14/03/2022 17:00,8,14.4,81,4
14/03/2022 17:00,9,14.1,281,2.4
14/03/2022 17:00,10,12.9,90,4.2
14/03/2022 18:00,6,12.2,79,3.7
14/03/2022 18:00,7,13.5,324,3.4
14/03/2022 18:00,8,12.2,317,2.1
14/03/2022 18:00,9,10.9,216,3.5
14/03/2022 18:00,10,9.6,320,3.9
14/03/2022 19:00,6,13,320,1.7
14/03/2022 19:00,7,9.1,331,3.6
14/03/2022 19:00,8,13.9,179,3.3
14/03/2022 19:00,9,12.6,304,1.5
14/03/2022 19:00,10,12.2,345,1.8
14/03/2022 20:00,6,11.7,304,3.1
14/03/2022 20:00,7,9.2,351,4.1
14/03/2022 20:00,8,11.5,243,4.5
14/03/2022 20:00,9,9.2,276,2.8
14/03/2022 20:00,10,11.1,239,4.4
14/03/2022 21:00,6,9.3,228,4.2
14/03/2022 21:00,7,13.2,55,1.6
14/03/2022 21:00,8,13.4,259,2.3
14/03/2022 21:00,9,12,225,1.9
14/03/2022 21:00,10,11.6,282,2.9
14/03/2022 22:00,6,9.6,276,3.2
14/03/2022 22:00,7,11.8,258,2.1
14/03/2022 22:00,8,12.7,232,3.7
14/03/2022 22:00,9,10.7,143,1.9
14/03/2022 22:00,10,13,262,2.6
14/03/2022 23:00,6,10.7,135,2.5
14/03/2022 23:00,7,12.5,215,1.9
14/03/2022 23:00,8,11,235,2.1
14/03/2022 23:00,9,10.9,208,2.3
14/03/2022 23:00,10,11.4,343,3.4
15/03/2022 00:00,6,10.1,150,2.9
15/03/2022 00:00,7,9.8,179,4.4
15/03/2022 00:00,8,13.8,31,2.1
15/03/2022 00:00,9,12,219,1.8
15/03/2022 00:00,10,9.8,138,2.6
15/03/2022 01:00,6,12.6,105,4.5
15/03/2022 01:00,7,11.6,93,4.3
15/03/2022 01:00,8,12.7,28,3.6
15/03/2022 01:00,9,13.9,177,2.7
15/03/2022 01:00,10,11.4,159,3.3
15/03/2022 02:00,6,9.3,332,3.4
15/03/2022 02:00,7,10.5,233,3.2
15/03/2022 02:00,8,14.6,81,3
15/03/2022 02:00,9,12.3,259,2.1
15/03/2022 02:00,10,13.9,243,3.4
15/03/2022 03:00,6,12.3,193,1.9
15/03/2022 03:00,7,15,50,2.9
15/03/2022 03:00,8,12.7,326,3.6
15/03/2022 03:00,9,11.6,108,4.1
15/03/2022 03:00,10,11.4,32,4.3
15/03/2022 04:00,6,12.4,118,3.2
15/03/2022 04:00,7,10.7,309,1.5
15/03/2022 04:00,8,11.6,194,2.4
15/03/2022 04:00,9,9,109,3.5
15/03/2022 04:00,10,9.2,330,4
15/03/2022 05:00,6,10.6,306,3.8
15/03/2022 05:00,7,12,247,3.2
15/03/2022 05:00,8,10.9,161,3.8
15/03/2022 05:00,9,13.2,207,4.5
15/03/2022 05:00,10,13.4,114,2.8
15/03/2022 06:00,6,13.2,107,3.7
15/03/2022 06:00,7,11.5,147,3.1
15/03/2022 06:00,8,10.6,241,4.5
15/03/2022 06:00,9,11.2,180,3.6
15/03/2022 06:00,10,13.2,151,2.7
15/03/2022 07:00,6,12.3,45,3.4
15/03/2022 07:00,7,12.7,2,1.6
15/03/2022 07:00,8,12.1,97,3.7
15/03/2022 07:00,9,10.4,191,3.9
15/03/2022 07:00,10,9.2,342,4.1
15/03/2022 08:00,6,14.2,148,2.7
15/03/2022 08:00,7,10.1,227,2.1
15/03/2022 08:00,8,9.1,85,2.7
15/03/2022 08:00,9,14.1,123,4.3
15/03/2022 08:00,10,10.6,229,3.5
15/03/2022 09:00,6,12.5,194,3
15/03/2022 09:00,7,10.8,151,2.3
15/03/2022 09:00,8,10.7,105,4
15/03/2022 09:00,9,14.8,66,3.1
15/03/2022 09:00,10,12,132,3.4
15/03/2022 10:00,6,10.9,255,4.2
15/03/2022 10:00,7,13.4,205,2
15/03/2022 10:00,8,14.7,22,1.8
15/03/2022 10:00,9,12,321,3.9
15/03/2022 10:00,10,14.9,68,2.1
15/03/2022 11:00,6,12.9,69,3.5
15/03/2022 11:00,7,10.9,95,3.3
15/03/2022 11:00,8,14.1,83,4.4
15/03/2022 11:00,9,13.7,118,4.4
15/03/2022 11:00,10,13.5,318,3.1
15/03/2022 12:00,6,12.6,13,2.1
15/03/2022 12:00,7,10.7,285,4.2
15/03/2022 12:00,8,13.8,55,2
15/03/2022 12:00,9,13.2,43,4.3
15/03/2022 12:00,10,14.5,148,4.1
15/03/2022 13:00,6,10.5,260,3.2
15/03/2022 13:00,7,12.8,45,4.3
15/03/2022 13:00,8,12.5,307,2.7
15/03/2022 13:00,9,13.2,174,3.5
15/03/2022 13:00,10,12.4,9,1.7
15/03/2022 14:00,6,10.8,205,3
15/03/2022 14:00,7,13.7,70,4.4
15/03/2022 14:00,8,13.5,56,4.5
15/03/2022 14:00,9,12.9,306,3.3
15/03/2022 14:00,10,14.8,198,1.7
15/03/2022 15:00,6,13.8,351,3
15/03/2022 15:00,7,10,315,3.6
15/03/2022 15:00,8,11.3,48,4.2
15/03/2022 15:00,9,10.1,100,1.7
15/03/2022 15:00,10,10.3,222,4.3
15/03/2022 16:00,6,12.4,310,4
15/03/2022 16:00,7,9.9,346,2.5
15/03/2022 16:00,8,12.6,341,1.6
15/03/2022 16:00,9,14.8,266,3.6
15/03/2022 16:00,10,12.3,181,2.8
15/03/2022 17:00,6,9.5,55,2.9
15/03/2022 17:00,7,9.4,283,3.1
15/03/2022 17:00,8,13.5,271,3.2
15/03/2022 17:00,9,14.4,214,4
15/03/2022 17:00,10,12.3,299,4
15/03/2022 18:00,6,12,116,2.2
15/03/2022 18:00,7,13.9,294,4.1
15/03/2022 18:00,8,11.1,175,2.8
15/03/2022 18:00,9,14.7,328,3.4
15/03/2022 18:00,10,10.9,11,2.6
15/03/2022 19:00,6,13.9,214,3.9
15/03/2022 19:00,7,12.5,165,2.3
15/03/2022 19:00,8,9.3,265,4
15/03/2022 19:00,9,12.5,113,3.8
15/03/2022 19:00,10,9.5,107,1.7
15/03/2022 20:00,6,13.6,335,1.9
15/03/2022 20:00,7,9.3,77,3.9
15/03/2022 20:00,8,10.8,266,4.5
15/03/2022 20:00,9,10.5,80,4
15/03/2022 20:00,10,12.8,100,2.4
15/03/2022 21:00,6,13.2,78,2.6
15/03/2022 21:00,7,10,324,1.7
15/03/2022 21:00,8,12.6,103,2
15/03/2022 21:00,9,11.6,111,2.1
15/03/2022 21:00,10,11.1,114,3.7
15/03/2022 22:00,6,12.7,300,3.6
15/03/2022 22:00,7,12.8,169,2.9
15/03/2022 22:00,8,14.2,14,2.8
15/03/2022 22:00,9,10.8,217,3.6
15/03/2022 22:00,10,9.6,327,1.8
15/03/2022 23:00,6,9.8,129,3.5
15/03/2022 23:00,7,10.1,31,2.9
15/03/2022 23:00,8,14.8,322,2.2
15/03/2022 23:00,9,12,179,4.1
15/03/2022 23:00,10,11.9,296,2.5
16/03/2022 00:00,6,12,63,2.3
16/03/2022 00:00,7,14.2,347,3.3
16/03/2022 00:00,8,11.9,94,2.2
16/03/2022 00:00,9,11,144,2.8
16/03/2022 00:00,10,10.9,181,1.5
16/03/2022 01:00,6,9.2,88,1.9
16/03/2022 01:00,7,10.4,83,4.5
16/03/2022 01:00,8,10.9,48,4.3
16/03/2022 01:00,9,9.8,57,3.4
16/03/2022 01:00,10,12.3,342,2.2
16/03/2022 02:00,6,14.9,320,3.5
16/03/2022 02:00,7,10.8,261,2.2
16/03/2022 02:00,8,10.5,25,3.8
16/03/2022 02:00,9,9.6,267,2.7
16/03/2022 02:00,10,13.4,61,3.1
16/03/2022 03:00,6,14.9,179,1.6
16/03/2022 03:00,7,10.6,228,2.4
16/03/2022 03:00,8,10.1,302,2.7
16/03/2022 03:00,9,11.1,221,2.9
16/03/2022 03:00,10,9.9,222,3.4
16/03/2022 04:00,6,13.8,120,2.4
16/03/2022 04:00,7,9.5,314,3.6
16/03/2022 04:00,8,9.6,3,4.5
16/03/2022 04:00,9,10.5,69,2.9
16/03/2022 04:00,10,14,156,2.2
16/03/2022 05:00,6,9.1,20,4.4
16/03/2022 05:00,7,11.7,39,4.1
16/03/2022 05:00,8,12.5,26,2.9
16/03/2022 05:00,9,10,297,3.6
16/03/2022 05:00,10,10.9,114,2.7
16/03/2022 06:00,6,11,193,2
16/03/2022 06:00,7,11,105,4.1
16/03/2022 06:00,8,12.8,280,2.2
16/03/2022 06:00,9,12.9,104,2.8
16/03/2022 06:00,10,9.2,178,2.2
16/03/2022 07:00,6,14.2,43,1.7
16/03/2022 07:00,7,10.3,240,4.1
16/03/2022 07:00,8,11.3,127,2.5
16/03/2022 07:00,9,13.3,229,2.5
16/03/2022 07:00,10,13.3,195,4.3
16/03/2022 08:00,6,14.1,201,3.4
16/03/2022 08:00,7,12.1,202,4.1
16/03/2022 08:00,8,11.5,31,2.2
16/03/2022 08:00,9,12.2,246,3.5
16/03/2022 08:00,10,10.6,156,3.6
16/03/2022 09:00,6,9,352,2.4
16/03/2022 09:00,7,13.9,169,4
16/03/2022 09:00,8,9.4,256,4
16/03/2022 09:00,9,11.1,252,3
16/03/2022 09:00,10,13.2,350,2
16/03/2022 10:00,6,12.7,286,3.2
16/03/2022 10:00,7,14.8,334,1.6
16/03/2022 10:00,8,14.8,275,3.9
16/03/2022 10:00,9,9.2,177,2.2
16/03/2022 10:00,10,12.9,12,2.8
16/03/2022 11:00,6,11.1,80,2.9
16/03/2022 11:00,7,14.2,78,4
16/03/2022 11:00,8,9.1,96,4.4
16/03/2022 11:00,9,9.2,256,3.4
16/03/2022 11:00,10,10.7,127,3.2
16/03/2022 12:00,6,14.6,175,3
16/03/2022 12:00,7,14.3,118,2.7
16/03/2022 12:00,8,10.8,96,3.9
16/03/2022 12:00,9,13.9,293,2.6
16/03/2022 12:00,10,9.6,254,3.6
16/03/2022 13:00,6,12.4,58,3
16/03/2022 13:00,7,9.8,151,2.4
16/03/2022 13:00,8,10.4,229,3.2
16/03/2022 13:00,9,9.6,244,1.9
16/03/2022 13:00,10,13.8,222,3.5
16/03/2022 14:00,6,9.9,294,3.3
16/03/2022 14:00,7,12.2,57,4.3
16/03/2022 14:00,8,9.2,24,2.4
16/03/2022 14:00,9,11.5,233,4
16/03/2022 14:00,10,14.6,96,2.5
16/03/2022 15:00,6,10.5,315,4
16/03/2022 15:00,7,13.7,274,3.9
16/03/2022 15:00,8,13,53,2.8
16/03/2022 15:00,9,14,235,3.1
16/03/2022 15:00,10,9.4,269,3.6
16/03/2022 16:00,6,14.4,205,3.8
16/03/2022 16:00,7,9.2,187,2.6
16/03/2022 16:00,8,10.6,256,3
16/03/2022 16:00,9,10.7,105,3.4
16/03/2022 16:00,10,9.4,153,4.2
16/03/2022 17:00,6,10.4,344,4.1
16/03/2022 17:00,7,12.4,42,1.9
16/03/2022 17:00,8,11,143,2.7
16/03/2022 17:00,9,14.8,255,2.9
16/03/2022 17:00,10,10.1,235,4.5
16/03/2022 18:00,6,12.9,94,1.7
16/03/2022 18:00,7,10.4,323,3.8
16/03/2022 18:00,8,10.9,171,2.4
16/03/2022 18:00,9,10,187,2.9
16/03/2022 18:00,10,11.6,307,2
16/03/2022 19:00,6,10.2,46,4.5
16/03/2022 19:00,7,11.1,231,1.7
16/03/2022 19:00,8,10.5,336,4.3
16/03/2022 19:00,9,12.6,201,3.8
16/03/2022 19:00,10,14.5,205,4.3
16/03/2022 20:00,6,10,249,2.8
16/03/2022 20:00,7,14.5,58,1.8
16/03/2022 20:00,8,9.3,203,4.4
16/03/2022 20:00,9,13.4,122,2.1
16/03/2022 20:00,10,14.3,224,3.9
16/03/2022 21:00,6,10.3,2,1.8
16/03/2022 21:00,7,12.8,6,4.4
16/03/2022 21:00,8,11.3,23,2.8
16/03/2022 21:00,9,13.5,222,3.9
16/03/2022 21:00,10,10.8,248,3.3
16/03/2022 22:00,6,14,295,3
16/03/2022 22:00,7,13.7,166,1.9
16/03/2022 22:00,8,12.9,266,2.9
16/03/2022 22:00,9,11.4,350,1.7
16/03/2022 22:00,10,14.8,273,2.6
16/03/2022 23:00,6,13.7,343,2.3
16/03/2022 23:00,7,12.4,226,1.8
16/03/2022 23:00,8,10.4,282,3.3
16/03/2022 23:00,9,13.3,328,3.5
16/03/2022 23:00,10,9.3,6,2.3
17/03/2022 00:00,6,11.2,106,2.1
17/03/2022 00:00,7,12.4,256,2.8
17/03/2022 00:00,8,14.8,339,2.7
17/03/2022 00:00,9,15,47,3.2
17/03/2022 00:00,10,10.4,348,1.6
17/03/2022 01:00,6,12.5,145,2.2
17/03/2022 01:00,7,11.9,303,3.1
17/03/2022 01:00,8,11.4,250,2.5
17/03/2022 01:00,9,14.3,231,2.8
17/03/2022 01:00,10,12.8,85,2
17/03/2022 02:00,6,12.1,340,1.5
17/03/2022 02:00,7,14.6,238,3.4
17/03/2022 02:00,8,14,206,2.8
17/03/2022 02:00,9,10.4,319,3.7
17/03/2022 02:00,10,14,213,1.7
17/03/2022 03:00,6,10.1,100,1.7
17/03/2022 03:00,7,13.7,171,3.4
17/03/2022 03:00,8,9.8,148,1.8
17/03/2022 03:00,9,9.9,217,3.9
17/03/2022 03:00,10,9.5,88,2.3
17/03/2022 04:00,6,13.1,223,2.8
17/03/2022 04:00,7,9.2,89,3.6
17/03/2022 04:00,8,14.3,297,2.3
17/03/2022 04:00,9,9.3,286,4.2
17/03/2022 04:00,10,9.1,323,2.7
17/03/2022 05:00,6,14.6,359,4.1
17/03/2022 05:00,7,9.5,2,2
17/03/2022 05:00,8,12.2,76,2.8
17/03/2022 05:00,9,11,342,4
17/03/2022 05:00,10,9.3,133,2.7
17/03/2022 06:00,6,9.7,292,2.6
17/03/2022 06:00,7,13.5,12,2.8
17/03/2022 06:00,8,13.2,328,2.5
17/03/2022 06:00,9,12,94,4
17/03/2022 06:00,10,9.6,187,1.9
17/03/2022 07:00,6,10.2,288,1.8
17/03/2022 07:00,7,12.1,100,2.2
17/03/2022 07:00,8,12.7,203,4.3
17/03/2022 07:00,9,9.6,108,3.8
17/03/2022 07:00,10,13.4,282,3.1
17/03/2022 08:00,6,10.5,277,1.9
17/03/2022 08:00,7,13.3,28,2.4
17/03/2022 08:00,8,10.8,71,3.7
17/03/2022 08:00,9,13.8,82,3.8
17/03/2022 08:00,10,11.1,216,3.2
17/03/2022 09:00,6,13.2,359,1.7
17/03/2022 09:00,7,11.9,140,3.8
17/03/2022 09:00,8,10.9,24,1.8
17/03/2022 09:00,9,14.3,266,2.5
17/03/2022 09:00,10,10.6,21,3.8
17/03/2022 10:00,6,12.6,91,2.2
17/03/2022 10:00,7,9.1,200,1.7
17/03/2022 10:00,8,10.9,235,2.9
17/03/2022 10:00,9,10,150,3
17/03/2022 10:00,10,14.7,258,2.1
17/03/2022 11:00,6,9.3,244,3.2
17/03/2022 11:00,7,11.3,49,2.9
17/03/2022 11:00,8,12,130,2.2
17/03/2022 11:00,9,14.8,106,2.1
17/03/2022 11:00,10,14.7,184,3.6
17/03/2022 12:00,6,11.1,6,3
17/03/2022 12:00,7,12.8,37,3.2
17/03/2022 12:00,8,10.7,112,2
17/03/2022 12:00,9,11.3,70,3.4
17/03/2022 12:00,10,14.4,256,3.6
17/03/2022 13:00,6,12.5,165,1.6
17/03/2022 13:00,7,11.2,122,1.6
17/03/2022 13:00,8,10.6,46,3.7
17/03/2022 13:00,9,10.7,309,3.9
17/03/2022 13:00,10,13.5,95,4.3
17/03/2022 14:00,6,14,264,2
17/03/2022 14:00,7,15,251,4.4
17/03/2022 14:00,8,10.6,75,3.1
17/03/2022 14:00,9,10.4,19,1.5
17/03/2022 14:00,10,13.7,353,1.8
17/03/2022 15:00,6,14.4,336,3.5
17/03/2022 15:00,7,13.9,257,3.8
17/03/2022 15:00,8,12.9,271,2.8
17/03/2022 15:00,9,15,7,1.9
17/03/2022 15:00,10,13.9,256,3.7
17/03/2022 16:00,6,12.8,353,4.2
17/03/2022 16:00,7,12.2,334,1.8
17/03/2022 16:00,8,14,239,2.5
17/03/2022 16:00,9,9.1,144,4.5
17/03/2022 16:00,10,11.3,316,2
17/03/2022 17:00,6,9.9,66,2.3
17/03/2022 17:00,7,15,54,2.4
17/03/2022 17:00,8,13.9,321,3.3
17/03/2022 17:00,9,12.9,1,1.7
17/03/2022 17:00,10,14.5,77,1.9
17/03/2022 18:00,6,11.3,12,4.2
17/03/2022 18:00,7,10.5,329,3.1
17/03/2022 18:00,8,10.3,148,3.1
17/03/2022 18:00,9,13.3,278,3.1
17/03/2022 18:00,10,14.1,300,1.9
17/03/2022 19:00,6,10.4,175,1.6
17/03/2022 19:00,7,14.5,313,4.3
17/03/2022 19:00,8,12.8,233,2.2
17/03/2022 19:00,9,12.1,247,3
17/03/2022 19:00,10,14.5,81,4.2
17/03/2022 20:00,6,11.6,351,1.8
17/03/2022 20:00,7,14.2,96,1.8
17/03/2022 20:00,8,9.6,181,1.6
17/03/2022 20:00,9,9.2,328,4
17/03/2022 20:00,10,11.3,154,3.1
17/03/2022 21:00,6,11.7,224,3.4
17/03/2022 21:00,7,12.6,261,4
17/03/2022 21:00,8,13.3,183,2.9
17/03/2022 21:00,9,12.4,309,2
17/03/2022 21:00,10,13.5,181,3.1
17/03/2022 22:00,6,14.6,251,4.4
17/03/2022 22:00,7,9.5,119,3.3
17/03/2022 22:00,8,11.5,183,3.5
17/03/2022 22:00,9,14.6,36,4.5
17/03/2022 22:00,10,9.4,69,3.5
17/03/2022 23:00,6,12,136,4.2
17/03/2022 23:00,7,13.1,77,1.6
17/03/2022 23:00,8,13.4,251,2.3
17/03/2022 23:00,9,9.7,183,3.3
17/03/2022 23:00,10,12.7,275,2
18/03/2022 00:00,6,9.5,203,3.6
18/03/2022 00:00,7,9.4,144,2.7
18/03/2022 00:00,8,9.1,345,4
18/03/2022 00:00,9,11,86,3.8
18/03/2022 00:00,10,10.7,240,3
18/03/2022 01:00,6,10.9,49,3.8
18/03/2022 01:00,7,11.5,351,3.7
18/03/2022 01:00,8,11.2,109,2.7
18/03/2022 01:00,9,12.4,198,2.6
18/03/2022 01:00,10,13.6,243,3.3
18/03/2022 02:00,6,13.3,250,2.7
18/03/2022 02:00,7,11.7,223,4.4
18/03/2022 02:00,8,12.2,58,3.6
18/03/2022 02:00,9,12.6,123,3.2
18/03/2022 02:00,10,14.3,126,4.3
18/03/2022 03:00,6,14.6,180,3.3
18/03/2022 03:00,7,12.3,350,3.5
18/03/2022 03:00,8,10,250,3.9
18/03/2022 03:00,9,12,296,2.1
18/03/2022 03:00,10,13.6,246,2.8
18/03/2022 04:00,6,11.3,145,4.3
18/03/2022 04:00,7,10.1,268,4.2
18/03/2022 04:00,8,9.5,232,3.9
18/03/2022 04:00,9,12.6,354,2.1
18/03/2022 04:00,10,14.5,129,2.3
18/03/2022 05:00,6,11.1,87,2.8
18/03/2022 05:00,7,14.6,91,2.9
18/03/2022 05:00,8,11.1,172,2.3
18/03/2022 05:00,9,11.1,157,4.3
18/03/2022 05:00,10,10,67,3.1
18/03/2022 06:00,6,13,242,3.5
18/03/2022 06:00,7,10.8,220,3.2
18/03/2022 06:00,8,10.8,82,3.9
18/03/2022 06:00,9,12.5,54,4.5
18/03/2022 06:00,10,13,286,3.8
18/03/2022 07:00,6,14.4,342,3.7
18/03/2022 07:00,7,9.4,136,1.6
18/03/2022 07:00,8,12.7,59,1.7
18/03/2022 07:00,9,13.5,305,4.2
18/03/2022 07:00,10,13.3,280,3
18/03/2022 08:00,6,13.8,55,3.5
18/03/2022 08:00,7,14.3,17,3.1
18/03/2022 08:00,8,13.6,83,1.5
18/03/2022 08:00,9,9.8,306,3.1
18/03/2022 08:00,10,13.7,238,1.9
18/03/2022 09:00,6,11.9,2,3.2
18/03/2022 09:00,7,10,61,2.2
18/03/2022 09:00,8,14,326,1.7
18/03/2022 09:00,9,14.3,88,3.3
18/03/2022 09:00,10,10.7,122,4
18/03/2022 10:00,6,10.7,56,3.5
18/03/2022 10:00,7,9.2,105,2
18/03/2022 10:00,8,15,168,4.2
18/03/2022 10:00,9,11.2,214,2.5
18/03/2022 10:00,10,13.2,72,2.2
18/03/2022 11:00,6,12,4,1.6
18/03/2022 11:00,7,11.5,38,2.7
18/03/2022 11:00,8,11.2,27,3.9
18/03/2022 11:00,9,11.7,116,2.3
18/03/2022 11:00,10,13.9,145,3.9
18/03/2022 12:00,6,14.1,122,3.7
18/03/2022 12:00,7,11.5,232,4.1
18/03/2022 12:00,8,11.2,139,1.8
18/03/2022 12:00,9,10.1,165,2.5
18/03/2022 12:00,10,11,149,2.6
18/03/2022 13:00,6,11.1,225,2.3
18/03/2022 13:00,7,12.5,353,1.9
18/03/2022 13:00,8,9.1,359,3.4
18/03/2022 13:00,9,9.8,278,3.6
18/03/2022 13:00,10,11.3,74,2.4
18/03/2022 14:00,6,9.8,147,4.3
18/03/2022 14:00,7,12.7,218,3.5
18/03/2022 14:00,8,9.3,158,4.4
18/03/2022 14:00,9,14.8,305,3.1
18/03/2022 14:00,10,9.7,278,3.6
18/03/2022 15:00,6,10.1,272,1.6
18/03/2022 15:00,7,12.4,259,1.8
18/03/2022 15:00,8,12.4,292,2.1
18/03/2022 15:00,9,11.3,186,2.3
18/03/2022 15:00,10,12.9,130,2.7
18/03/2022 16:00,6,9.7,124,2.6
18/03/2022 16:00,7,13.2,56,3.6
18/03/2022 16:00,8,13.2,297,2.4
18/03/2022 16:00,9,14.1,23,2.6
18/03/2022 16:00,10,14.2,299,1.9
18/03/2022 17:00,6,11.5,131,3.4
18/03/2022 17:00,7,13.7,302,1.6
18/03/2022 17:00,8,15,69,1.7
18/03/2022 17:00,9,11,184,1.6
18/03/2022 17:00,10,12.3,329,3.2
18/03/2022 18:00,6,10.5,119,2.2
18/03/2022 18:00,7,12.7,213,4.1
18/03/2022 18:00,8,12.4,307,2.9
18/03/2022 18:00,9,14.8,247,3.9
18/03/2022 18:00,10,9.1,258,4.3
18/03/2022 19:00,6,11.6,234,3.6
18/03/2022 19:00,7,11.8,348,3.6
18/03/2022 19:00,8,13.5,199,2
18/03/2022 19:00,9,10.1,170,1.9
18/03/2022 19:00,10,10.2,13,4
18/03/2022 20:00,6,12,162,3.5
18/03/2022 20:00,7,12.9,244,2.5
18/03/2022 20:00,8,10.4,6,4.4
18/03/2022 20:00,9,10.9,44,2
18/03/2022 20:00,10,14.3,313,2.5
18/03/2022 21:00,6,9.1,108,4.3
18/03/2022 21:00,7,10.9,176,2.6
18/03/2022 21:00,8,13.9,349,3.8
18/03/2022 21:00,9,14.3,24,2.4
18/03/2022 21:00,10,14.9,144,4
18/03/2022 22:00,6,14.7,150,1.5
18/03/2022 22:00,7,12.6,163,3.5
18/03/2022 22:00,8,12.4,280,1.9
18/03/2022 22:00,9,11.4,274,4
18/03/2022 22:00,10,12.1,320,2.5
18/03/2022 23:00,6,12.5,246,1.8
18/03/2022 23:00,7,10.6,307,3.5
18/03/2022 23:00,8,12.2,211,1.9
18/03/2022 23:00,9,13.3,336,2.4
18/03/2022 23:00,10,14.8,112,4.1
19/03/2022 00:00,6,13.7,65,3
19/03/2022 00:00,7,13.9,291,3.5
19/03/2022 00:00,8,11.1,10,4.5
19/03/2022 00:00,9,12.6,2,4.1
19/03/2022 00:00,10,12.9,194,3.7
19/03/2022 01:00,6,9.8,127,2.2
19/03/2022 01:00,7,13.2,257,3.3
19/03/2022 01:00,8,12.9,310,4.2
19/03/2022 01:00,9,11.9,169,3.4
19/03/2022 01:00,10,13.1,179,1.5
19/03/2022 02:00,6,14.6,316,2.3
19/03/2022 02:00,7,12.8,293,3.4
19/03/2022 02:00,8,11.2,341,3.9
19/03/2022 02:00,9,14.3,287,3.2
19/03/2022 02:00,10,9.8,215,2.9
19/03/2022 03:00,6,11.5,124,1.7
19/03/2022 03:00,7,12.7,350,2.4
19/03/2022 03:00,8,12.8,99,1.9
19/03/2022 03:00,9,13.7,121,3.4
19/03/2022 03:00,10,13.8,133,2.4
19/03/2022 04:00,6,14.3,40,1.8
19/03/2022 04:00,7,14.6,219,2.2
19/03/2022 04:00,8,11.4,32,2.8
19/03/2022 04:00,9,13.5,118,2.4
19/03/2022 04:00,10,11.3,319,3.3
19/03/2022 05:00,6,14.4,270,2.7
19/03/2022 05:00,7,11.7,284,2.5
19/03/2022 05:00,8,12.2,238,4.1
19/03/2022 05:00,9,12,168,4.4
19/03/2022 05:00,10,12,62,2.2
19/03/2022 06:00,6,9.7,213,4
19/03/2022 06:00,7,15,45,1.9
19/03/2022 06:00,8,14.9,85,1.9
19/03/2022 06:00,9,14.5,296,3.8
19/03/2022 06:00,10,12.8,145,4.2
19/03/2022 07:00,6,13.7,144,3.4
19/03/2022 07:00,7,9.2,199,3.4
19/03/2022 07:00,8,13.8,285,3.9
19/03/2022 07:00,9,12.8,154,3.5
19/03/2022 07:00,10,11.8,306,4
19/03/2022 08:00,6,10.7,294,3.8
19/03/2022 08:00,7,10.6,338,1.5
19/03/2022 08:00,8,14,199,2.9
19/03/2022 08:00,9,14.2,139,2.9
19/03/2022 08:00,10,12.9,39,3.8
19/03/2022 09:00,6,10.2,32,1.7
19/03/2022 09:00,7,9.8,146,3.2
19/03/2022 09:00,8,13.4,159,1.7
19/03/2022 09:00,9,9.4,139,4.1
19/03/2022 09:00,10,10.4,118,4.4
19/03/2022 10:00,6,12.5,228,2.6
19/03/2022 10:00,7,13.6,210,3.7
19/03/2022 10:00,8,9.8,342,1.8
19/03/2022 10:00,9,14.8,292,2.6
19/03/2022 10:00,10,13.5,13,2.3
19/03/2022 11:00,6,12.9,232,4.1
19/03/2022 11:00,7,11.9,209,3.8
19/03/2022 11:00,8,11.6,152,1.7
19/03/2022 11:00,9,10.5,326,3.6
19/03/2022 11:00,10,14.4,51,2.8
19/03/2022 12:00,6,10.9,245,1.7
19/03/2022 12:00,7,13,59,4.4
19/03/2022 12:00,8,11.8,45,2.5
19/03/2022 12:00,9,13.3,17,3.3
19/03/2022 12:00,10,10.8,115,2.3
19/03/2022 13:00,6,11.6,5,3.2
19/03/2022 13:00,7,14,262,4.1
19/03/2022 13:00,8,14,326,2.7
19/03/2022 13:00,9,14,339,3.7
19/03/2022 13:00,10,10.9,48,4.2
19/03/2022 14:00,6,14.2,308,3.7
19/03/2022 14:00,7,14.4,128,4.5
19/03/2022 14:00,8,9.5,176,3.4
19/03/2022 14:00,9,12,346,2.4
19/03/2022 14:00,10,13.1,340,4.2
19/03/2022 15:00,6,12.9,282,2.9
19/03/2022 15:00,7,10.1,266,4.2
19/03/2022 15:00,8,10.1,151,1.5
19/03/2022 15:00,9,13.8,100,2.2
19/03/2022 15:00,10,9.3,11,4.2
19/03/2022 16:00,6,9.4,342,1.8
19/03/2022 16:00,7,12.9,23,1.6
19/03/2022 16:00,8,14.5,12,1.9
19/03/2022 16:00,9,13,132,3.8
19/03/2022 16:00,10,12.5,98,2.1
19/03/2022 17:00,6,14.2,271,1.6
19/03/2022 17:00,7,13.5,84,4.1
19/03/2022 17:00,8,9.6,325,3.7
19/03/2022 17:00,9,11.7,317,2.3
19/03/2022 17:00,10,9.1,33,2.1
19/03/2022 18:00,6,14.5,100,3.4
19/03/2022 18:00,7,9.8,137,3.6
19/03/2022 18:00,8,14.6,248,3.9
19/03/2022 18:00,9,13.6,319,2.5
19/03/2022 18:00,10,10.6,323,4.4
19/03/2022 19:00,6,10.7,91,2.2
19/03/2022 19:00,7,9.5,234,4.4
19/03/2022 19:00,8,14.9,317,3.3
19/03/2022 19:00,9,13.3,73,2.1
19/03/2022 19:00,10,12.6,65,3.9
19/03/2022 20:00,6,10.5,46,2.2
19/03/2022 20:00,7,12.4,161,2
19/03/2022 20:00,8,11.5,95,1.7
19/03/2022 20:00,9,13.4,244,3.7
19/03/2022 20:00,10,10,40,3.8
19/03/2022 21:00,6,10.1,229,2
19/03/2022 21:00,7,9.1,27,4.1
19/03/2022 21:00,8,13,285,3.2
19/03/2022 21:00,9,14.8,111,3.8
19/03/2022 21:00,10,14.3,357,1.6
19/03/2022 22:00,6,13.7,86,1.9
19/03/2022 22:00,7,12,60,4
19/03/2022 22:00,8,12.8,158,2.4
19/03/2022 22:00,9,13.6,222,4
19/03/2022 22:00,10,11.6,193,2.8
19/03/2022 23:00,6,11.2,345,3.7
19/03/2022 23:00,7,10.8,12,2.2
19/03/2022 23:00,8,9.8,5,2.8
19/03/2022 23:00,9,9.8,55,3.5
19/03/2022 23:00,10,11.4,112,3.4
20/03/2022 00:00,6,10.2,54,4.2
20/03/2022 00:00,7,10.3,183,3.4
20/03/2022 00:00,8,13.4,205,4.3
20/03/2022 00:00,9,9.5,85,2
20/03/2022 00:00,10,11.4,151,3.2
20/03/2022 01:00,6,13.6,319,2.8
20/03/2022 01:00,7,14.2,113,2.7
20/03/2022 01:00,8,10.1,1,1.6
20/03/2022 01:00,9,13.5,338,4
20/03/2022 01:00,10,13.3,288,3
20/03/2022 02:00,6,12.4,155,3.1
20/03/2022 02:00,7,14.8,44,2.9
20/03/2022 02:00,8,9.4,124,3.1
20/03/2022 02:00,9,12.9,9,4.5
20/03/2022 02:00,10,9.9,92,2.6
20/03/2022 03:00,6,13.8,297,1.8
20/03/2022 03:00,7,10.7,338,2.7
20/03/2022 03:00,8,9.7,179,3.5
20/03/2022 03:00,9,9.8,238,2.3
20/03/2022 03:00,10,12.3,220,3.7
20/03/2022 04:00,6,9.3,336,1.9
20/03/2022 04:00,7,11.1,290,2.8
20/03/2022 04:00,8,11.3,317,3.1
20/03/2022 04:00,9,14.7,181,1.7
20/03/2022 04:00,10,11.1,346,1.7
20/03/2022 05:00,6,13.1,282,3.6
20/03/2022 05:00,7,12,314,2.6
20/03/2022 05:00,8,9,175,3.4
20/03/2022 05:00,9,14.7,210,1.5
20/03/2022 05:00,10,13.5,7,2.9
20/03/2022 06:00,6,13,175,3.3
20/03/2022 06:00,7,10.5,120,2
20/03/2022 06:00,8,12.7,241,2
20/03/2022 06:00,9,10.8,99,2.8
20/03/2022 06:00,10,13.2,222,3.5
20/03/2022 07:00,6,10.8,305,4.4
20/03/2022 07:00,7,12.2,152,2.3
20/03/2022 07:00,8,11.1,168,3.5
20/03/2022 07:00,9,14.4,295,1.8
20/03/2022 07:00,10,11.3,22,2.7
20/03/2022 08:00,6,11.2,59,3.3
20/03/2022 08:00,7,10,257,3
20/03/2022 08:00,8,12.6,2,3.8
20/03/2022 08:00,9,11.4,325,4.4
20/03/2022 08:00,10,9.9,234,3.2
20/03/2022 09:00,6,12.9,334,3.3
20/03/2022 09:00,7,13.5,151,2.2
20/03/2022 09:00,8,12.1,227,4.4
20/03/2022 09:00,9,13.9,6,3.1
20/03/2022 09:00,10,12,103,2.7
20/03/2022 10:00,6,12.4,73,2
20/03/2022 10:00,7,12.6,32,1.9
20/03/2022 10:00,8,14.3,125,3.4
20/03/2022 10:00,9,11.7,219,2
20/03/2022 10:00,10,10.4,179,1.7
20/03/2022 11:00,6,11.1,87,1.7
20/03/2022 11:00,7,10.5,108,2.4
20/03/2022 11:00,8,12.6,76,1.9
20/03/2022 11:00,9,11,353,1.8
20/03/2022 11:00,10,10.1,12,4.2
20/03/2022 12:00,6,14,139,2.6
20/03/2022 12:00,7,14.6,258,2.8
20/03/2022 12:00,8,14.2,84,2.2
20/03/2022 12:00,9,14.8,191,3.5
20/03/2022 12:00,10,10.3,224,1.6
20/03/2022 13:00,6,14.6,202,2.9
20/03/2022 13:00,7,9.5,194,4.5
20/03/2022 13:00,8,13.5,5,3.5
20/03/2022 13:00,9,13.5,194,4.4
20/03/2022 13:00,10,10.7,310,2.2
20/03/2022 14:00,6,14.8,334,3.4
20/03/2022 14:00,7,11.3,298,3.7
20/03/2022 14:00,8,10,213,1.9
20/03/2022 14:00,9,10,186,2.1
20/03/2022 14:00,10,12.2,18,1.9
20/03/2022 15:00,6,10.7,122,1.7
20/03/2022 15:00,7,9.4,355,2.4
20/03/2022 15:00,8,9.5,215,3.4
20/03/2022 15:00,9,12.5,131,3.3
20/03/2022 15:00,10,10.5,142,3.2
20/03/2022 16:00,6,11.1,134,2.1
20/03/2022 16:00,7,12.6,26,4.3
20/03/2022 16:00,8,9.9,60,3.8
20/03/2022 16:00,9,10.3,300,2.3
20/03/2022 16:00,10,9.9,134,3.9
20/03/2022 17:00,6,9.8,39,2.6
20/03/2022 17:00,7,12.8,143,3.9
20/03/2022 17:00,8,11.2,52,2.8
20/03/2022 17:00,9,11.9,51,4.3
20/03/2022 17:00,10,11.6,206,3.8
20/03/2022 18:00,6,13.8,158,1.7
20/03/2022 18:00,7,13.3,54,1.8
20/03/2022 18:00,8,9.9,208,4.3
20/03/2022 18:00,9,13.6,317,2.6
20/03/2022 18:00,10,12.6,223,4.3
20/03/2022 19:00,6,12.5,346,3.5
20/03/2022 19:00,7,13.1,136,3.4
20/03/2022 19:00,8,14.7,214,4.1
20/03/2022 19:00,9,13.2,50,1.5
20/03/2022 19:00,10,12.9,135,4
20/03/2022 20:00,6,14.7,116,1.6
20/03/2022 20:00,7,11.7,308,3.3
20/03/2022 20:00,8,9.3,171,3.1
20/03/2022 20:00,9,13.1,162,4.3
20/03/2022 20:00,10,14.7,53,2.6
20/03/2022 21:00,6,12.8,144,3.1
20/03/2022 21:00,7,10.1,263,2.3
20/03/2022 21:00,8,13,334,4.3
20/03/2022 21:00,9,9.7,352,2.6
20/03/2022 21:00,10,13.2,314,3.4
20/03/2022 22:00,6,9.6,117,2.2
20/03/2022 22:00,7,14,43,4.3
20/03/2022 22:00,8,11.9,25,1.8
20/03/2022 22:00,9,11.6,82,4.4
20/03/2022 22:00,10,14.2,65,3
20/03/2022 23:00,6,9.7,124,2
20/03/2022 23:00,7,13.8,327,4.5
20/03/2022 23:00,8,13.3,268,1.8
20/03/2022 23:00,9,10.7,11,2.2
20/03/2022 23:00,10,14,278,4.3
21/03/2022 00:00,6,12.9,190,2.7
21/03/2022 00:00,7,12.9,247,2.4
21/03/2022 00:00,8,9.3,236,3.1
21/03/2022 00:00,9,12.2,14,2.2
21/03/2022 00:00,10,12.9,12,3
21/03/2022 01:00,6,12.6,158,1.6
21/03/2022 01:00,7,11.6,263,3.5
21/03/2022 01:00,8,9.3,185,3.6
21/03/2022 01:00,9,12.2,258,1.9
21/03/2022 01:00,10,9.5,4,4.3
21/03/2022 02:00,6,12.7,50,1.8
21/03/2022 02:00,7,9.2,71,3.3
21/03/2022 02:00,8,14.2,20,3
21/03/2022 02:00,9,10.2,357,4.1
21/03/2022 02:00,10,10.1,243,2.8
21/03/2022 03:00,6,12.5,237,3.2
21/03/2022 03:00,7,13,80,1.6
21/03/2022 03:00,8,14.2,164,2.4
21/03/2022 03:00,9,13.5,281,2.7
21/03/2022 03:00,10,13,271,1.7
21/03/2022 04:00,6,12.4,164,4.2
21/03/2022 04:00,7,13.2,156,3.7
21/03/2022 04:00,8,12.5,284,3.8
21/03/2022 04:00,9,11,288,3.6
21/03/2022 04:00,10,14.4,323,1.6
21/03/2022 05:00,6,10.2,126,3.3
21/03/2022 05:00,7,14.6,92,4.3
21/03/2022 05:00,8,12.4,140,3.3
21/03/2022 05:00,9,11.1,149,1.8
21/03/2022 05:00,10,12.8,39,3
21/03/2022 06:00,6,11.2,271,2.8
21/03/2022 06:00,7,14.5,206,1.7
21/03/2022 06:00,8,12.6,238,1.6
21/03/2022 06:00,9,13,174,3.3
21/03/2022 06:00,10,12,323,2
21/03/2022 07:00,6,10.9,43,1.9
21/03/2022 07:00,7,9.1,105,4
21/03/2022 07:00,8,13.6,27,2.8
21/03/2022 07:00,9,12.4,164,3.5
21/03/2022 07:00,10,10.1,48,2
21/03/2022 08:00,6,11.8,216,1.6
21/03/2022 08:00,7,14.4,120,2.7
21/03/2022 08:00,8,10.1,231,4.1
21/03/2022 08:00,9,9.1,157,1.5
21/03/2022 08:00,10,11,294,2.1
21/03/2022 09:00,6,13.2,265,3.5
21/03/2022 09:00,7,12.4,302,2.6
21/03/2022 09:00,8,10.5,134,1.6
21/03/2022 09:00,9,10.4,326,1.8
21/03/2022 09:00,10,13.7,246,4.2
21/03/2022 10:00,6,9.1,148,2
21/03/2022 10:00,7,14.4,53,3.6
21/03/2022 10:00,8,14.6,355,4.1
21/03/2022 10:00,9,14.9,106,4.3
21/03/2022 10:00,10,13.1,90,1.6
21/03/2022 11:00,6,13.7,205,1.9
21/03/2022 11:00,7,14.3,48,2.1
21/03/2022 11:00,8,11.2,320,2.4
21/03/2022 11:00,9,9.8,328,3.5
21/03/2022 11:00,10,12.2,28,3
21/03/2022 12:00,6,11.2,347,2.5
21/03/2022 12:00,7,10.7,215,2.2
21/03/2022 12:00,8,10,0,1.8
21/03/2022 12:00,9,9,35,3.5
21/03/2022 12:00,10,12.8,8,2.6
21/03/2022 13:00,6,9.5,169,4.2
21/03/2022 13:00,7,12.2,217,3
21/03/2022 13:00,8,11.5,233,2
21/03/2022 13:00,9,14.5,233,2.9
21/03/2022 13:00,10,13,56,2.2
21/03/2022 14:00,6,13.5,222,3.2
21/03/2022 14:00,7,10.6,280,1.6
21/03/2022 14:00,8,13.9,103,2.9
21/03/2022 14:00,9,15,331,3.3
21/03/2022 14:00,10,13.3,206,2.4
21/03/2022 15:00,6,10.3,234,2.8
21/03/2022 15:00,7,12.6,2,3.1
21/03/2022 15:00,8,13.6,246,3.1
21/03/2022 15:00,9,14.8,259,3.6
21/03/2022 15:00,10,9.3,204,2.7
21/03/2022 16:00,6,9.7,107,1.9
21/03/2022 16:00,7,14.7,345,3.1
21/03/2022 16:00,8,13.9,6,2.1
21/03/2022 16:00,9,10.1,90,3.3
21/03/2022 16:00,10,11.7,305,4.2
21/03/2022 17:00,6,9.3,44,4.3
21/03/2022 17:00,7,11.4,284,3.5
21/03/2022 17:00,8,12.7,133,3.9
21/03/2022 17:00,9,11.1,198,3.2
21/03/2022 17:00,10,10.8,202,2.1
21/03/2022 18:00,6,14,187,2.1
21/03/2022 18:00,7,11.7,174,3
21/03/2022 18:00,8,14.4,315,2
21/03/2022 18:00,9,13.9,282,2
21/03/2022 18:00,10,11.7,150,3.4
21/03/2022 19:00,6,9.7,254,3.2
21/03/2022 19:00,7,13.1,309,2.7
21/03/2022 19:00,8,9.7,102,3.3
21/03/2022 19:00,9,10.5,65,2.3
21/03/2022 19:00,10,9.3,286,3.5
21/03/2022 20:00,6,10.1,110,2.9
21/03/2022 20:00,7,12.8,67,4.1
21/03/2022 20:00,8,14.2,308,1.5
21/03/2022 20:00,9,11.6,8,3.2
21/03/2022 20:00,10,9.8,28,3.1
21/03/2022 21:00,6,10,258,2.4
21/03/2022 21:00,7,14.4,94,3.4
21/03/2022 21:00,8,10.1,92,2.7
21/03/2022 21:00,9,9.9,119,1.7
21/03/2022 21:00,10,13.8,322,4.1
21/03/2022 22:00,6,9.6,89,4.1
21/03/2022 22:00,7,10.6,202,2.1
21/03/2022 22:00,8,13.1,308,1.8
21/03/2022 22:00,9,9.3,53,2.2
21/03/2022 22:00,10,10.2,65,2.2
21/03/2022 23:00,6,12.5,254,4
21/03/2022 23:00,7,10,50,4.4
21/03/2022 23:00,8,13.5,12,4
21/03/2022 23:00,9,10.1,340,1.7
21/03/2022 23:00,10,11.4,275,3.6
22/03/2022 00:00,6,9.2,39,2.3
22/03/2022 00:00,7,11.8,318,3.5
22/03/2022 00:00,8,14.9,235,2.5
22/03/2022 00:00,9,11.1,198,1.6
22/03/2022 00:00,10,14,0,2.9
22/03/2022 01:00,6,14.7,322,3.4
22/03/2022 01:00,7,11,190,3.6
22/03/2022 01:00,8,11.8,346,4.4
22/03/2022 01:00,9,10.6,338,3.8
22/03/2022 01:00,10,11.4,47,3
22/03/2022 02:00,6,14.5,260,4.2
22/03/2022 02:00,7,13.8,296,4
22/03/2022 02:00,8,13.4,271,4.4
22/03/2022 02:00,9,12.3,325,2.8
22/03/2022 02:00,10,14.5,3,4.2
22/03/2022 03:00,6,9.2,73,3.8
22/03/2022 03:00,7,10.6,127,3.9
22/03/2022 03:00,8,9.7,245,4.1
22/03/2022 03:00,9,13,239,3.9
22/03/2022 03:00,10,12.7,27,2.9
22/03/2022 04:00,6,11,241,2.7
22/03/2022 04:00,7,12.1,104,3.6
22/03/2022 04:00,8,12.1,303,2.8
22/03/2022 04:00,9,11.8,165,2.8
22/03/2022 04:00,10,12.1,221,1.7
22/03/2022 05:00,6,13,185,1.7
22/03/2022 05:00,7,13.1,248,1.7
22/03/2022 05:00,8,13.9,199,4.1
22/03/2022 05:00,9,14,219,3.1
22/03/2022 05:00,10,9.1,207,2.4
22/03/2022 06:00,6,13.4,77,2.4
22/03/2022 06:00,7,10,112,1.6
22/03/2022 06:00,8,11.6,214,1.6
22/03/2022 06:00,9,12.4,237,4.1
22/03/2022 06:00,10,11.5,264,4.1
22/03/2022 07:00,6,10.6,219,3.8
22/03/2022 07:00,7,10.9,354,3.2
22/03/2022 07:00,8,12.6,231,4.3
22/03/2022 07:00,9,11.4,291,2
22/03/2022 07:00,10,9.6,66,3.2
22/03/2022 08:00,6,10.4,199,3.3
22/03/2022 08:00,7,14.7,244,2.3
22/03/2022 08:00,8,11.1,164,2.2
22/03/2022 08:00,9,13.8,118,2.7
22/03/2022 08:00,10,12.6,81,4
22/03/2022 09:00,6,10.4,262,3
22/03/2022 09:00,7,9.6,339,3
22/03/2022 09:00,8,13.7,286,2.2
22/03/2022 09:00,9,13.5,265,3.8
22/03/2022 09:00,10,10.1,290,4
22/03/2022 10:00,6,9.2,134,2.5
22/03/2022 10:00,7,13.6,42,3.5
22/03/2022 10:00,8,11.2,216,3.3
22/03/2022 10:00,9,9.1,94,4
22/03/2022 10:00,10,12.4,60,3
22/03/2022 11:00,6,10.1,85,2.9
22/03/2022 11:00,7,11.3,138,3.2
22/03/2022 11:00,8,13.9,2,2.1
22/03/2022 11:00,9,10.7,73,2
22/03/2022 11:00,10,10.1,258,1.7
22/03/2022 12:00,6,10.2,76,2.7
22/03/2022 12:00,7,10.9,99,1.9
22/03/2022 12:00,8,11.8,21,2.8
22/03/2022 12:00,9,14.5,294,3.2
22/03/2022 12:00,10,10.4,70,1.7
22/03/2022 13:00,6,11,198,4.1
22/03/2022 13:00,7,14,14,2.4
22/03/2022 13:00,8,11.3,323,2.5
22/03/2022 13:00,9,10,162,1.5
22/03/2022 13:00,10,14.4,82,1.7
22/03/2022 14:00,6,11.7,109,4.2
22/03/2022 14:00,7,12.8,120,3.3
22/03/2022 14:00,8,13.3,37,1.7
22/03/2022 14:00,9,9.6,147,1.9
22/03/2022 14:00,10,14.9,150,4.2
22/03/2022 15:00,6,13.3,217,3.9
22/03/2022 15:00,7,12.4,287,3.2
22/03/2022 15:00,8,11,29,2.3
22/03/2022 15:00,9,12.7,240,4.4
22/03/2022 15:00,10,13.5,156,1.7
22/03/2022 16:00,6,11.4,91,3.8
22/03/2022 16:00,7,10,282,4.1
22/03/2022 16:00,8,11.4,110,2.1
22/03/2022 16:00,9,14.4,60,2.9
22/03/2022 16:00,10,12.3,213,4
22/03/2022 17:00,6,9.1,12,2
22/03/2022 17:00,7,9.6,269,4.2
22/03/2022 17:00,8,15,350,3.6
22/03/2022 17:00,9,12.8,219,2.8
22/03/2022 17:00,10,9.4,234,3.6
22/03/2022 18:00,6,9.6,329,2.7
22/03/2022 18:00,7,13.4,297,2.8
22/03/2022 18:00,8,10.8,143,1.7
22/03/2022 18:00,9,12.9,259,2.5
22/03/2022 18:00,10,12.4,190,2.2
22/03/2022 19:00,6,10.2,82,3
22/03/2022 19:00,7,9.7,203,1.5
22/03/2022 19:00,8,12,238,2.5
22/03/2022 19:00,9,12.6,80,2
22/03/2022 19:00,10,11.9,281,1.5
22/03/2022 20:00,6,14.8,139,2.5
22/03/2022 20:00,7,9.9,176,4
22/03/2022 20:00,8,14.6,315,2.6
22/03/2022 20:00,9,14.5,152,2.7
22/03/2022 20:00,10,12.7,169,3.1
22/03/2022 21:00,6,12.8,103,3.5
22/03/2022 21:00,7,11.4,63,4.3
22/03/2022 21:00,8,9.4,255,2.7
22/03/2022 21:00,9,12.3,37,2.8
22/03/2022 21:00,10,11.9,74,2.7
22/03/2022 22:00,6,10.1,15,4.3
22/03/2022 22:00,7,11.3,11,2.4
22/03/2022 22:00,8,10.3,60,2.6
22/03/2022 22:00,9,10.3,249,2.9
22/03/2022 22:00,10,11,141,1.6
22/03/2022 23:00,6,12.5,125,3.3
22/03/2022 23:00,7,12.9,19,4
22/03/2022 23:00,8,12.4,225,2.7
22/03/2022 23:00,9,11.2,299,3.7
22/03/2022 23:00,10,10.1,74,4.4
23/03/2022 00:00,6,11.7,133,1.5
23/03/2022 00:00,7,13.7,264,2.2
23/03/2022 00:00,8,9.8,14,4.3
23/03/2022 00:00,9,11.8,83,2.5
23/03/2022 00:00,10,11.2,130,1.8
23/03/2022 01:00,6,9.5,302,3.9
23/03/2022 01:00,7,12.2,66,1.5
23/03/2022 01:00,8,9.3,155,2.7
23/03/2022 01:00,9,13.1,78,1.6
23/03/2022 01:00,10,14.7,177,1.9
23/03/2022 02:00,6,12.3,170,2.1
23/03/2022 02:00,7,11.3,175,4.4
23/03/2022 02:00,8,12.9,197,3.7
23/03/2022 02:00,9,13.1,287,3.6
23/03/2022 02:00,10,14.8,290,1.9
23/03/2022 03:00,6,13.2,242,3.2
23/03/2022 03:00,7,13.7,317,3.7
23/03/2022 03:00,8,12.4,340,3.4
23/03/2022 03:00,9,12.9,135,3.4
23/03/2022 03:00,10,13.8,209,4.4
23/03/2022 04:00,6,12.7,71,2.9
23/03/2022 04:00,7,12.3,56,3.3
23/03/2022 04:00,8,13.4,200,4.5
23/03/2022 04:00,9,11.1,316,3.8
23/03/2022 04:00,10,12.1,40,3.1
23/03/2022 05:00,6,9.6,347,2.4
23/03/2022 05:00,7,15,18,3.6
23/03/2022 05:00,8,12.5,67,1.9
23/03/2022 05:00,9,14,249,2.2
23/03/2022 05:00,10,14.9,306,3.5
23/03/2022 06:00,6,12.7,33,4.2
23/03/2022 06:00,7,13.1,290,2.9
23/03/2022 06:00,8,13.6,259,2
23/03/2022 06:00,9,13,272,3.2
23/03/2022 06:00,10,12.8,53,3.9
23/03/2022 07:00,6,13.3,66,4
23/03/2022 07:00,7,10.4,258,2.1
23/03/2022 07:00,8,12.6,210,4.3
23/03/2022 07:00,9,10.6,64,1.8
23/03/2022 07:00,10,13.9,260,4
23/03/2022 08:00,6,12.8,173,3.2
23/03/2022 08:00,7,11.7,250,3.2
23/03/2022 08:00,8,9.5,71,4.3
23/03/2022 08:00,9,9.9,187,2.6
23/03/2022 08:00,10,10.9,92,3.7
23/03/2022 09:00,6,14.4,36,2.3
23/03/2022 09:00,7,9.9,124,1.7
23/03/2022 09:00,8,13.4,220,2
23/03/2022 09:00,9,11.7,70,2.2
23/03/2022 09:00,10,14,78,4.3
23/03/2022 10:00,6,11.5,351,3
23/03/2022 10:00,7,11,347,1.8
23/03/2022 10:00,8,14.4,81,3.4
23/03/2022 10:00,9,11.3,327,1.5
23/03/2022 10:00,10,14.5,315,1.9
23/03/2022 11:00,6,13.9,33,2.5
23/03/2022 11:00,7,13.8,116,2.6
23/03/2022 11:00,8,9.9,150,1.6
23/03/2022 11:00,9,11,70,2.6
23/03/2022 11:00,10,9.8,197,4.5
23/03/2022 12:00,6,11.6,85,4.1
23/03/2022 12:00,7,12.1,147,1.7
23/03/2022 12:00,8,11.6,135,2.4
23/03/2022 12:00,9,10.6,145,2.8
23/03/2022 12:00,10,12.8,120,4.5
23/03/2022 13:00,6,11.2,232,3.1
23/03/2022 13:00,7,12.1,257,2.2
23/03/2022 13:00,8,11.8,45,4.3
23/03/2022 13:00,9,11.4,210,2.9
23/03/2022 13:00,10,14.6,84,3
23/03/2022 14:00,6,11.3,187,2.4
23/03/2022 14:00,7,11.8,114,2.8
23/03/2022 14:00,8,11.9,163,2.4
23/03/2022 14:00,9,14.1,185,2.3
23/03/2022 14:00,10,12.8,48,2.2
23/03/2022 15:00,6,9.2,110,3.8
23/03/2022 15:00,7,11.1,166,4.1
23/03/2022 15:00,8,9.2,13,2.6
23/03/2022 15:00,9,11.4,122,3.9
23/03/2022 15:00,10,10.5,34,2.7
23/03/2022 16:00,6,10.9,287,3.4
23/03/2022 16:00,7,13.7,101,2.1
23/03/2022 16:00,8,9.7,60,4.4
23/03/2022 16:00,9,10.1,292,1.6
23/03/2022 16:00,10,11.9,177,2.2
23/03/2022 17:00,6,11.5,74,4.5
23/03/2022 17:00,7,13.9,302,1.8
23/03/2022 17:00,8,14.1,322,2.3
23/03/2022 17:00,9,14,272,4.1
23/03/2022 17:00,10,11.2,71,2.5
23/03/2022 18:00,6,12.3,321,4.4
23/03/2022 18:00,7,14.2,139,2
23/03/2022 18:00,8,11.4,342,4.5
23/03/2022 18:00,9,13.9,275,2.3
23/03/2022 18:00,10,12.3,191,3.6
23/03/2022 19:00,6,10.9,261,3.8
23/03/2022 19:00,7,10,78,3.2
23/03/2022 19:00,8,13.1,239,3.3
23/03/2022 19:00,9,14.5,160,2.1
23/03/2022 19:00,10,13.4,174,4.4
23/03/2022 20:00,6,14.3,231,1.5
23/03/2022 20:00,7,9.5,109,2.7
23/03/2022 20:00,8,13.3,279,3.5
23/03/2022 20:00,9,14,28,3
23/03/2022 20:00,10,10.8,200,2.3
23/03/2022 21:00,6,14.9,142,4.2
23/03/2022 21:00,7,12.1,279,2.2
23/03/2022 21:00,8,14.7,93,3.6
23/03/2022 21:00,9,10.2,223,4.1
23/03/2022 21:00,10,14.7,354,2.1
23/03/2022 22:00,6,9,283,4.4
23/03/2022 22:00,7,11.8,163,2.7
23/03/2022 22:00,8,10.8,49,2
23/03/2022 22:00,9,13.2,245,1.9
23/03/2022 22:00,10,11.8,224,3.3
23/03/2022 23:00,6,15,279,4.2
23/03/2022 23:00,7,14.4,303,4.4
23/03/2022 23:00,8,14.6,104,2.8
23/03/2022 23:00,9,12.5,15,2.5
23/03/2022 23:00,10,11,356,1.9
24/03/2022 00:00,6,11.4,30,3.3
24/03/2022 00:00,7,9.3,293,2.3
24/03/2022 00:00,8,10,262,2.2
24/03/2022 00:00,9,14.8,41,1.7
24/03/2022 00:00,10,9.1,354,2.9
24/03/2022 01:00,6,9.4,203,3.2
24/03/2022 01:00,7,13.5,159,2.5
24/03/2022 01:00,8,12.5,14,1.5
24/03/2022 01:00,9,14.3,23,3.2
24/03/2022 01:00,10,14.1,136,2.2
24/03/2022 02:00,6,13.9,203,4.5
24/03/2022 02:00,7,10.8,101,3.7
24/03/2022 02:00,8,15,115,4.2
24/03/2022 02:00,9,11.2,303,1.7
24/03/2022 02:00,10,13.4,251,2.8
24/03/2022 03:00,6,9,118,2.8
24/03/2022 03:00,7,11.4,234,2.1
24/03/2022 03:00,8,11.1,5,3.8
24/03/2022 03:00,9,9.5,60,1.6
24/03/2022 03:00,10,11.8,32,2.6
24/03/2022 04:00,6,10.4,94,4.1
24/03/2022 04:00,7,12.7,3,2.4
24/03/2022 04:00,8,12.5,132,2.9
24/03/2022 04:00,9,15,128,4.1
24/03/2022 04:00,10,9.1,14,1.8
24/03/2022 05:00,6,11.7,234,4.4
24/03/2022 05:00,7,10.5,95,1.5
24/03/2022 05:00,8,11.7,82,2.7
24/03/2022 05:00,9,10.5,29,2
24/03/2022 05:00,10,13.7,216,4.4
24/03/2022 06:00,6,14.3,211,2.2
24/03/2022 06:00,7,9,50,1.9
24/03/2022 06:00,8,10,314,2.9
24/03/2022 06:00,9,10.5,355,2.2
24/03/2022 06:00,10,9.5,76,1.6
24/03/2022 07:00,6,12.2,141,2.2
24/03/2022 07:00,7,12.7,114,1.6
24/03/2022 07:00,8,10.2,250,3.2
24/03/2022 07:00,9,12.3,119,1.8
24/03/2022 07:00,10,12.5,118,4.1
24/03/2022 08:00,6,9.9,235,2.6
24/03/2022 08:00,7,10.1,357,1.8
24/03/2022 08:00,8,11.4,268,2.4
24/03/2022 08:00,9,9.6,343,2.1
24/03/2022 08:00,10,10.6,224,2.8
24/03/2022 09:00,6,11.2,27,3.4
24/03/2022 09:00,7,13.6,292,2.8
24/03/2022 09:00,8,9.8,1,3.1
24/03/2022 09:00,9,13.2,247,2.9
24/03/2022 09:00,10,10.4,287,3.8
24/03/2022 10:00,6,9.1,259,2.5
24/03/2022 10:00,7,9.5,19,3.5
24/03/2022 10:00,8,10,289,4.3
24/03/2022 10:00,9,13.2,210,3
24/03/2022 10:00,10,10,50,2.8
24/03/2022 11:00,6,13,182,1.8
24/03/2022 11:00,7,11.8,266,2.2
24/03/2022 11:00,8,12.5,108,1.5
24/03/2022 11:00,9,10.2,158,1.5
24/03/2022 11:00,10,9.6,90,4
24/03/2022 12:00,6,11.4,302,3.6
24/03/2022 12:00,7,10.5,78,2.7
24/03/2022 12:00,8,13.7,260,2.7
24/03/2022 12:00,9,9.5,62,3.2
24/03/2022 12:00,10,11.1,209,3.1
24/03/2022 13:00,6,10.9,256,3.9
24/03/2022 13:00,7,13.6,325,4.1
24/03/2022 13:00,8,14.1,328,2.8
24/03/2022 13:00,9,14.7,73,2.9
24/03/2022 13:00,10,14.4,87,3.9
24/03/2022 14:00,6,14.9,173,2.7
24/03/2022 14:00,7,10.4,109,2.6
24/03/2022 14:00,8,14,241,3.9
24/03/2022 14:00,9,14.1,223,4.2
24/03/2022 14:00,10,11.1,81,3.7
24/03/2022 15:00,6,14.8,230,2.7
24/03/2022 15:00,7,13.8,153,2.1
24/03/2022 15:00,8,10.3,282,3.7
24/03/2022 15:00,9,14,99,3.9
24/03/2022 15:00,10,11.8,220,3.2
24/03/2022 16:00,6,13.9,296,4.2
24/03/2022 16:00,7,14.8,123,3.3
24/03/2022 16:00,8,13.7,284,3.4
24/03/2022 16:00,9,10.8,9,4.5
24/03/2022 16:00,10,10.6,347,3.5
24/03/2022 17:00,6,10.7,356,4
24/03/2022 17:00,7,10.5,11,2.1
24/03/2022 17:00,8,14.4,114,2.8
24/03/2022 17:00,9,10.3,163,1.9
24/03/2022 17:00,10,14.9,51,3.7
24/03/2022 18:00,6,11.1,64,3.8
24/03/2022 18:00,7,9.7,288,4.4
24/03/2022 18:00,8,12.8,12,1.6
24/03/2022 18:00,9,14.9,225,4.4
24/03/2022 18:00,10,14.2,182,3.7
24/03/2022 19:00,6,11.3,0,3.5
24/03/2022 19:00,7,14,70,3.8
24/03/2022 19:00,8,9,160,3.3
24/03/2022 19:00,9,9.3,72,3
24/03/2022 19:00,10,12.9,14,4.1
24/03/2022 20:00,6,10.3,358,3.3
24/03/2022 20:00,7,13.5,127,1.6
24/03/2022 20:00,8,15,323,1.7
24/03/2022 20:00,9,10.9,245,2.2
24/03/2022 20:00,10,13.7,324,2
24/03/2022 21:00,6,11.9,124,1.6
24/03/2022 21:00,7,12.6,9,2.6
24/03/2022 21:00,8,13,281,4.3
24/03/2022 21:00,9,10.6,337,2.7
24/03/2022 21:00,10,10.7,218,4.2
24/03/2022 22:00,6,12.1,28,3.6
24/03/2022 22:00,7,12.7,251,4.4
24/03/2022 22:00,8,11.4,288,1.8
24/03/2022 22:00,9,9.1,273,3.9
24/03/2022 22:00,10,13.3,149,3.5
24/03/2022 23:00,6,11.6,166,4.1
24/03/2022 23:00,7,12.3,261,4
24/03/2022 23:00,8,13.3,294,2.9
24/03/2022 23:00,9,12.8,309,2.5
24/03/2022 23:00,10,9.8,69,1.5
25/03/2022 00:00,6,12.4,215,3.1
25/03/2022 00:00,7,14.7,264,2.9
25/03/2022 00:00,8,11.8,278,3.9
25/03/2022 00:00,9,10,216,2.4
25/03/2022 00:00,10,9.4,27,2.9
25/03/2022 01:00,6,12.9,42,2.7
25/03/2022 01:00,7,10.3,59,1.9
25/03/2022 01:00,8,13.8,134,2.4
25/03/2022 01:00,9,14.1,214,4.4
25/03/2022 01:00,10,10.7,335,3.5
25/03/2022 02:00,6,10.7,175,2.2
25/03/2022 02:00,7,11,168,3
25/03/2022 02:00,8,10.9,17,3.4
25/03/2022 02:00,9,12.2,194,3.8
25/03/2022 02:00,10,9.6,136,4.1
25/03/2022 03:00,6,15,115,2.9
25/03/2022 03:00,7,14.8,175,2.6
25/03/2022 03:00,8,11,221,3.8
25/03/2022 03:00,9,14.5,334,3.2
25/03/2022 03:00,10,14.9,340,2.9
25/03/2022 04:00,6,10.2,354,2.2
25/03/2022 04:00,7,14,293,4
25/03/2022 04:00,8,13.2,166,2.2
25/03/2022 04:00,9,12.6,141,4.1
25/03/2022 04:00,10,11.1,250,2.2
25/03/2022 05:00,6,9.8,17,2.9
25/03/2022 05:00,7,14.8,288,3.4
25/03/2022 05:00,8,9.2,150,3.9
25/03/2022 05:00,9,11.2,27,3.9
25/03/2022 05:00,10,12.7,263,3.3
25/03/2022 06:00,6,14.6,336,1.8
25/03/2022 06:00,7,13.8,294,2.3
25/03/2022 06:00,8,14.7,174,4
25/03/2022 06:00,9,13.1,303,1.9
25/03/2022 06:00,10,9.9,269,4.1
25/03/2022 07:00,6,11.5,212,4.1
25/03/2022 07:00,7,10.6,85,2.2
25/03/2022 07:00,8,12.3,125,1.5
25/03/2022 07:00,9,13.4,264,2.7
25/03/2022 07:00,10,14.3,237,1.7
25/03/2022 08:00,6,10.2,302,4.4
25/03/2022 08:00,7,9.1,356,4.3
25/03/2022 08:00,8,10.4,10,4.2
25/03/2022 08:00,9,14.9,142,3.5
25/03/2022 08:00,10,11,141,4.5
25/03/2022 09:00,6,12.7,48,3.2
25/03/2022 09:00,7,11.2,348,3.2
25/03/2022 09:00,8,13.9,326,1.7
25/03/2022 09:00,9,14.7,223,2.4
25/03/2022 09:00,10,9.3,292,3
25/03/2022 10:00,6,13.6,261,2
25/03/2022 10:00,7,10.6,48,3.8
25/03/2022 10:00,8,12.9,12,2.3
25/03/2022 10:00,9,11.1,275,4
25/03/2022 10:00,10,12.8,70,4
25/03/2022 11:00,6,13.2,331,3.6
25/03/2022 11:00,7,11.1,261,1.9
25/03/2022 11:00,8,14,283,1.6
25/03/2022 11:00,9,13.4,3,4.2
25/03/2022 11:00,10,12.6,335,1.5
25/03/2022 12:00,6,13.2,156,3.6
25/03/2022 12:00,7,9.3,66,3
25/03/2022 12:00,8,13.7,274,2.9
25/03/2022 12:00,9,12.8,224,4.4
25/03/2022 12:00,10,14.8,191,4.4
25/03/2022 13:00,6,11.3,301,1.8
25/03/2022 13:00,7,9.7,130,4.2
25/03/2022 13:00,8,11,82,2.1
25/03/2022 13:00,9,13.8,130,3.7
25/03/2022 13:00,10,10.9,30,4.4
25/03/2022 14:00,6,10.1,82,4
25/03/2022 14:00,7,11.6,234,4.3
25/03/2022 14:00,8,14.7,133,2.9
25/03/2022 14:00,9,13.4,238,3.5
25/03/2022 14:00,10,14.1,252,4.4
25/03/2022 15:00,6,9,323,2.3
25/03/2022 15:00,7,12.3,127,2.6
25/03/2022 15:00,8,11.3,30,2.8
25/03/2022 15:00,9,11.6,220,4.3
25/03/2022 15:00,10,13.8,60,2.4
25/03/2022 16:00,6,11.5,61,3.1
25/03/2022 16:00,7,9.2,225,4
25/03/2022 16:00,8,10.6,200,3.5
25/03/2022 16:00,9,12.9,197,2.3
25/03/2022 16:00,10,13.8,181,3.7
25/03/2022 17:00,6,11.9,97,1.7
25/03/2022 17:00,7,13.9,78,4.1
25/03/2022 17:00,8,13.1,237,3.4
25/03/2022 17:00,9,13.5,312,3.3
25/03/2022 17:00,10,9.4,0,3.6
25/03/2022 18:00,6,11.3,46,4.3
25/03/2022 18:00,7,10.9,135,1.9
25/03/2022 18:00,8,10,143,3.4
25/03/2022 18:00,9,9.7,41,1.7
25/03/2022 18:00,10,13.1,359,2.1
25/03/2022 19:00,6,9,152,4
25/03/2022 19:00,7,9.2,84,4.3
25/03/2022 19:00,8,9.6,282,2.9
25/03/2022 19:00,9,11,83,1.6
25/03/2022 19:00,10,12.1,66,3.7
25/03/2022 20:00,6,12.5,44,3.8
25/03/2022 20:00,7,12.2,340,2.5
25/03/2022 20:00,8,14.3,94,2.8
25/03/2022 20:00,9,10.9,324,3.5
25/03/2022 20:00,10,10.1,164,3.3
25/03/2022 21:00,6,13.6,139,2.3
25/03/2022 21:00,7,13.2,4,2.8
25/03/2022 21:00,8,13.6,220,3.3
25/03/2022 21:00,9,11.2,302,2.2
25/03/2022 21:00,10,14.3,112,2.4
25/03/2022 22:00,6,12.8,134,3.9
25/03/2022 22:00,7,10.2,43,3.8
25/03/2022 22:00,8,12.8,227,4.2
25/03/2022 22:00,9,12.6,3,4
25/03/2022 22:00,10,13.8,151,1.5
25/03/2022 23:00,6,9.4,7,4
25/03/2022 23:00,7,11,78,4.4
25/03/2022 23:00,8,14,217,3
25/03/2022 23:00,9,11.4,169,2.7
25/03/2022 23:00,10,10.3,201,1.8
26/03/2022 00:00,6,11,107,2.7
26/03/2022 00:00,7,13,153,3.3
26/03/2022 00:00,8,13.8,185,1.8
26/03/2022 00:00,9,11.1,4,2.5
26/03/2022 00:00,10,13.8,74,2.7
26/03/2022 01:00,6,11.8,52,3
26/03/2022 01:00,7,9,22,3.5
26/03/2022 01:00,8,10.6,287,3
26/03/2022 01:00,9,12,185,1.6
26/03/2022 01:00,10,12.3,229,2.1
26/03/2022 02:00,6,10.7,77,4.2
26/03/2022 02:00,7,13.7,0,3.2
26/03/2022 02:00,8,11.3,12,3.5
26/03/2022 02:00,9,12.1,34,3.9
26/03/2022 02:00,10,9,107,2.2
26/03/2022 03:00,6,12.6,123,4.4
26/03/2022 03:00,7,11.1,163,2
26/03/2022 03:00,8,14.8,194,1.8
26/03/2022 03:00,9,12,295,3
26/03/2022 03:00,10,14.8,237,2.8
26/03/2022 04:00,6,13.9,237,1.9
26/03/2022 04:00,7,11.1,171,2.4
26/03/2022 04:00,8,14.8,154,1.9
26/03/2022 04:00,9,11.6,28,1.8
26/03/2022 04:00,10,12.6,191,2.2
26/03/2022 05:00,6,11,83,2.2
26/03/2022 05:00,7,9.3,48,4.1
26/03/2022 05:00,8,10,189,2.1
26/03/2022 05:00,9,13,253,3.6
26/03/2022 05:00,10,14,282,2.2
26/03/2022 06:00,6,12.4,118,2.9
26/03/2022 06:00,7,12.7,309,4.2
26/03/2022 06:00,8,10,194,3.9
26/03/2022 06:00,9,15,139,3.9
26/03/2022 06:00,10,9.8,161,3.8
26/03/2022 07:00,6,13.6,194,1.7
26/03/2022 07:00,7,9.6,99,3.6
26/03/2022 07:00,8,9.9,112,4.2
26/03/2022 07:00,9,13.5,109,2.3
26/03/2022 07:00,10,10.2,338,2.5
26/03/2022 08:00,6,10.3,11,1.7
26/03/2022 08:00,7,9.7,210,2.3
26/03/2022 08:00,8,10.6,12,2.1
26/03/2022 08:00,9,9.2,196,4.3
26/03/2022 08:00,10,14.6,84,2.3
26/03/2022 09:00,6,14.9,161,2.1
26/03/2022 09:00,7,9.8,162,2.5
26/03/2022 09:00,8,12.1,177,3.1
26/03/2022 09:00,9,13.8,103,4.3
26/03/2022 09:00,10,9.7,324,3.8
26/03/2022 10:00,6,9.2,12,3.5
26/03/2022 10:00,7,10,174,4.1
26/03/2022 10:00,8,12.6,64,4
26/03/2022 10:00,9,11.3,130,2
26/03/2022 10:00,10,12,92,3.6
26/03/2022 11:00,6,11.2,92,1.7
26/03/2022 11:00,7,13.4,209,2.5
26/03/2022 11:00,8,11.6,196,1.8
26/03/2022 11:00,9,9.8,120,4.5
26/03/2022 11:00,10,13.7,151,3.3
26/03/2022 12:00,6,13.8,238,4
26/03/2022 12:00,7,14.1,4,2.7
26/03/2022 12:00,8,10,19,1.7
26/03/2022 12:00,9,12.6,78,4
26/03/2022 12:00,10,9.6,107,3.3
26/03/2022 13:00,6,14.9,198,2.8
26/03/2022 13:00,7,12.5,257,3.2
26/03/2022 13:00,8,11,213,1.6
26/03/2022 13:00,9,13.5,160,4.5
26/03/2022 13:00,10,13.8,22,2.1
26/03/2022 14:00,6,13,244,2.9
26/03/2022 14:00,7,11.6,64,4.1
26/03/2022 14:00,8,12.3,255,3.8
26/03/2022 14:00,9,11,349,2.6
26/03/2022 14:00,10,9.6,333,2.9
26/03/2022 15:00,6,11.5,212,4.3
26/03/2022 15:00,7,14.7,279,4.3
26/03/2022 15:00,8,12.4,318,4.3
26/03/2022 15:00,9,10.6,290,4.1
26/03/2022 15:00,10,12,328,2
26/03/2022 16:00,6,13.5,18,1.7
26/03/2022 16:00,7,14.5,16,3
26/03/2022 16:00,8,12.5,205,3.7
26/03/2022 16:00,9,13.4,229,1.5
26/03/2022 16:00,10,13.4,17,4
26/03/2022 17:00,6,10.5,65,4.5
26/03/2022 17:00,7,12.6,114,1.6
26/03/2022 17:00,8,14.8,50,3.4
26/03/2022 17:00,9,9.8,329,2.2
26/03/2022 17:00,10,10.2,260,3.4
26/03/2022 18:00,6,11.2,310,2.6
26/03/2022 18:00,7,13,189,3.1
26/03/2022 18:00,8,9.5,183,1.6
26/03/2022 18:00,9,14.5,356,2.3
26/03/2022 18:00,10,10.6,320,2.7
26/03/2022 19:00,6,12.7,236,4.1
26/03/2022 19:00,7,12.5,219,4.1
26/03/2022 19:00,8,9.2,212,1.6
26/03/2022 19:00,9,12.7,264,4.2
26/03/2022 19:00,10,13.8,78,2.1
26/03/2022 20:00,6,13.7,264,3.2
26/03/2022 20:00,7,9.4,346,2.8
26/03/2022 20:00,8,14.1,1,3.6
26/03/2022 20:00,9,11.8,69,3.8
26/03/2022 20:00,10,9.4,318,4
26/03/2022 21:00,6,9.3,121,2.7
26/03/2022 21:00,7,12.8,148,4.3
26/03/2022 21:00,8,12.3,131,3.8
26/03/2022 21:00,9,13.7,175,3
26/03/2022 21:00,10,13.7,200,4.3
26/03/2022 22:00,6,14.9,70,3.8
26/03/2022 22:00,7,9.7,182,4.3
26/03/2022 22:00,8,13.5,220,2
26/03/2022 22:00,9,10.4,192,4.4
26/03/2022 22:00,10,13.5,348,3.1
26/03/2022 23:00,6,11.1,64,3.7
26/03/2022 23:00,7,14.2,74,1.7
26/03/2022 23:00,8,9.6,128,4
26/03/2022 23:00,9,10.8,6,3
26/03/2022 23:00,10,14,155,2.6
27/03/2022 00:00,6,11.4,152,2.8
27/03/2022 00:00,7,9.2,301,3.3
27/03/2022 00:00,8,14.2,7,2.2
27/03/2022 00:00,9,11.6,337,1.6
27/03/2022 00:00,10,14.6,196,3.1
27/03/2022 01:00,6,10.6,272,2.6
27/03/2022 01:00,7,10.9,70,3.3
27/03/2022 01:00,8,13.9,139,2.7
27/03/2022 01:00,9,11.2,165,2
27/03/2022 01:00,10,12.7,320,4.2
27/03/2022 02:00,6,12.3,114,4.4
27/03/2022 02:00,7,10.7,274,2.5
27/03/2022 02:00,8,14.9,16,4.1
27/03/2022 02:00,9,12,46,3.9
27/03/2022 02:00,10,9.6,20,4.1
27/03/2022 03:00,6,14.5,203,4.5
27/03/2022 03:00,7,11.3,166,4.3
27/03/2022 03:00,8,11.4,194,3.5
27/03/2022 03:00,9,9.5,219,2.9
27/03/2022 03:00,10,12.2,248,4.3
27/03/2022 04:00,6,12.9,121,3.2
27/03/2022 04:00,7,11.7,106,1.6
27/03/2022 04:00,8,9.4,118,2.9
27/03/2022 04:00,9,12.2,73,4.2
27/03/2022 04:00,10,13.1,3,2.1
27/03/2022 05:00,6,10.2,322,3.5
27/03/2022 05:00,7,14.8,186,4
27/03/2022 05:00,8,9.3,169,2.2
27/03/2022 05:00,9,9.3,250,4.2
27/03/2022 05:00,10,12.5,43,3.2
27/03/2022 06:00,6,14.9,101,2.8
27/03/2022 06:00,7,13.2,61,3.2
27/03/2022 06:00,8,13,95,1.6
27/03/2022 06:00,9,9.3,69,3.2
27/03/2022 06:00,10,13,253,1.8
27/03/2022 07:00,6,11.5,196,2.6
27/03/2022 07:00,7,13.1,240,4.4
27/03/2022 07:00,8,10.1,96,2.4
27/03/2022 07:00,9,13.9,201,1.8
27/03/2022 07:00,10,14.3,12,4.1
27/03/2022 08:00,6,10.2,334,3.8
27/03/2022 08:00,7,15,234,3.1
27/03/2022 08:00,8,14.5,20,3.6
27/03/2022 08:00,9,11.2,31,4.2
27/03/2022 08:00,10,13.8,157,3.8
27/03/2022 09:00,6,10.7,247,2.9
27/03/2022 09:00,7,9.3,237,3
27/03/2022 09:00,8,14.7,303,3.4
27/03/2022 09:00,9,9.2,168,4.3
27/03/2022 09:00,10,9.8,112,3.9
27/03/2022 10:00,6,13.7,238,3.8
27/03/2022 10:00,7,12.2,127,3.3
27/03/2022 10:00,8,12.2,223,3.1
27/03/2022 10:00,9,13.7,163,3.1
27/03/2022 10:00,10,11,158,1.5
27/03/2022 11:00,6,13.7,306,4.5
27/03/2022 11:00,7,13.9,9,3.7
27/03/2022 11:00,8,11.7,306,3
27/03/2022 11:00,9,13.3,222,3.9
27/03/2022 11:00,10,13.3,287,3.3
27/03/2022 12:00,6,14,185,2
27/03/2022 12:00,7,10.8,126,2.1
27/03/2022 12:00,8,12,259,3.8
27/03/2022 12:00,9,12.3,319,3.8
27/03/2022 12:00,10,9.6,347,4.4
27/03/2022 13:00,6,13,142,4.1
27/03/2022 13:00,7,10.5,23,2.2
27/03/2022 13:00,8,9.6,324,2.3
27/03/2022 13:00,9,9.7,99,4.1
27/03/2022 13:00,10,11.1,130,2.3
27/03/2022 14:00,6,14.4,278,3.8
27/03/2022 14:00,7,13.8,176,1.8
27/03/2022 14:00,8,11.7,251,2.4
27/03/2022 14:00,9,10.2,30,3.7
27/03/2022 14:00,10,13.8,91,3.5
27/03/2022 15:00,6,12.1,274,3.7
27/03/2022 15:00,7,12,278,2.9
27/03/2022 15:00,8,11.5,59,2.4
27/03/2022 15:00,9,10.1,244,2.3
27/03/2022 15:00,10,12.6,47,3.6
27/03/2022 16:00,6,14.7,349,3.2
27/03/2022 16:00,7,9.4,111,2.4
27/03/2022 16:00,8,14.1,345,2.9
27/03/2022 16:00,9,13.7,129,2
27/03/2022 16:00,10,10.9,77,2
27/03/2022 17:00,6,9.3,317,1.6
27/03/2022 17:00,7,13.7,146,2.8
27/03/2022 17:00,8,10.9,290,3.1
27/03/2022 17:00,9,9.1,67,3.9
27/03/2022 17:00,10,9.2,114,4.3
27/03/2022 18:00,6,13.9,326,2.5
27/03/2022 18:00,7,9.4,110,1.5
27/03/2022 18:00,8,10.9,297,3.6
27/03/2022 18:00,9,9.1,8,1.5
27/03/2022 18:00,10,12.6,32,2.9
27/03/2022 19:00,6,14.8,253,2
27/03/2022 19:00,7,10.9,343,2.5
27/03/2022 19:00,8,13.4,113,2.6
27/03/2022 19:00,9,14.1,120,3.4
27/03/2022 19:00,10,10.6,160,3.1
27/03/2022 20:00,6,10.4,241,2.4
27/03/2022 20:00,7,10.6,146,3
27/03/2022 20:00,8,9.7,1,4.1
27/03/2022 20:00,9,13.7,282,3.3
27/03/2022 20:00,10,14.8,70,2.9
27/03/2022 21:00,6,10.4,257,2.8
27/03/2022 21:00,7,12.3,171,2.7
27/03/2022 21:00,8,14.6,82,2.9
27/03/2022 21:00,9,12.2,271,3.4
27/03/2022 21:00,10,11.5,328,2.1
27/03/2022 22:00,6,14.5,10,2
27/03/2022 22:00,7,10.5,137,4.4
27/03/2022 22:00,8,12.2,100,2.2
27/03/2022 22:00,9,12.9,166,4.1
27/03/2022 22:00,10,12.5,321,2.4
27/03/2022 23:00,6,10.3,301,4.4
27/03/2022 23:00,7,13.6,227,3.6
27/03/2022 23:00,8,9.7,194,3.9
27/03/2022 23:00,9,9.5,310,2.7
27/03/2022 23:00,10,12.6,256,4.2
28/03/2022 00:00,6,13.8,112,2.8
28/03/2022 00:00,7,12.6,49,4
28/03/2022 00:00,8,14.9,98,2.2
28/03/2022 00:00,9,10.7,209,2.7
28/03/2022 00:00,10,14.1,275,3.5
28/03/2022 01:00,6,14.5,236,2.5
28/03/2022 01:00,7,12.8,305,2.4
28/03/2022 01:00,8,12.6,52,3.7
28/03/2022 01:00,9,12.7,70,2.4
28/03/2022 01:00,10,13,46,3.4
28/03/2022 02:00,6,12.9,312,2.3
28/03/2022 02:00,7,10.8,132,3.9
28/03/2022 02:00,8,10.1,60,2.7
28/03/2022 02:00,9,9.4,209,2.1
28/03/2022 02:00,10,10.9,352,4.2
28/03/2022 03:00,6,9.9,25,3.9
28/03/2022 03:00,7,13.3,88,2.4
28/03/2022 03:00,8,9.6,63,2.5
28/03/2022 03:00,9,12.1,132,1.8
28/03/2022 03:00,10,10.7,313,3
28/03/2022 04:00,6,14.1,315,1.5
28/03/2022 04:00,7,13,14,2
28/03/2022 04:00,8,13.8,314,4.4
28/03/2022 04:00,9,10.2,73,1.8
28/03/2022 04:00,10,12.9,287,2.5
28/03/2022 05:00,6,14.5,198,3.8
28/03/2022 05:00,7,13.6,281,1.9
28/03/2022 05:00,8,10.2,242,3.8
28/03/2022 05:00,9,12.1,193,3.2
28/03/2022 05:00,10,13.2,208,4.1
28/03/2022 06:00,6,9.9,238,4.3
28/03/2022 06:00,7,10,87,3.4
28/03/2022 06:00,8,12.7,124,3.3
28/03/2022 06:00,9,9.1,237,3.5
28/03/2022 06:00,10,11.5,266,4.3
28/03/2022 07:00,6,11.6,166,3.7
28/03/2022 07:00,7,10.4,265,3
28/03/2022 07:00,8,13.6,264,3.8
28/03/2022 07:00,9,14.5,57,2.4
28/03/2022 07:00,10,14.1,307,4.5
28/03/2022 08:00,6,15,190,4.2
28/03/2022 08:00,7,11.2,207,3.9
28/03/2022 08:00,8,9.5,123,2.9
28/03/2022 08:00,9,14.4,112,3.2
28/03/2022 08:00,10,12.2,100,2.1
28/03/2022 09:00,6,14.7,245,2.4
28/03/2022 09:00,7,12.4,322,4.5
28/03/2022 09:00,8,9.3,4,3.5
28/03/2022 09:00,9,14.5,90,4.2
28/03/2022 09:00,10,11.4,267,2
28/03/2022 10:00,6,12.1,12,4.2
28/03/2022 10:00,7,12.5,351,2.7
28/03/2022 10:00,8,10.5,350,3.1
28/03/2022 10:00,9,13.8,300,4.2
28/03/2022 10:00,10,13.9,172,2.7
28/03/2022 11:00,6,13.5,325,2.1
28/03/2022 11:00,7,13.6,182,3.5
28/03/2022 11:00,8,11.4,78,2
28/03/2022 11:00,9,14.4,154,2.7
28/03/2022 11:00,10,13,222,4.1
28/03/2022 12:00,6,12.3,162,1.9
28/03/2022 12:00,7,10.7,334,3.6
28/03/2022 12:00,8,11.3,161,3.5
28/03/2022 12:00,9,13.4,304,2
28/03/2022 12:00,10,9.1,3,4.5
28/03/2022 13:00,6,11.5,319,3.4
28/03/2022 13:00,7,13.5,306,3.6
28/03/2022 13:00,8,10.3,261,3.6
28/03/2022 13:00,9,13.8,209,2.3
28/03/2022 13:00,10,11.2,8,2.1
28/03/2022 14:00,6,14.3,254,3.7
28/03/2022 14:00,7,14,104,1.8
28/03/2022 14:00,8,13.7,309,3.7
28/03/2022 14:00,9,10.9,335,1.6
28/03/2022 14:00,10,13.6,241,3.7
28/03/2022 15:00,6,11.1,253,3.2
28/03/2022 15:00,7,12.4,18,2.1
28/03/2022 15:00,8,14,297,3.5
28/03/2022 15:00,9,12,221,1.6
28/03/2022 15:00,10,14.7,47,3.7
28/03/2022 16:00,6,14.8,258,2.4
28/03/2022 16:00,7,10.2,140,3.6
28/03/2022 16:00,8,14.6,176,1.8
28/03/2022 16:00,9,11.3,344,2.6
28/03/2022 16:00,10,13.9,61,2.8
28/03/2022 17:00,6,11,224,2.2
28/03/2022 17:00,7,9.2,326,2.1
28/03/2022 17:00,8,13.6,109,3.8
28/03/2022 17:00,9,12.8,284,3.1
28/03/2022 17:00,10,12.8,234,4.4
28/03/2022 18:00,6,13.8,309,2
28/03/2022 18:00,7,13.8,9,4.2
28/03/2022 18:00,8,13,359,2.7
28/03/2022 18:00,9,10.5,186,4.1
28/03/2022 18:00,10,10.3,275,1.9
28/03/2022 19:00,6,10.7,260,3.1
28/03/2022 19:00,7,12.1,308,2.7
28/03/2022 19:00,8,10.3,17,2.2
28/03/2022 19:00,9,12.2,42,3.4
28/03/2022 19:00,10,14.4,111,2.8
28/03/2022 20:00,6,10,278,3
28/03/2022 20:00,7,14.3,237,2.5
28/03/2022 20:00,8,12.6,141,4.3
28/03/2022 20:00,9,13.8,21,2.4
28/03/2022 20:00,10,10.4,209,3.9
28/03/2022 21:00,6,13.7,34,2.1
28/03/2022 21:00,7,14.9,88,3.9
28/03/2022 21:00,8,13.8,166,3.6
28/03/2022 21:00,9,11.7,330,3.5
28/03/2022 21:00,10,10.7,192,1.5
28/03/2022 22:00,6,14.5,286,2.8
28/03/2022 22:00,7,9.9,276,1.8
28/03/2022 22:00,8,9.7,304,1.6
28/03/2022 22:00,9,9.4,352,3.3
28/03/2022 22:00,10,11.2,253,3.4
28/03/2022 23:00,6,9.8,107,3
28/03/2022 23:00,7,12.8,254,3.1
28/03/2022 23:00,8,14.5,146,1.6
28/03/2022 23:00,9,14.1,310,3.9
28/03/2022 23:00,10,10.6,171,2.5
29/03/2022 00:00,6,14,170,3.6
29/03/2022 00:00,7,14.9,315,3
29/03/2022 00:00,8,14.2,47,1.6
29/03/2022 00:00,9,10,320,3
29/03/2022 00:00,10,10.3,61,3.2
29/03/2022 01:00,6,9.9,90,4.1
29/03/2022 01:00,7,10.3,342,2.1
29/03/2022 01:00,8,9.6,163,2.5
29/03/2022 01:00,9,9.8,296,3.3
29/03/2022 01:00,10,14.5,242,3.9
29/03/2022 02:00,6,11.7,241,2.9
29/03/2022 02:00,7,12.5,246,2.5
29/03/2022 02:00,8,13.8,145,2.2
29/03/2022 02:00,9,9.7,336,3.6
29/03/2022 02:00,10,10,157,4.1
29/03/2022 03:00,6,9.1,96,1.6
29/03/2022 03:00,7,9.4,88,4.1
29/03/2022 03:00,8,12.7,250,1.6
29/03/2022 03:00,9,12.9,238,3.4
29/03/2022 03:00,10,14.7,99,3.5
29/03/2022 04:00,6,10.9,78,2.6
29/03/2022 04:00,7,10,266,3.3
29/03/2022 04:00,8,11.7,164,2
29/03/2022 04:00,9,11.4,227,2.8
29/03/2022 04:00,10,12.6,218,4.1
29/03/2022 05:00,6,14,292,4.5
29/03/2022 05:00,7,12.1,294,2.8
29/03/2022 05:00,8,13.2,124,3.3
29/03/2022 05:00,9,9.4,309,3.2
29/03/2022 05:00,10,9.1,242,3.4
29/03/2022 06:00,6,10.9,171,1.8
29/03/2022 06:00,7,14.4,244,3.7
29/03/2022 06:00,8,9.8,116,4.4
29/03/2022 06:00,9,10.2,269,1.8
29/03/2022 06:00,10,13.9,209,2.6
29/03/2022 07:00,6,9.9,75,3.3
29/03/2022 07:00,7,11.2,268,3
29/03/2022 07:00,8,14,305,3.3
29/03/2022 07:00,9,9.4,336,1.6
29/03/2022 07:00,10,12.3,87,3.1
29/03/2022 08:00,6,13.3,197,4.2
29/03/2022 08:00,7,14.6,339,3
29/03/2022 08:00,8,14.2,151,2.3
29/03/2022 08:00,9,12.7,260,2.3
29/03/2022 08:00,10,12.9,230,3.3
29/03/2022 09:00,6,11.5,339,3.4
29/03/2022 09:00,7,10.6,112,4
29/03/2022 09:00,8,12.6,192,3.8
29/03/2022 09:00,9,11.1,224,1.8
29/03/2022 09:00,10,10.6,22,3.4
29/03/2022 10:00,6,11.7,1,2.8
29/03/2022 10:00,7,11.2,312,4.2
29/03/2022 10:00,8,12.1,223,4.1
29/03/2022 10:00,9,12,313,1.8
29/03/2022 10:00,10,10.6,213,3.5
29/03/2022 11:00,6,9.3,277,3.2
29/03/2022 11:00,7,9.9,36,3
29/03/2022 11:00,8,13.4,21,3
29/03/2022 11:00,9,14.3,105,3
29/03/2022 11:00,10,14.7,63,3.5
29/03/2022 12:00,6,11.8,35,3
29/03/2022 12:00,7,13.1,205,1.5
29/03/2022 12:00,8,9.9,73,1.5
29/03/2022 12:00,9,9.1,217,1.7
29/03/2022 12:00,10,10.7,77,3.9
29/03/2022 13:00,6,14.5,188,4.3
29/03/2022 13:00,7,12.4,42,2.8
29/03/2022 13:00,8,13.7,302,3.1
29/03/2022 13:00,9,13,197,3.1
29/03/2022 13:00,10,9.8,267,2.5
29/03/2022 14:00,6,13,241,2.3
29/03/2022 14:00,7,13.4,309,2.7
29/03/2022 14:00,8,11.7,76,2.5
29/03/2022 14:00,9,9.2,262,2.6
29/03/2022 14:00,10,10.2,243,2.5
29/03/2022 15:00,6,13.1,156,4.5
29/03/2022 15:00,7,11.3,76,4.4
29/03/2022 15:00,8,9.9,250,2.8
29/03/2022 15:00,9,13.7,152,4.1
29/03/2022 15:00,10,9.1,172,1.6
29/03/2022 16:00,6,10,97,1.9
29/03/2022 16:00,7,14.6,348,2.6
29/03/2022 16:00,8,10.4,100,2.1
29/03/2022 16:00,9,11.3,238,2.7
29/03/2022 16:00,10,12.3,184,2.3
29/03/2022 17:00,6,11.4,33,2.8
29/03/2022 17:00,7,12.3,34,2.9
29/03/2022 17:00,8,9.3,17,2.5
29/03/2022 17:00,9,12.4,63,2.9
29/03/2022 17:00,10,12.2,4,4.3
29/03/2022 18:00,6,11.4,209,2.9
29/03/2022 18:00,7,9.2,329,3
29/03/2022 18:00,8,13.2,85,3.5
29/03/2022 18:00,9,13.3,141,1.9
29/03/2022 18:00,10,13.9,74,4.4
29/03/2022 19:00,6,12.9,346,1.6
29/03/2022 19:00,7,14.1,335,2.4
29/03/2022 19:00,8,13.7,156,4.1
29/03/2022 19:00,9,14.6,313,2.2
29/03/2022 19:00,10,11,302,3.2
29/03/2022 20:00,6,11.5,126,2.1
29/03/2022 20:00,7,10.1,268,2
29/03/2022 20:00,8,10,41,2.6
29/03/2022 20:00,9,9.1,288,1.8
29/03/2022 20:00,10,14.8,160,2.8
29/03/2022 21:00,6,12,133,2.5
29/03/2022 21:00,7,10.6,229,2.4
29/03/2022 21:00,8,11.4,96,4.3
29/03/2022 21:00,9,13,177,2
29/03/2022 21:00,10,11.6,96,1.9
29/03/2022 22:00,6,10.8,277,1.8
29/03/2022 22:00,7,10.1,350,3.2
29/03/2022 22:00,8,11.8,63,1.6
29/03/2022 22:00,9,12.8,61,3.6
29/03/2022 22:00,10,11.9,241,2.1
29/03/2022 23:00,6,13.4,355,2.2
29/03/2022 23:00,7,11.4,311,3.6
29/03/2022 23:00,8,13.2,341,4.3
29/03/2022 23:00,9,10.4,147,1.6
29/03/2022 23:00,10,10.1,98,4.1
30/03/2022 00:00,6,11.9,50,3.9
30/03/2022 00:00,7,10.9,197,4.4
30/03/2022 00:00,8,11.1,253,3.7
30/03/2022 00:00,9,13.3,86,3.3
30/03/2022 00:00,10,10.9,35,1.8
30/03/2022 01:00,6,14.1,256,3
30/03/2022 01:00,7,10,301,3.6
30/03/2022 01:00,8,14,264,4.4
30/03/2022 01:00,9,11.4,335,1.7
30/03/2022 01:00,10,13.9,2,4
30/03/2022 02:00,6,11.7,40,1.6
30/03/2022 02:00,7,10.3,339,2
30/03/2022 02:00,8,9,356,2.1
30/03/2022 02:00,9,13.5,296,3
30/03/2022 02:00,10,10.1,316,3.9
30/03/2022 03:00,6,13.9,301,2.1
30/03/2022 03:00,7,14.7,55,2.3
30/03/2022 03:00,8,10.9,215,2.2
30/03/2022 03:00,9,14.7,240,3.2
30/03/2022 03:00,10,13.6,106,1.8
30/03/2022 04:00,6,10.2,102,4.3
30/03/2022 04:00,7,10,205,4.2
30/03/2022 04:00,8,12.9,204,2.1
30/03/2022 04:00,9,12.7,262,2.9
30/03/2022 04:00,10,12.7,195,3
30/03/2022 05:00,6,14.2,273,1.8
30/03/2022 05:00,7,13.2,54,4
30/03/2022 05:00,8,9.9,291,3.3
30/03/2022 05:00,9,14.2,119,2.5
30/03/2022 05:00,10,9.9,258,2
30/03/2022 06:00,6,10.4,32,4.5
30/03/2022 06:00,7,12.9,149,2.1
30/03/2022 06:00,8,11.5,213,2.6
30/03/2022 06:00,9,12.1,309,2
30/03/2022 06:00,10,12.8,148,4.3
30/03/2022 07:00,6,14.5,183,4
30/03/2022 07:00,7,12.9,355,3.4
30/03/2022 07:00,8,10.7,213,2
30/03/2022 07:00,9,12.8,272,3.6
30/03/2022 07:00,10,9.9,344,1.8
30/03/2022 08:00,6,14.6,159,2.5
30/03/2022 08:00,7,15,179,2.7
30/03/2022 08:00,8,13.8,71,1.9
30/03/2022 08:00,9,13.4,215,1.5
30/03/2022 08:00,10,11.4,348,2.2
30/03/2022 09:00,6,14.6,222,4.2
30/03/2022 09:00,7,10.5,136,3.3
30/03/2022 09:00,8,9,54,1.6
30/03/2022 09:00,9,13.2,226,3.7
30/03/2022 09:00,10,12.7,148,1.7
30/03/2022 10:00,6,12.6,87,2
30/03/2022 10:00,7,14.3,143,3.5
30/03/2022 10:00,8,10.4,188,2.6
30/03/2022 10:00,9,9.7,117,3.2
30/03/2022 10:00,10,13.9,10,3.7
30/03/2022 11:00,6,11.7,300,2.2
30/03/2022 11:00,7,14.3,199,3.9
30/03/2022 11:00,8,10.9,350,3.5
30/03/2022 11:00,9,10.2,265,2.5
30/03/2022 11:00,10,12.2,188,3.8
30/03/2022 12:00,6,10,217,4.3
30/03/2022 12:00,7,11.6,96,3
30/03/2022 12:00,8,10.8,256,3.1
30/03/2022 12:00,9,14,197,2.8
30/03/2022 12:00,10,13.2,211,1.9
30/03/2022 13:00,6,10.7,157,2
30/03/2022 13:00,7,12.4,192,3.2
30/03/2022 13:00,8,13.9,212,3.6
30/03/2022 13:00,9,12.5,63,2.8
30/03/2022 13:00,10,14.7,180,2.7
30/03/2022 14:00,6,12.2,31,2.4
30/03/2022 14:00,7,10.1,261,1.8
30/03/2022 14:00,8,10.6,77,4.4
30/03/2022 14:00,9,11.1,345,1.7
30/03/2022 14:00,10,13.4,331,4.3
30/03/2022 15:00,6,9.4,195,2
30/03/2022 15:00,7,10.6,125,3.9
30/03/2022 15:00,8,9.4,55,2.9
30/03/2022 15:00,9,11.6,145,2.3
30/03/2022 15:00,10,9.4,33,2.9
30/03/2022 16:00,6,10.5,256,2.1
30/03/2022 16:00,7,11.5,191,2.9
30/03/2022 16:00,8,12.6,159,3.8
30/03/2022 16:00,9,11,169,3.9
30/03/2022 16:00,10,9,260,2.5
30/03/2022 17:00,6,11.8,79,4.4
30/03/2022 17:00,7,10.5,77,4.2
30/03/2022 17:00,8,12.2,307,2.2
30/03/2022 17:00,9,11.7,136,3.6
30/03/2022 17:00,10,13.4,286,4.4
30/03/2022 18:00,6,13.9,163,3.9
30/03/2022 18:00,7,12.2,154,3.2
30/03/2022 18:00,8,12.9,85,3.7
30/03/2022 18:00,9,12.6,353,3.9
30/03/2022 18:00,10,14,87,4
30/03/2022 19:00,6,13.9,279,4.4
30/03/2022 19:00,7,12.9,15,4
30/03/2022 19:00,8,13.8,99,3.8
30/03/2022 19:00,9,11.5,284,3
30/03/2022 19:00,10,11.4,212,2.7
30/03/2022 20:00,6,14.4,80,1.7
30/03/2022 20:00,7,11.9,250,3.1
30/03/2022 20:00,8,9.7,303,2.6
30/03/2022 20:00,9,12.8,271,2.7
30/03/2022 20:00,10,14.5,18,3.3
30/03/2022 21:00,6,9.6,81,2.9
30/03/2022 21:00,7,13.7,299,4.1
30/03/2022 21:00,8,9.2,251,4
30/03/2022 21:00,9,14.3,215,4.2
30/03/2022 21:00,10,13,140,3.6
30/03/2022 22:00,6,10.9,110,2.1
30/03/2022 22:00,7,12.4,208,2.2
30/03/2022 22:00,8,10.6,64,4.1
30/03/2022 22:00,9,10.5,39,2
30/03/2022 22:00,10,11.7,34,3.1
30/03/2022 23:00,6,13,126,2.6
30/03/2022 23:00,7,11.6,359,3.1
30/03/2022 23:00,8,10.8,132,3.3
30/03/2022 23:00,9,13.8,282,1.9
30/03/2022 23:00,10,9,299,3.2
31/03/2022 00:00,6,14,321,1.9
31/03/2022 00:00,7,12.7,157,3.3
31/03/2022 00:00,8,9.9,269,4.1
31/03/2022 00:00,9,13.5,299,1.6
31/03/2022 00:00,10,12.2,118,2.6
31/03/2022 01:00,6,10.4,247,2.9
31/03/2022 01:00,7,14.9,308,4.3
31/03/2022 01:00,8,14.7,10,3.4
31/03/2022 01:00,9,10.8,208,4.1
31/03/2022 01:00,10,9.1,292,2.3
31/03/2022 02:00,6,13.7,10,4
31/03/2022 02:00,7,9.9,285,1.8
31/03/2022 02:00,8,10.7,164,3.8
31/03/2022 02:00,9,10.4,349,3.6
31/03/2022 02:00,10,9.3,103,1.8
31/03/2022 03:00,6,13.9,353,2.1
31/03/2022 03:00,7,12.2,293,2
31/03/2022 03:00,8,10.4,139,1.7
31/03/2022 03:00,9,13.8,12,3.2
31/03/2022 03:00,10,11.7,343,2.4
31/03/2022 04:00,6,11,79,4
31/03/2022 04:00,7,12.3,205,3.2
31/03/2022 04:00,8,10.2,283,4.4
31/03/2022 04:00,9,11.8,235,4
31/03/2022 04:00,10,10.1,181,2.7
31/03/2022 05:00,6,14.2,353,2.4
31/03/2022 05:00,7,10,137,3.9
31/03/2022 05:00,8,12.2,256,2.4
31/03/2022 05:00,9,12.4,314,2.5
31/03/2022 05:00,10,13.6,181,1.6
31/03/2022 06:00,6,14.8,122,1.9
31/03/2022 06:00,7,11.2,178,2.5
31/03/2022 06:00,8,10,196,2.9
31/03/2022 06:00,9,14.6,300,4.3
31/03/2022 06:00,10,14,296,2.5
31/03/2022 07:00,6,10.9,154,3.1
31/03/2022 07:00,7,9.1,142,1.6
31/03/2022 07:00,8,11.9,57,3.5
31/03/2022 07:00,9,12.6,272,3.6
31/03/2022 07:00,10,14.8,339,2.9
31/03/2022 08:00,6,11,245,2.7
31/03/2022 08:00,7,13.3,95,3.8
31/03/2022 08:00,8,11.2,95,1.7
31/03/2022 08:00,9,13.8,96,2.3
31/03/2022 08:00,10,11.9,340,1.6
31/03/2022 09:00,6,11.1,234,1.9
31/03/2022 09:00,7,12.6,103,1.8
31/03/2022 09:00,8,12.8,209,4.2
31/03/2022 09:00,9,12.1,324,3.8
31/03/2022 09:00,10,9.3,32,2.8
31/03/2022 10:00,6,12.6,169,3.9
31/03/2022 10:00,7,9.4,133,2.5
31/03/2022 10:00,8,13.8,318,4
31/03/2022 10:00,9,13.8,4,3.6
31/03/2022 10:00,10,14.6,322,1.7
31/03/2022 11:00,6,11.3,66,3.4
31/03/2022 11:00,7,14.8,72,2.2
31/03/2022 11:00,8,11.9,1,4.4
31/03/2022 11:00,9,13.2,214,3.5
31/03/2022 11:00,10,10.2,199,2.9
31/03/2022 12:00,6,10.6,169,3.1
31/03/2022 12:00,7,13.4,267,3.1
31/03/2022 12:00,8,11.2,189,4.4
31/03/2022 12:00,9,13.4,351,2.5
31/03/2022 12:00,10,9.4,218,3.4
31/03/2022 13:00,6,14.2,119,1.9
31/03/2022 13:00,7,14.6,212,3.6
31/03/2022 13:00,8,12.7,110,2.4
31/03/2022 13:00,9,10.4,112,3.6
31/03/2022 13:00,10,11.1,13,3.6
31/03/2022 14:00,6,13.6,253,2.3
31/03/2022 14:00,7,9.3,161,3.2
31/03/2022 14:00,8,9.6,288,4.4
31/03/2022 14:00,9,11.3,136,3.6
31/03/2022 14:00,10,13.8,263,3.9
31/03/2022 15:00,6,11.6,121,3.3
31/03/2022 15:00,7,13.1,70,2.4
31/03/2022 15:00,8,10.6,271,4.2
31/03/2022 15:00,9,10.4,109,3.6
31/03/2022 15:00,10,10.6,328,2.1
31/03/2022 16:00,6,12.6,159,2.1
31/03/2022 16:00,7,10.8,339,1.7
31/03/2022 16:00,8,10.3,124,3.3
31/03/2022 16:00,9,11.2,21,2.3
31/03/2022 16:00,10,11.1,49,2.1
31/03/2022 17:00,6,15,86,1.6
31/03/2022 17:00,7,10.6,304,3.3
31/03/2022 17:00,8,11,312,3.8
31/03/2022 17:00,9,11.9,133,3.8
31/03/2022 17:00,10,9.8,240,4.1
31/03/2022 18:00,6,13.9,274,2.6
31/03/2022 18:00,7,9.6,188,1.9
31/03/2022 18:00,8,10.8,108,3.6
31/03/2022 18:00,9,12.3,234,2.3
31/03/2022 18:00,10,11.6,83,2.7
31/03/2022 19:00,6,14.8,9,2.2
31/03/2022 19:00,7,12.1,357,2.6
31/03/2022 19:00,8,13,307,3.1
31/03/2022 19:00,9,14.9,145,3.8
31/03/2022 19:00,10,11.4,23,2
31/03/2022 20:00,6,11,50,2.7
31/03/2022 20:00,7,14,240,3.2
31/03/2022 20:00,8,9.4,21,1.8
31/03/2022 20:00,9,9.8,221,4.3
31/03/2022 20:00,10,12.3,26,3.4
31/03/2022 21:00,6,9.3,339,3.8
31/03/2022 21:00,7,12.3,318,2.2
31/03/2022 21:00,8,11.2,161,1.7
31/03/2022 21:00,9,9.4,307,2.2
31/03/2022 21:00,10,10,115,2.8
31/03/2022 22:00,6,10.2,332,2.8
31/03/2022 22:00,7,10.5,285,3.8
31/03/2022 22:00,8,11.5,212,4.4
31/03/2022 22:00,9,13.3,25,3.4
31/03/2022 22:00,10,14,82,4.3
31/03/2022 23:00,6,9.9,37,3
31/03/2022 23:00,7,11.1,225,2.5
31/03/2022 23:00,8,14.3,21,3.9
31/03/2022 23:00,9,15,102,3.1
31/03/2022 23:00,10,10.1,19,2.7
