timestamp,turbine_id,wind_speed,wind_direction,power_output
01/03/2022 00:00,11,9.1,269,2.9
01/03/2022 00:00,12,11.3,316,2.5
01/03/2022 00:00,13,11.2,148,3.7
01/03/2022 00:00,14,10.7,97,1.6
01/03/2022 00:00,15,11,81,4.4
01/03/2022 01:00,11,12.3,245,1.8
01/03/2022 01:00,12,11,293,2.2
01/03/2022 01:00,13,11.4,270,1.9
01/03/2022 01:00,14,10.4,140,2.3
01/03/2022 01:00,15,14.6,283,4.3
01/03/2022 02:00,11,14.3,135,2.9
01/03/2022 02:00,12,9.1,358,3.2
01/03/2022 02:00,13,13.7,67,3.1
01/03/2022 02:00,14,9.2,89,2.7
01/03/2022 02:00,15,9.7,303,4.5
01/03/2022 03:00,11,9.6,171,2.6
01/03/2022 03:00,12,11,175,2.4
01/03/2022 03:00,13,13,42,4.1
01/03/2022 03:00,14,13.6,198,3.1
01/03/2022 03:00,15,9.3,162,3.8
01/03/2022 04:00,11,9.2,316,4.2
01/03/2022 04:00,12,11.8,170,3.4
01/03/2022 04:00,13,14.3,333,2.3
01/03/2022 04:00,14,12.3,118,1.9
01/03/2022 04:00,15,9.6,213,4
01/03/2022 05:00,11,14.1,176,3.2
01/03/2022 05:00,12,12.9,15,1.6
01/03/2022 05:00,13,10.6,186,2.4
01/03/2022 05:00,14,12.6,207,1.7
01/03/2022 05:00,15,10.1,332,2
01/03/2022 06:00,11,14.5,251,3.5
01/03/2022 06:00,12,12,36,3.2
01/03/2022 06:00,13,9.4,270,3.2
01/03/2022 06:00,14,13.6,27,2.4
01/03/2022 06:00,15,14,124,3.7
01/03/2022 07:00,11,10.4,64,2.5
01/03/2022 07:00,12,12.3,103,4.3
01/03/2022 07:00,13,11.2,155,3.3
01/03/2022 07:00,14,11.5,82,3.1
01/03/2022 07:00,15,9.1,278,2.2
01/03/2022 08:00,11,13.2,346,3.7
01/03/2022 08:00,12,15,276,4.5
01/03/2022 08:00,13,14.4,134,2.3
01/03/2022 08:00,14,11.9,283,3.6
01/03/2022 08:00,15,13.5,242,3.9
01/03/2022 09:00,11,10,322,2.4
01/03/2022 09:00,12,10,343,2
01/03/2022 09:00,13,13.3,359,3.8
01/03/2022 09:00,14,12.1,216,4.3
01/03/2022 09:00,15,9.2,162,2.2
01/03/2022 10:00,11,12,244,3.5
01/03/2022 10:00,12,12.8,61,4.4
01/03/2022 10:00,13,11.2,115,3.9
01/03/2022 10:00,14,14.6,110,3.2
01/03/2022 10:00,15,12,159,2.4
01/03/2022 11:00,11,14.4,313,4.1
01/03/2022 11:00,12,11.1,61,4.2
01/03/2022 11:00,13,14.1,172,4.3
01/03/2022 11:00,14,10.1,308,3.1
01/03/2022 11:00,15,12.9,339,2.5
01/03/2022 12:00,11,13.1,77,3.2
01/03/2022 12:00,12,13.9,178,1.6
01/03/2022 12:00,13,13.2,351,3.2
01/03/2022 12:00,14,14.9,173,3.9
01/03/2022 12:00,15,13.6,125,4.2
01/03/2022 13:00,11,9.7,231,2.1
01/03/2022 13:00,12,13.1,254,2.7
01/03/2022 13:00,13,13,346,2
01/03/2022 13:00,14,13.2,217,4.3
01/03/2022 13:00,15,9.4,91,2
01/03/2022 14:00,11,11.3,137,1.6
01/03/2022 14:00,12,14.2,47,4.4
01/03/2022 14:00,13,9.8,358,3.2
01/03/2022 14:00,14,9.6,315,4
01/03/2022 14:00,15,9.6,297,3.8
01/03/2022 15:00,11,14.7,62,1.7
01/03/2022 15:00,12,14.5,71,2
01/03/2022 15:00,13,11.5,226,3.6
01/03/2022 15:00,14,12.9,147,2.9
01/03/2022 15:00,15,11.3,310,3.5
01/03/2022 16:00,11,9.3,24,1.9
01/03/2022 16:00,12,12.8,233,3
01/03/2022 16:00,13,11.3,25,1.8
01/03/2022 16:00,14,12.5,236,1.6
01/03/2022 16:00,15,13.5,253,4.3
01/03/2022 17:00,11,14.1,67,1.7
01/03/2022 17:00,12,13.3,175,4
01/03/2022 17:00,13,12.6,31,3.5
01/03/2022 17:00,14,13.7,316,3
01/03/2022 17:00,15,11.8,106,3.1
01/03/2022 18:00,11,13.6,310,3.1
01/03/2022 18:00,12,12.3,107,4.4
01/03/2022 18:00,13,13.7,271,2
01/03/2022 18:00,14,9.6,273,2.5
01/03/2022 18:00,15,13.9,34,3.6
01/03/2022 19:00,11,13.3,268,1.5
01/03/2022 19:00,12,11.9,358,1.9
01/03/2022 19:00,13,9.3,138,2.3
01/03/2022 19:00,14,13.7,266,3.5
01/03/2022 19:00,15,10.3,237,4.2
01/03/2022 20:00,11,13.9,238,4.4
01/03/2022 20:00,12,9.5,87,3.9
01/03/2022 20:00,13,10.9,312,2.1
01/03/2022 20:00,14,12.3,250,4.5
01/03/2022 20:00,15,14.1,167,4.4
01/03/2022 21:00,11,11.4,47,3.1
01/03/2022 21:00,12,12.3,324,4
01/03/2022 21:00,13,11.3,148,3.4
01/03/2022 21:00,14,12.7,267,3.1
01/03/2022 21:00,15,10.7,169,3.4
01/03/2022 22:00,11,12.1,283,2
01/03/2022 22:00,12,11.8,175,2.2
01/03/2022 22:00,13,11.5,45,4.2
01/03/2022 22:00,14,11.3,15,2.2
01/03/2022 22:00,15,12,314,2.2
01/03/2022 23:00,11,13.9,146,2.1
01/03/2022 23:00,12,9.7,168,3.8
01/03/2022 23:00,13,10.2,107,3.2
01/03/2022 23:00,14,10.1,93,3.1
01/03/2022 23:00,15,13.9,76,2.3
02/03/2022 00:00,11,10.4,259,2.2
02/03/2022 00:00,12,11.1,161,3.2
02/03/2022 00:00,13,14,102,3.9
02/03/2022 00:00,14,12.2,293,3.8
02/03/2022 00:00,15,9.8,172,2.6
02/03/2022 01:00,11,13.4,220,3.9
02/03/2022 01:00,12,14.7,169,4.3
02/03/2022 01:00,13,11.5,91,2.6
02/03/2022 01:00,14,14.6,118,2.4
02/03/2022 01:00,15,12.6,65,3.7
02/03/2022 02:00,11,11.3,107,2.3
02/03/2022 02:00,12,14.2,98,3
02/03/2022 02:00,13,9.2,267,4.2
02/03/2022 02:00,14,14.9,301,2.6
02/03/2022 02:00,15,9.8,79,2.9
02/03/2022 03:00,11,12.1,193,3.4
02/03/2022 03:00,12,12.2,60,1.6
02/03/2022 03:00,13,11.5,70,3.4
02/03/2022 03:00,14,13.2,32,3
02/03/2022 03:00,15,12.3,80,3.8
02/03/2022 04:00,11,14.4,180,2.6
02/03/2022 04:00,12,12,285,3.9
02/03/2022 04:00,13,10.9,34,3.9
02/03/2022 04:00,14,14.7,240,3
02/03/2022 04:00,15,12.1,171,2.4
02/03/2022 05:00,11,11,37,2.7
02/03/2022 05:00,12,13.3,101,4.3
02/03/2022 05:00,13,14.3,138,4.2
02/03/2022 05:00,14,14.1,312,2.3
02/03/2022 05:00,15,9.6,256,2.1
02/03/2022 06:00,11,11.9,87,4.2
02/03/2022 06:00,12,11.2,135,2.8
02/03/2022 06:00,13,10.3,324,2
02/03/2022 06:00,14,12.9,237,3.1
02/03/2022 06:00,15,9.2,266,2.2
02/03/2022 07:00,11,14.8,35,3.1
02/03/2022 07:00,12,13.3,307,1.9
02/03/2022 07:00,13,13.5,33,2.6
02/03/2022 07:00,14,12.3,92,2.6
02/03/2022 07:00,15,10.7,305,2.5
02/03/2022 08:00,11,13.8,0,3.6
02/03/2022 08:00,12,10.1,198,3
02/03/2022 08:00,13,14.6,331,4.5
02/03/2022 08:00,14,9.5,142,1.8
02/03/2022 08:00,15,11.3,65,2.3
02/03/2022 09:00,11,9.8,167,3.4
02/03/2022 09:00,12,13.6,122,3.4
02/03/2022 09:00,13,10.2,33,1.8
02/03/2022 09:00,14,11.5,72,3.9
02/03/2022 09:00,15,9.5,7,1.9
02/03/2022 10:00,11,10.7,324,3.9
02/03/2022 10:00,12,9.3,359,3.5
02/03/2022 10:00,13,13.1,129,3.8
02/03/2022 10:00,14,14.7,312,4.4
02/03/2022 10:00,15,14.4,309,3
02/03/2022 11:00,11,12,139,3.4
02/03/2022 11:00,12,13.8,153,4.4
02/03/2022 11:00,13,11.8,146,3.5
02/03/2022 11:00,14,10.2,31,3.8
02/03/2022 11:00,15,11.3,250,3.9
02/03/2022 12:00,11,9.5,25,3.2
02/03/2022 12:00,12,13.8,127,4.1
02/03/2022 12:00,13,10.5,282,4.2
02/03/2022 12:00,14,13.7,199,2.6
02/03/2022 12:00,15,11,300,1.8
02/03/2022 13:00,11,14.2,73,4.5
02/03/2022 13:00,12,14.7,201,3.4
02/03/2022 13:00,13,9,296,3.1
02/03/2022 13:00,14,12.7,150,2.7
02/03/2022 13:00,15,14.7,257,2.9
02/03/2022 14:00,11,12.5,278,3.4
02/03/2022 14:00,12,14.8,310,3.8
02/03/2022 14:00,13,12.7,252,2.3
02/03/2022 14:00,14,11.5,276,3.4
02/03/2022 14:00,15,12.1,341,3.2
02/03/2022 15:00,11,13.7,223,3.8
02/03/2022 15:00,12,9.3,337,2.5
02/03/2022 15:00,13,11.7,205,3.4
02/03/2022 15:00,14,14.8,345,3
02/03/2022 15:00,15,11.2,13,3.7
02/03/2022 16:00,11,11.1,149,4.1
02/03/2022 16:00,12,14.5,230,2.5
02/03/2022 16:00,13,14.8,144,1.9
02/03/2022 16:00,14,14.4,232,4.1
02/03/2022 16:00,15,9.2,261,2.3
02/03/2022 17:00,11,13.7,11,3.4
02/03/2022 17:00,12,14.5,186,2.4
02/03/2022 17:00,13,12.3,177,2.5
02/03/2022 17:00,14,13.3,52,1.8
02/03/2022 17:00,15,11.5,207,3.6
02/03/2022 18:00,11,11.8,126,1.8
02/03/2022 18:00,12,12.6,126,1.6
02/03/2022 18:00,13,14,126,2.6
02/03/2022 18:00,14,11.2,255,1.9
02/03/2022 18:00,15,13.6,297,3.5
02/03/2022 19:00,11,10.1,354,4.2
02/03/2022 19:00,12,14.1,19,2.7
02/03/2022 19:00,13,12.3,176,4.3
02/03/2022 19:00,14,9.5,309,2.7
02/03/2022 19:00,15,11.6,186,2.8
02/03/2022 20:00,11,14.5,169,1.9
02/03/2022 20:00,12,9.8,98,2.7
02/03/2022 20:00,13,11,352,4.1
02/03/2022 20:00,14,12.3,320,2.7
02/03/2022 20:00,15,13.5,17,3.7
02/03/2022 21:00,11,12.2,85,3
02/03/2022 21:00,12,15,211,2.8
02/03/2022 21:00,13,12.2,302,4.1
02/03/2022 21:00,14,12.9,218,1.8
02/03/2022 21:00,15,12,341,3.6
02/03/2022 22:00,11,9.9,41,2.8
02/03/2022 22:00,12,9.4,45,1.8
02/03/2022 22:00,13,13.2,320,3
02/03/2022 22:00,14,10.3,79,3.7
02/03/2022 22:00,15,11.9,160,3.7
02/03/2022 23:00,11,9.7,350,2.8
02/03/2022 23:00,12,11,276,2
02/03/2022 23:00,13,11.2,239,4.3
02/03/2022 23:00,14,10.9,313,3.3
02/03/2022 23:00,15,11.6,303,3.8
03/03/2022 00:00,11,13,26,2.7
03/03/2022 00:00,12,13.1,222,1.9
03/03/2022 00:00,13,13,282,3.9
03/03/2022 00:00,14,10,144,2.2
03/03/2022 00:00,15,11.9,193,4.1
03/03/2022 01:00,11,14.9,253,4.5
03/03/2022 01:00,12,13.9,336,3
03/03/2022 01:00,13,10.4,292,4.4
03/03/2022 01:00,14,9.5,205,2.3
03/03/2022 01:00,15,13.2,252,2.2
03/03/2022 02:00,11,9.6,41,3.1
03/03/2022 02:00,12,11.9,173,4
03/03/2022 02:00,13,13.1,99,3.6
03/03/2022 02:00,14,14.6,192,3.5
03/03/2022 02:00,15,11.2,236,3.6
03/03/2022 03:00,11,9.5,49,2.3
03/03/2022 03:00,12,11.4,46,2.3
03/03/2022 03:00,13,14.6,359,2.6
03/03/2022 03:00,14,9.4,221,2.4
03/03/2022 03:00,15,9.1,35,2.5
03/03/2022 04:00,11,12.3,297,3.3
03/03/2022 04:00,12,12.2,253,2.4
03/03/2022 04:00,13,13.5,95,2.1
03/03/2022 04:00,14,10.8,56,2.6
03/03/2022 04:00,15,9,294,2
03/03/2022 05:00,11,13.9,186,2.2
03/03/2022 05:00,12,13.3,82,2
03/03/2022 05:00,13,10.7,277,3.4
03/03/2022 05:00,14,10.3,320,2.6
03/03/2022 05:00,15,14.5,313,3.4
03/03/2022 06:00,11,13.7,199,4
03/03/2022 06:00,12,13.5,113,3.3
03/03/2022 06:00,13,12,347,1.6
03/03/2022 06:00,14,11.9,32,2.9
03/03/2022 06:00,15,13.1,354,3.3
03/03/2022 07:00,11,12.1,133,2.5
03/03/2022 07:00,12,11.2,120,1.7
03/03/2022 07:00,13,14.9,62,3.8
03/03/2022 07:00,14,14.3,14,4.3
03/03/2022 07:00,15,14.2,162,2.7
03/03/2022 08:00,11,12.3,347,1.6
03/03/2022 08:00,12,11.2,223,3.3
03/03/2022 08:00,13,14.2,69,2.7
03/03/2022 08:00,14,13.8,60,2.4
03/03/2022 08:00,15,11.9,174,4.4
03/03/2022 09:00,11,14.6,151,2.4
03/03/2022 09:00,12,12.2,291,2.6
03/03/2022 09:00,13,12,91,3.9
03/03/2022 09:00,14,14.3,250,4.1
03/03/2022 09:00,15,11.2,297,1.6
03/03/2022 10:00,11,13.3,356,4.2
03/03/2022 10:00,12,11.6,142,2.2
03/03/2022 10:00,13,10.9,116,3.3
03/03/2022 10:00,14,11.5,204,2.4
03/03/2022 10:00,15,14.8,287,4.4
03/03/2022 11:00,11,13.3,194,3.4
03/03/2022 11:00,12,11.6,189,2.7
03/03/2022 11:00,13,9.1,339,3.2
03/03/2022 11:00,14,11,225,2.9
03/03/2022 11:00,15,10.7,156,3.7
03/03/2022 12:00,11,9.2,89,4.5
03/03/2022 12:00,12,12.6,88,1.9
03/03/2022 12:00,13,9.7,12,2.3
03/03/2022 12:00,14,14.6,27,2.6
03/03/2022 12:00,15,13.5,223,2.3
03/03/2022 13:00,11,11.8,127,3.4
03/03/2022 13:00,12,13.1,68,3.2
03/03/2022 13:00,13,14.2,160,1.8
03/03/2022 13:00,14,14.6,9,1.8
03/03/2022 13:00,15,11.4,280,1.6
03/03/2022 14:00,11,12.5,175,2.5
03/03/2022 14:00,12,14.1,106,1.8
03/03/2022 14:00,13,13.1,183,2.8
03/03/2022 14:00,14,10.8,37,3.6
03/03/2022 14:00,15,12.2,294,2.9
03/03/2022 15:00,11,14.7,65,2.8
03/03/2022 15:00,12,9.6,26,3.7
03/03/2022 15:00,13,13.2,178,3.5
03/03/2022 15:00,14,13.6,153,2.5
03/03/2022 15:00,15,9.5,345,3.2
03/03/2022 16:00,11,11.3,322,4.1
03/03/2022 16:00,12,9.2,355,3.4
03/03/2022 16:00,13,14.2,182,3.8
03/03/2022 16:00,14,14.1,0,3.9
03/03/2022 16:00,15,11.8,311,2.3
03/03/2022 17:00,11,12,225,2
03/03/2022 17:00,12,9.6,158,2.2
03/03/2022 17:00,13,11.4,101,1.6
03/03/2022 17:00,14,13.1,226,3.4
03/03/2022 17:00,15,13.1,143,3.9
03/03/2022 18:00,11,12.9,253,1.9
03/03/2022 18:00,12,12.7,85,2
03/03/2022 18:00,13,10.5,60,4.3
03/03/2022 18:00,14,13.6,123,1.6
03/03/2022 18:00,15,13.9,172,2.9
03/03/2022 19:00,11,10.3,349,3
03/03/2022 19:00,12,10.6,115,4.2
03/03/2022 19:00,13,12.1,90,1.8
03/03/2022 19:00,14,12,105,3.3
03/03/2022 19:00,15,14.3,12,2.9
03/03/2022 20:00,11,9.2,208,2.8
03/03/2022 20:00,12,9.8,331,3
03/03/2022 20:00,13,10.9,323,3.1
03/03/2022 20:00,14,11.5,66,2.6
03/03/2022 20:00,15,12.6,249,4.2
03/03/2022 21:00,11,14.3,66,2.7
03/03/2022 21:00,12,12.6,221,1.8
03/03/2022 21:00,13,9.9,55,1.9
03/03/2022 21:00,14,14.5,288,3.5
03/03/2022 21:00,15,13.9,300,1.6
03/03/2022 22:00,11,13.9,64,4.1
03/03/2022 22:00,12,12.7,169,2.4
03/03/2022 22:00,13,15,196,3.7
03/03/2022 22:00,14,10.2,270,1.6
03/03/2022 22:00,15,12.7,1,1.8
03/03/2022 23:00,11,13.3,181,3.3
03/03/2022 23:00,12,14.8,294,3.1
03/03/2022 23:00,13,10.5,16,1.6
03/03/2022 23:00,14,15,232,3.9
03/03/2022 23:00,15,11.1,100,3.8
04/03/2022 00:00,11,10.7,136,2.8
04/03/2022 00:00,12,9.5,182,1.9
04/03/2022 00:00,13,9.5,267,3.1
04/03/2022 00:00,14,10.5,68,1.5
04/03/2022 00:00,15,14.5,312,3.9
04/03/2022 01:00,11,12.6,243,2.7
04/03/2022 01:00,12,14.2,13,3.4
04/03/2022 01:00,13,13.7,322,2.5
04/03/2022 01:00,14,14.4,105,4.1
04/03/2022 01:00,15,13.7,237,3.6
04/03/2022 02:00,11,14.9,337,2.6
04/03/2022 02:00,12,10.9,299,2.2
04/03/2022 02:00,13,12,154,3.1
04/03/2022 02:00,14,9.6,354,2.6
04/03/2022 02:00,15,11.9,288,3.6
04/03/2022 03:00,11,11.4,247,3.9
04/03/2022 03:00,12,12.1,290,2.8
04/03/2022 03:00,13,13.9,133,4.2
04/03/2022 03:00,14,10.4,196,3.7
04/03/2022 03:00,15,14.2,1,3.8
04/03/2022 04:00,11,14.7,259,1.9
04/03/2022 04:00,12,11.9,154,2.8
04/03/2022 04:00,13,12.7,21,1.8
04/03/2022 04:00,14,13.8,163,4.4
04/03/2022 04:00,15,14.2,271,3.6
04/03/2022 05:00,11,10.5,196,3.9
04/03/2022 05:00,12,13.1,108,3.1
04/03/2022 05:00,13,11.4,198,1.6
04/03/2022 05:00,14,14,65,2.6
04/03/2022 05:00,15,12.3,37,4.1
04/03/2022 06:00,11,10.8,296,2.2
04/03/2022 06:00,12,9,43,2.4
04/03/2022 06:00,13,14.1,57,2.5
04/03/2022 06:00,14,14.7,274,2.3
04/03/2022 06:00,15,13.5,285,3.5
04/03/2022 07:00,11,9.7,354,1.5
04/03/2022 07:00,12,14.7,103,4.1
04/03/2022 07:00,13,12.5,140,4
04/03/2022 07:00,14,12.3,250,3.7
04/03/2022 07:00,15,9.8,150,1.8
04/03/2022 08:00,11,11.6,202,4
04/03/2022 08:00,12,12,53,2.1
04/03/2022 08:00,13,10.2,93,4.5
04/03/2022 08:00,14,9.9,354,2.1
04/03/2022 08:00,15,12.5,171,2
04/03/2022 09:00,11,13.3,208,3.2
04/03/2022 09:00,12,9.2,120,3.8
04/03/2022 09:00,13,9.3,143,3.1
04/03/2022 09:00,14,14.6,318,3.4
04/03/2022 09:00,15,13.8,187,3.2
04/03/2022 10:00,11,12.1,247,4.1
04/03/2022 10:00,12,12.6,101,2.6
04/03/2022 10:00,13,13.4,247,1.7
04/03/2022 10:00,14,11.9,130,2.8
04/03/2022 10:00,15,13.6,77,3.7
04/03/2022 11:00,11,12.9,71,2
04/03/2022 11:00,12,10.4,45,2.1
04/03/2022 11:00,13,9.3,67,4.1
04/03/2022 11:00,14,13.3,348,2.1
04/03/2022 11:00,15,12.4,350,4.1
04/03/2022 12:00,11,10.1,349,2.8
04/03/2022 12:00,12,12.1,119,2.4
04/03/2022 12:00,13,11.2,346,2.2
04/03/2022 12:00,14,12.4,212,3
04/03/2022 12:00,15,11,197,3.9
04/03/2022 13:00,11,9.1,8,4.3
04/03/2022 13:00,12,10.6,5,1.7
04/03/2022 13:00,13,12.6,37,3.5
04/03/2022 13:00,14,12.6,201,2.4
04/03/2022 13:00,15,12.5,180,1.8
04/03/2022 14:00,11,14.3,191,2.8
04/03/2022 14:00,12,10.8,33,3.3
04/03/2022 14:00,13,9.3,190,4.1
04/03/2022 14:00,14,14.6,303,3.4
04/03/2022 14:00,15,11.1,348,2.3
04/03/2022 15:00,11,9.8,87,2.8
04/03/2022 15:00,12,11.5,150,3.2
04/03/2022 15:00,13,12.3,110,1.8
04/03/2022 15:00,14,14.8,272,4.4
04/03/2022 15:00,15,12.3,29,1.6
04/03/2022 16:00,11,14.4,319,3.7
04/03/2022 16:00,12,9.2,316,3.5
04/03/2022 16:00,13,12.2,38,3.2
04/03/2022 16:00,14,14.7,205,2.7
04/03/2022 16:00,15,10.5,40,3.3
04/03/2022 17:00,11,13.1,57,4
04/03/2022 17:00,12,14.7,157,1.7
04/03/2022 17:00,13,9.6,246,3.5
04/03/2022 17:00,14,10.4,224,1.8
04/03/2022 17:00,15,11.5,62,2.1
04/03/2022 18:00,11,14.6,230,2
04/03/2022 18:00,12,9.4,118,2
04/03/2022 18:00,13,12.5,150,4.3
04/03/2022 18:00,14,12.6,350,3.9
04/03/2022 18:00,15,9.2,228,2.5
04/03/2022 19:00,11,11.8,102,1.6
04/03/2022 19:00,12,10.5,179,3.9
04/03/2022 19:00,13,11.5,218,2.8
04/03/2022 19:00,14,12.7,259,1.5
04/03/2022 19:00,15,9.8,201,2.6
04/03/2022 20:00,11,12.6,300,3.5
04/03/2022 20:00,12,12.7,99,4.2
04/03/2022 20:00,13,11.1,276,4.3
04/03/2022 20:00,14,11,47,2.9
04/03/2022 20:00,15,14,139,3.7
04/03/2022 21:00,11,14.3,185,3.9
04/03/2022 21:00,12,11.2,199,1.6
04/03/2022 21:00,13,11.7,71,4.2
04/03/2022 21:00,14,9.7,171,3.4
04/03/2022 21:00,15,11.2,22,4.2
04/03/2022 22:00,11,14.3,346,3.9
04/03/2022 22:00,12,9.6,306,1.9
04/03/2022 22:00,13,13.5,254,3.5
04/03/2022 22:00,14,14.3,57,2.8
04/03/2022 22:00,15,13.9,13,3.8
04/03/2022 23:00,11,10.7,162,2.7
04/03/2022 23:00,12,12.3,17,2.9
04/03/2022 23:00,13,9.1,294,3.2
04/03/2022 23:00,14,12.6,247,2.3
04/03/2022 23:00,15,11.6,114,1.8
05/03/2022 00:00,11,11.9,340,2.1
05/03/2022 00:00,12,9.8,240,2.3
05/03/2022 00:00,13,10,37,3.4
05/03/2022 00:00,14,14.9,22,4.1
05/03/2022 00:00,15,10.9,135,3.6
05/03/2022 01:00,11,12.1,220,3
05/03/2022 01:00,12,11,218,1.6
05/03/2022 01:00,13,14.6,340,2.3
05/03/2022 01:00,14,9.7,161,1.9
05/03/2022 01:00,15,14.8,156,2.2
05/03/2022 02:00,11,11.2,114,3.2
05/03/2022 02:00,12,11.6,32,3.9
05/03/2022 02:00,13,10,69,4.1
05/03/2022 02:00,14,14.8,238,2.2
05/03/2022 02:00,15,13.7,48,3.2
05/03/2022 03:00,11,14.9,321,3.7
05/03/2022 03:00,12,14.5,217,3.3
05/03/2022 03:00,13,10.6,41,3.3
05/03/2022 03:00,14,12.5,305,2.1
05/03/2022 03:00,15,10.5,247,3.8
05/03/2022 04:00,11,11.4,20,3.4
05/03/2022 04:00,12,14.2,168,2.2
05/03/2022 04:00,13,11,302,1.7
05/03/2022 04:00,14,14.5,261,2.4
05/03/2022 04:00,15,11.9,21,2.4
05/03/2022 05:00,11,9.6,26,2.4
05/03/2022 05:00,12,10.1,63,3.1
05/03/2022 05:00,13,10.2,106,2.8
05/03/2022 05:00,14,9.6,238,2.7
05/03/2022 05:00,15,11,339,4.5
05/03/2022 06:00,11,11.1,86,3.9
05/03/2022 06:00,12,9.9,156,2.9
05/03/2022 06:00,13,12.9,299,3.2
05/03/2022 06:00,14,13,104,3
05/03/2022 06:00,15,10.1,226,2
05/03/2022 07:00,11,12.8,181,2.5
05/03/2022 07:00,12,11.6,67,4.1
05/03/2022 07:00,13,12.4,67,4.2
05/03/2022 07:00,14,13.2,192,2.7
05/03/2022 07:00,15,12.9,300,3.8
05/03/2022 08:00,11,14.9,76,2.9
05/03/2022 08:00,12,12.6,340,2.3
05/03/2022 08:00,13,10.7,106,1.8
05/03/2022 08:00,14,9.9,22,1.6
05/03/2022 08:00,15,14.9,151,3
05/03/2022 09:00,11,12.1,169,2
05/03/2022 09:00,12,13.7,59,3.2
05/03/2022 09:00,13,13.8,130,1.9
05/03/2022 09:00,14,14.6,294,4.3
05/03/2022 09:00,15,9.1,302,3.5
05/03/2022 10:00,11,13.2,32,2.3
05/03/2022 10:00,12,12.1,212,3.9
05/03/2022 10:00,13,11.7,32,3.2
05/03/2022 10:00,14,12.2,219,3.4
05/03/2022 10:00,15,10.2,135,2.1
05/03/2022 11:00,11,13.7,9,4
05/03/2022 11:00,12,11.9,321,3.7
05/03/2022 11:00,13,12.1,166,3
05/03/2022 11:00,14,10.5,112,2.6
05/03/2022 11:00,15,13.6,33,1.6
05/03/2022 12:00,11,10.1,138,2.7
05/03/2022 12:00,12,10.9,24,4.5
05/03/2022 12:00,13,14.7,87,3.6
05/03/2022 12:00,14,11.4,171,1.5
05/03/2022 12:00,15,9.8,267,3.4
05/03/2022 13:00,11,9.8,90,2.5
05/03/2022 13:00,12,13.2,36,2.5
05/03/2022 13:00,13,13.7,219,1.9
05/03/2022 13:00,14,14.4,189,2.2
05/03/2022 13:00,15,13.9,244,4.5
05/03/2022 14:00,11,12.7,62,2.2
05/03/2022 14:00,12,11.8,303,3.3
05/03/2022 14:00,13,10.9,294,1.8
05/03/2022 14:00,14,12.8,88,4
05/03/2022 14:00,15,10.4,113,3.8
05/03/2022 15:00,11,13,246,1.7
05/03/2022 15:00,12,13.8,298,3.3
05/03/2022 15:00,13,9.3,73,2.7
05/03/2022 15:00,14,11.5,278,3.8
05/03/2022 15:00,15,11.8,99,3.3
05/03/2022 16:00,11,9.2,292,1.7
05/03/2022 16:00,12,9.4,98,3.8
05/03/2022 16:00,13,12.7,148,2.8
05/03/2022 16:00,14,14.3,261,1.9
05/03/2022 16:00,15,11.3,143,3.9
05/03/2022 17:00,11,14,313,1.9
05/03/2022 17:00,12,12.8,255,3.6
05/03/2022 17:00,13,11.2,245,2.3
05/03/2022 17:00,14,14.8,289,2.8
05/03/2022 17:00,15,11.2,204,3.1
05/03/2022 18:00,11,10.8,66,3.7
05/03/2022 18:00,12,12.9,203,4.4
05/03/2022 18:00,13,12.2,130,3.6
05/03/2022 18:00,14,11.6,231,3.1
05/03/2022 18:00,15,9.6,9,3.3
05/03/2022 19:00,11,12.4,80,3.6
05/03/2022 19:00,12,11.8,135,3.6
05/03/2022 19:00,13,9.4,345,3.7
05/03/2022 19:00,14,13.4,118,2.4
05/03/2022 19:00,15,11.3,29,3.5
05/03/2022 20:00,11,10.7,155,4.4
05/03/2022 20:00,12,13.8,148,4
05/03/2022 20:00,13,13.7,90,3
05/03/2022 20:00,14,13.8,309,2.5
05/03/2022 20:00,15,13,159,1.9
05/03/2022 21:00,11,13.1,16,3.2
05/03/2022 21:00,12,9.9,313,3.6
05/03/2022 21:00,13,13.7,226,2.7
05/03/2022 21:00,14,14.8,355,3.5
05/03/2022 21:00,15,9.7,331,4.3
05/03/2022 22:00,11,14.4,306,2.4
05/03/2022 22:00,12,10.2,45,2.7
05/03/2022 22:00,13,13,189,2.2
05/03/2022 22:00,14,12.9,181,3.4
05/03/2022 22:00,15,13,69,3.7
05/03/2022 23:00,11,12,108,2.7
05/03/2022 23:00,12,13,141,3
05/03/2022 23:00,13,10.3,105,4.5
05/03/2022 23:00,14,10.1,122,3.3
05/03/2022 23:00,15,12.3,1,1.7
06/03/2022 00:00,11,13.1,238,2.8
06/03/2022 00:00,12,9.8,295,2.7
06/03/2022 00:00,13,14,230,2.4
06/03/2022 00:00,14,10,326,2.4
06/03/2022 00:00,15,14,292,2.5
06/03/2022 01:00,11,10.3,218,2.3
06/03/2022 01:00,12,12.7,286,1.9
06/03/2022 01:00,13,11.6,280,4
06/03/2022 01:00,14,12.1,231,1.8
06/03/2022 01:00,15,14.4,144,4.5
06/03/2022 02:00,11,9.6,135,4.4
06/03/2022 02:00,12,10.9,133,1.7
06/03/2022 02:00,13,11,75,2.5
06/03/2022 02:00,14,10.8,253,2.8
06/03/2022 02:00,15,14.1,274,2
06/03/2022 03:00,11,10.7,346,2.8
06/03/2022 03:00,12,9.9,187,4
06/03/2022 03:00,13,10,155,1.7
06/03/2022 03:00,14,11.3,209,1.9
06/03/2022 03:00,15,14.5,336,2.1
06/03/2022 04:00,11,11.1,184,4.4
06/03/2022 04:00,12,14.1,300,2
06/03/2022 04:00,13,9.4,115,2.7
06/03/2022 04:00,14,12.4,88,1.7
06/03/2022 04:00,15,10.8,146,2.6
06/03/2022 05:00,11,9.6,108,2.5
06/03/2022 05:00,12,12.8,283,2.6
06/03/2022 05:00,13,13.2,124,3.6
06/03/2022 05:00,14,9,335,4.1
06/03/2022 05:00,15,12.6,206,4.2
06/03/2022 06:00,11,12.6,312,3.6
06/03/2022 06:00,12,9,122,4.2
06/03/2022 06:00,13,14.8,280,2.2
06/03/2022 06:00,14,11.1,62,3.5
06/03/2022 06:00,15,13,66,3.4
06/03/2022 07:00,11,12,120,3.3
06/03/2022 07:00,12,9.2,68,2.2
06/03/2022 07:00,13,12,9,3.9
06/03/2022 07:00,14,14.8,170,3.9
06/03/2022 07:00,15,14.3,233,2.2
06/03/2022 08:00,11,9.5,222,3.4
06/03/2022 08:00,12,9.2,314,3.4
06/03/2022 08:00,13,14.4,188,3.3
06/03/2022 08:00,14,13.7,106,2.8
06/03/2022 08:00,15,12.6,338,2.5
06/03/2022 09:00,11,13.6,85,2.6
06/03/2022 09:00,12,14.7,255,3.8
06/03/2022 09:00,13,9.3,281,4.1
06/03/2022 09:00,14,14.8,57,4.1
06/03/2022 09:00,15,12.5,58,2.3
06/03/2022 10:00,11,12.8,351,2.8
06/03/2022 10:00,12,11,190,3.1
06/03/2022 10:00,13,12.1,242,1.7
06/03/2022 10:00,14,11.6,296,1.7
06/03/2022 10:00,15,14.6,242,2.2
06/03/2022 11:00,11,10,221,2.9
06/03/2022 11:00,12,13.6,34,4
06/03/2022 11:00,13,11.3,160,3.5
06/03/2022 11:00,14,10.8,331,2.3
06/03/2022 11:00,15,12.9,57,2.4
06/03/2022 12:00,11,11.7,261,3.5
06/03/2022 12:00,12,13.6,292,2.4
06/03/2022 12:00,13,13.6,253,2.9
06/03/2022 12:00,14,10.6,235,1.7
06/03/2022 12:00,15,12.8,339,4.5
06/03/2022 13:00,11,10.8,191,1.7
06/03/2022 13:00,12,10,24,3.9
06/03/2022 13:00,13,9.8,352,3.4
06/03/2022 13:00,14,11.7,94,3.6
06/03/2022 13:00,15,10.1,27,4.4
06/03/2022 14:00,11,11.9,213,4.5
06/03/2022 14:00,12,14.1,193,1.8
06/03/2022 14:00,13,9.4,151,2.2
06/03/2022 14:00,14,13.9,350,2.7
06/03/2022 14:00,15,14,310,1.8
06/03/2022 15:00,11,11.2,16,3.5
06/03/2022 15:00,12,14.5,158,1.9
06/03/2022 15:00,13,13.8,338,1.8
06/03/2022 15:00,14,13.3,324,3.2
06/03/2022 15:00,15,13,199,3.8
06/03/2022 16:00,11,10.1,26,3.8
06/03/2022 16:00,12,13.8,57,3.2
06/03/2022 16:00,13,13.8,179,2.8
06/03/2022 16:00,14,14.8,175,3.2
06/03/2022 16:00,15,12.3,227,3.7
06/03/2022 17:00,11,11.7,169,2.3
06/03/2022 17:00,12,11.1,132,1.8
06/03/2022 17:00,13,13.9,323,3.8
06/03/2022 17:00,14,12.3,332,4.2
06/03/2022 17:00,15,13.9,23,2.9
06/03/2022 18:00,11,9.8,321,2.6
06/03/2022 18:00,12,11.5,8,3.9
06/03/2022 18:00,13,14.3,92,3.8
06/03/2022 18:00,14,12.4,190,3.8
06/03/2022 18:00,15,12.6,229,4.4
06/03/2022 19:00,11,11.4,182,1.5
06/03/2022 19:00,12,11.6,282,2.8
06/03/2022 19:00,13,10.6,225,3.5
06/03/2022 19:00,14,10.1,216,3
06/03/2022 19:00,15,13.3,162,3.7
06/03/2022 20:00,11,9.2,258,1.6
06/03/2022 20:00,12,12.6,205,3.9
06/03/2022 20:00,13,10.1,78,1.6
06/03/2022 20:00,14,14.6,146,2.5
06/03/2022 20:00,15,12.2,317,3.8
06/03/2022 21:00,11,12.1,251,2.1
06/03/2022 21:00,12,9.9,114,4.1
06/03/2022 21:00,13,12.7,354,2.8
06/03/2022 21:00,14,14,319,1.8
06/03/2022 21:00,15,13.9,155,3.1
06/03/2022 22:00,11,12.1,115,1.7
06/03/2022 22:00,12,9.2,294,3.4
06/03/2022 22:00,13,11.8,60,3.7
06/03/2022 22:00,14,9.3,185,4.5
06/03/2022 22:00,15,14.8,109,4
06/03/2022 23:00,11,12.4,121,3.9
06/03/2022 23:00,12,11.2,27,2.1
06/03/2022 23:00,13,12.8,193,2.1
06/03/2022 23:00,14,11,85,3.3
06/03/2022 23:00,15,11.5,95,1.5
07/03/2022 00:00,11,14.8,136,4.5
07/03/2022 00:00,12,13.2,9,2
07/03/2022 00:00,13,12.7,283,4
07/03/2022 00:00,14,11.1,56,4.1
07/03/2022 00:00,15,12.9,318,1.5
07/03/2022 01:00,11,12.9,59,1.7
07/03/2022 01:00,12,9.6,157,2.9
07/03/2022 01:00,13,14.5,19,2.5
07/03/2022 01:00,14,9.1,250,4.4
07/03/2022 01:00,15,13.5,177,3.5
07/03/2022 02:00,11,14.6,32,2.8
07/03/2022 02:00,12,13.7,214,2.6
07/03/2022 02:00,13,12.3,334,2.5
07/03/2022 02:00,14,12.7,157,3.4
07/03/2022 02:00,15,9.8,24,4.1
07/03/2022 03:00,11,13,241,2.6
07/03/2022 03:00,12,13.1,2,3.6
07/03/2022 03:00,13,11.8,147,2.6
07/03/2022 03:00,14,11.7,339,2
07/03/2022 03:00,15,10.4,50,4.4
07/03/2022 04:00,11,12.4,311,1.8
07/03/2022 04:00,12,9.3,25,2.1
07/03/2022 04:00,13,11.1,80,3.8
07/03/2022 04:00,14,10.8,157,3.6
07/03/2022 04:00,15,13.1,212,1.5
07/03/2022 05:00,11,9.9,251,4.5
07/03/2022 05:00,12,10,73,1.6
07/03/2022 05:00,13,11.1,98,3.2
07/03/2022 05:00,14,9.9,307,3.9
07/03/2022 05:00,15,11.5,139,4.3
07/03/2022 06:00,11,10.1,312,1.5
07/03/2022 06:00,12,13.2,278,2.3
07/03/2022 06:00,13,14.4,91,2.4
07/03/2022 06:00,14,13.8,246,2.9
07/03/2022 06:00,15,12.8,164,3.2
07/03/2022 07:00,11,12.3,11,3.4
07/03/2022 07:00,12,11.8,107,4.1
07/03/2022 07:00,13,11,23,1.8
07/03/2022 07:00,14,12.6,145,3.8
07/03/2022 07:00,15,9.7,53,2.1
07/03/2022 08:00,11,13.3,33,2.8
07/03/2022 08:00,12,13,217,3.4
07/03/2022 08:00,13,10.1,288,4.4
07/03/2022 08:00,14,12.5,34,2.5
07/03/2022 08:00,15,10.9,314,3
07/03/2022 09:00,11,13.7,242,1.7
07/03/2022 09:00,12,14.7,70,2.3
07/03/2022 09:00,13,12.2,284,2.9
07/03/2022 09:00,14,12.3,148,2.5
07/03/2022 09:00,15,11.6,124,2.6
07/03/2022 10:00,11,11.4,177,2.6
07/03/2022 10:00,12,14.7,353,2.4
07/03/2022 10:00,13,11.7,100,2.5
07/03/2022 10:00,14,12.3,52,3.5
07/03/2022 10:00,15,14,42,2.7
07/03/2022 11:00,11,13.7,147,4.1
07/03/2022 11:00,12,14.6,47,3.8
07/03/2022 11:00,13,10.9,87,1.7
07/03/2022 11:00,14,12.7,290,3.3
07/03/2022 11:00,15,10.9,133,3.2
07/03/2022 12:00,11,10.2,239,3.1
07/03/2022 12:00,12,13.5,173,1.8
07/03/2022 12:00,13,14.3,229,1.9
07/03/2022 12:00,14,9.1,155,3.2
07/03/2022 12:00,15,13.6,253,4.2
07/03/2022 13:00,11,10.4,100,2.2
07/03/2022 13:00,12,11.2,241,2.1
07/03/2022 13:00,13,12.3,87,3
07/03/2022 13:00,14,14,92,2.1
07/03/2022 13:00,15,11.6,94,3.7
07/03/2022 14:00,11,12.1,142,2.4
07/03/2022 14:00,12,11.6,289,2
07/03/2022 14:00,13,9.6,116,4.3
07/03/2022 14:00,14,12,115,3.2
07/03/2022 14:00,15,12.3,335,2.5
07/03/2022 15:00,11,12.9,87,2.6
07/03/2022 15:00,12,9.1,54,4.1
07/03/2022 15:00,13,10.5,144,1.8
07/03/2022 15:00,14,13.5,321,2.4
07/03/2022 15:00,15,13.6,267,1.6
07/03/2022 16:00,11,9.8,277,4.3
07/03/2022 16:00,12,13.5,273,4.3
07/03/2022 16:00,13,12.3,104,2.8
07/03/2022 16:00,14,11.9,125,3.1
07/03/2022 16:00,15,14.1,33,2.9
07/03/2022 17:00,11,10.6,337,2.6
07/03/2022 17:00,12,14.9,63,2.9
07/03/2022 17:00,13,13.4,46,3.6
07/03/2022 17:00,14,14,324,2.8
07/03/2022 17:00,15,14,214,2.9
07/03/2022 18:00,11,13.5,321,2.8
07/03/2022 18:00,12,9.8,40,4.3
07/03/2022 18:00,13,11.8,333,1.7
07/03/2022 18:00,14,9.7,93,3.8
07/03/2022 18:00,15,14.5,187,3.7
07/03/2022 19:00,11,12.3,354,4.4
07/03/2022 19:00,12,9.1,315,2.8
07/03/2022 19:00,13,14,101,2
07/03/2022 19:00,14,13.9,237,4.1
07/03/2022 19:00,15,12.1,13,3.7
07/03/2022 20:00,11,13.1,279,3.5
07/03/2022 20:00,12,14.4,257,3.4
07/03/2022 20:00,13,9.2,250,3.2
07/03/2022 20:00,14,10.3,19,1.8
07/03/2022 20:00,15,13.4,327,3.7
07/03/2022 21:00,11,9.9,325,1.6
07/03/2022 21:00,12,14.1,124,4.2
07/03/2022 21:00,13,9.3,266,3.9
07/03/2022 21:00,14,12.3,57,2.6
07/03/2022 21:00,15,9.3,78,1.9
07/03/2022 22:00,11,9.1,271,1.8
07/03/2022 22:00,12,14.4,96,4
07/03/2022 22:00,13,13.9,247,3.3
07/03/2022 22:00,14,13.7,304,1.8
07/03/2022 22:00,15,10.4,350,4.4
07/03/2022 23:00,11,9.1,191,2
07/03/2022 23:00,12,13.3,355,3
07/03/2022 23:00,13,12.3,312,3.9
07/03/2022 23:00,14,9.4,205,3.6
07/03/2022 23:00,15,11.2,73,1.8
08/03/2022 00:00,11,11.2,351,2.5
08/03/2022 00:00,12,14.2,27,3.5
08/03/2022 00:00,13,9.5,272,2.9
08/03/2022 00:00,14,10.3,53,1.8
08/03/2022 00:00,15,12.4,279,3.4
08/03/2022 01:00,11,11.2,57,3.5
08/03/2022 01:00,12,10.8,145,4.1
08/03/2022 01:00,13,10.5,171,2.9
08/03/2022 01:00,14,9.8,101,2.8
08/03/2022 01:00,15,9.8,148,1.5
08/03/2022 02:00,11,11.3,121,2.5
08/03/2022 02:00,12,9.2,24,4
08/03/2022 02:00,13,9.4,207,4
08/03/2022 02:00,14,10.9,148,4
08/03/2022 02:00,15,11.9,229,3.7
08/03/2022 03:00,11,13.3,163,3
08/03/2022 03:00,12,13.6,33,4.1
08/03/2022 03:00,13,11.3,225,4
08/03/2022 03:00,14,12.2,314,1.8
08/03/2022 03:00,15,10.5,51,2.5
08/03/2022 04:00,11,13.3,125,4.3
08/03/2022 04:00,12,11.5,304,2.5
08/03/2022 04:00,13,12.3,256,3
08/03/2022 04:00,14,14.5,49,3.5
08/03/2022 04:00,15,11.9,189,1.8
08/03/2022 05:00,11,10.4,238,1.8
08/03/2022 05:00,12,10.6,3,2.2
08/03/2022 05:00,13,9.8,266,2.4
08/03/2022 05:00,14,12.2,23,3.7
08/03/2022 05:00,15,11.8,278,1.8
08/03/2022 06:00,11,10.3,332,2.4
08/03/2022 06:00,12,13.6,82,3.7
08/03/2022 06:00,13,14.5,74,2.3
08/03/2022 06:00,14,12.8,25,3.8
08/03/2022 06:00,15,13,284,3.8
08/03/2022 07:00,11,14.1,130,2.2
08/03/2022 07:00,12,11.2,227,1.7
08/03/2022 07:00,13,12.3,283,4.5
08/03/2022 07:00,14,14.9,325,4.3
08/03/2022 07:00,15,14.7,287,2
08/03/2022 08:00,11,10.4,101,2.8
08/03/2022 08:00,12,14.4,353,3.5
08/03/2022 08:00,13,14.3,184,3.3
08/03/2022 08:00,14,9.6,231,2.6
08/03/2022 08:00,15,12.9,12,2.6
08/03/2022 09:00,11,14.5,215,2.7
08/03/2022 09:00,12,9.9,43,4.1
08/03/2022 09:00,13,12.9,297,2.3
08/03/2022 09:00,14,9.9,0,4.3
08/03/2022 09:00,15,14.7,134,4.4
08/03/2022 10:00,11,12.2,123,1.9
08/03/2022 10:00,12,11.8,302,4.2
08/03/2022 10:00,13,9.2,170,3.3
08/03/2022 10:00,14,13.3,107,2.8
08/03/2022 10:00,15,10.6,278,3.6
08/03/2022 11:00,11,13.6,261,1.9
08/03/2022 11:00,12,11.8,167,4.2
08/03/2022 11:00,13,13.4,323,4.1
08/03/2022 11:00,14,9.2,346,3.3
08/03/2022 11:00,15,11.6,150,2.4
08/03/2022 12:00,11,14.7,37,2.4
08/03/2022 12:00,12,12,287,2.2
08/03/2022 12:00,13,13.5,270,2.7
08/03/2022 12:00,14,14.1,187,4.1
08/03/2022 12:00,15,12.6,286,2.3
08/03/2022 13:00,11,14.1,313,2.3
08/03/2022 13:00,12,10.1,350,4
08/03/2022 13:00,13,10.3,201,4
08/03/2022 13:00,14,14.9,311,1.8
08/03/2022 13:00,15,13.9,122,3.5
08/03/2022 14:00,11,10.5,284,1.9
08/03/2022 14:00,12,11.8,187,4
08/03/2022 14:00,13,11.2,308,3.9
08/03/2022 14:00,14,11.2,186,1.8
08/03/2022 14:00,15,10.4,41,2.3
08/03/2022 15:00,11,10.2,230,2.6
08/03/2022 15:00,12,13,58,3.4
08/03/2022 15:00,13,11.8,313,4.5
08/03/2022 15:00,14,10,125,4.4
08/03/2022 15:00,15,12.4,109,2.6
08/03/2022 16:00,11,10.9,242,1.8
08/03/2022 16:00,12,14.4,64,4.2
08/03/2022 16:00,13,11.7,91,4.3
08/03/2022 16:00,14,10.7,120,3.1
08/03/2022 16:00,15,12.4,87,4.1
08/03/2022 17:00,11,14,89,3.9
08/03/2022 17:00,12,10.5,53,3.4
08/03/2022 17:00,13,12.7,157,2
08/03/2022 17:00,14,11.1,92,1.5
08/03/2022 17:00,15,9.2,28,2.8
08/03/2022 18:00,11,11.9,341,2.2
08/03/2022 18:00,12,9.7,191,2.2
08/03/2022 18:00,13,11.5,13,2.4
08/03/2022 18:00,14,9.4,306,3.5
08/03/2022 18:00,15,11.4,239,4
08/03/2022 19:00,11,14.9,5,3.5
08/03/2022 19:00,12,9.5,73,3.8
08/03/2022 19:00,13,10,202,1.5
08/03/2022 19:00,14,11.5,209,2.7
08/03/2022 19:00,15,9.4,284,2.7
08/03/2022 20:00,11,11.8,67,1.7
08/03/2022 20:00,12,13.1,229,3.3
08/03/2022 20:00,13,9.2,222,2.1
08/03/2022 20:00,14,9.4,259,4
08/03/2022 20:00,15,10.2,195,3.5
08/03/2022 21:00,11,14.5,202,2.2
08/03/2022 21:00,12,10.2,242,2.9
08/03/2022 21:00,13,12.4,257,2.3
08/03/2022 21:00,14,11.8,66,3.9
08/03/2022 21:00,15,12.4,199,2.8
08/03/2022 22:00,11,14.2,126,1.7
08/03/2022 22:00,12,11.2,226,4
08/03/2022 22:00,13,14.8,258,3
08/03/2022 22:00,14,14.9,36,3.6
08/03/2022 22:00,15,12,49,2.4
08/03/2022 23:00,11,12.7,146,4.2
08/03/2022 23:00,12,12.9,141,1.7
08/03/2022 23:00,13,14.7,65,2.1
08/03/2022 23:00,14,11.2,231,3.2
08/03/2022 23:00,15,10.7,121,1.9
09/03/2022 00:00,11,9.6,233,1.6
09/03/2022 00:00,12,12.4,5,3.7
09/03/2022 00:00,13,10.9,164,1.6
09/03/2022 00:00,14,9.8,39,2.3
09/03/2022 00:00,15,15,242,3.2
09/03/2022 01:00,11,10.6,283,1.6
09/03/2022 01:00,12,12.5,146,2.4
09/03/2022 01:00,13,13.6,269,1.8
09/03/2022 01:00,14,11.7,208,4.3
09/03/2022 01:00,15,10.5,20,3.8
09/03/2022 02:00,11,10.7,30,4
09/03/2022 02:00,12,9.9,188,2.2
09/03/2022 02:00,13,11.4,347,1.6
09/03/2022 02:00,14,12.3,55,3.2
09/03/2022 02:00,15,9.3,184,3.2
09/03/2022 03:00,11,13.5,53,3.5
09/03/2022 03:00,12,13,266,2.3
09/03/2022 03:00,13,12.3,162,3.8
09/03/2022 03:00,14,13.4,48,2.1
09/03/2022 03:00,15,10.2,50,4
09/03/2022 04:00,11,9,56,1.8
09/03/2022 04:00,12,11.1,9,3.7
09/03/2022 04:00,13,13.3,359,2.8
09/03/2022 04:00,14,13.8,84,4.1
09/03/2022 04:00,15,12.3,122,1.8
09/03/2022 05:00,11,13.3,178,2.8
09/03/2022 05:00,12,15,309,2.5
09/03/2022 05:00,13,14.3,216,2.7
09/03/2022 05:00,14,13,80,1.9
09/03/2022 05:00,15,14.8,77,4
09/03/2022 06:00,11,12,107,2.2
09/03/2022 06:00,12,11.4,3,1.6
09/03/2022 06:00,13,14.8,108,3.8
09/03/2022 06:00,14,9.4,176,3.4
09/03/2022 06:00,15,10.2,180,4.5
09/03/2022 07:00,11,13.2,114,3.9
09/03/2022 07:00,12,13.9,107,3.4
09/03/2022 07:00,13,11.2,193,3.8
09/03/2022 07:00,14,14.3,328,4
09/03/2022 07:00,15,9.9,151,1.5
09/03/2022 08:00,11,13.4,124,2.2
09/03/2022 08:00,12,14.8,151,4.2
09/03/2022 08:00,13,12.9,173,2.6
09/03/2022 08:00,14,10.9,201,2.4
09/03/2022 08:00,15,11.5,188,3.9
09/03/2022 09:00,11,12.6,134,1.9
09/03/2022 09:00,12,9,201,3.3
09/03/2022 09:00,13,14,48,3.6
09/03/2022 09:00,14,9.8,206,4.1
09/03/2022 09:00,15,12.6,86,3.1
09/03/2022 10:00,11,13,30,1.7
09/03/2022 10:00,12,12.6,78,2.7
09/03/2022 10:00,13,12.5,306,4.5
09/03/2022 10:00,14,9.3,19,2.4
09/03/2022 10:00,15,9.6,205,1.9
09/03/2022 11:00,11,9.3,332,2
09/03/2022 11:00,12,13.6,22,2.7
09/03/2022 11:00,13,12.4,290,4.3
09/03/2022 11:00,14,9.5,58,3.9
09/03/2022 11:00,15,14.3,189,3.4
09/03/2022 12:00,11,11.1,184,4.4
09/03/2022 12:00,12,13.3,202,3.6
09/03/2022 12:00,13,13.8,266,1.8
09/03/2022 12:00,14,14.4,145,3.2
09/03/2022 12:00,15,9.1,188,2
09/03/2022 13:00,11,12.4,4,2.5
09/03/2022 13:00,12,14,220,3.2
09/03/2022 13:00,13,11.4,289,2.4
09/03/2022 13:00,14,14.5,117,3
09/03/2022 13:00,15,14.7,340,2.7
09/03/2022 14:00,11,9.6,318,4.3
09/03/2022 14:00,12,14.1,239,3.2
09/03/2022 14:00,13,12.8,273,4.2
09/03/2022 14:00,14,12.2,310,3.1
09/03/2022 14:00,15,11.1,103,2.7
09/03/2022 15:00,11,14.3,195,3.5
09/03/2022 15:00,12,13.9,74,4
09/03/2022 15:00,13,10.5,249,3.8
09/03/2022 15:00,14,9.2,125,3.3
09/03/2022 15:00,15,14.9,224,3.3
09/03/2022 16:00,11,13.1,113,2.5
09/03/2022 16:00,12,12.6,126,2
09/03/2022 16:00,13,15,78,1.5
09/03/2022 16:00,14,13.8,253,2.3
09/03/2022 16:00,15,12.6,156,2.5
09/03/2022 17:00,11,12.3,206,3.5
09/03/2022 17:00,12,9.2,118,2.4
09/03/2022 17:00,13,12,164,4.2
09/03/2022 17:00,14,11.6,75,2.4
09/03/2022 17:00,15,12.8,94,1.9
09/03/2022 18:00,11,11.3,182,1.7
09/03/2022 18:00,12,9.1,273,2.7
09/03/2022 18:00,13,10.8,65,1.9
09/03/2022 18:00,14,12.8,228,4
09/03/2022 18:00,15,10.1,209,4.2
09/03/2022 19:00,11,10.1,34,4.4
09/03/2022 19:00,12,12.7,57,3
09/03/2022 19:00,13,15,335,2.5
09/03/2022 19:00,14,14.3,173,2.9
09/03/2022 19:00,15,11,287,2.2
09/03/2022 20:00,11,12.1,354,2.2
09/03/2022 20:00,12,11.6,294,2.2
09/03/2022 20:00,13,12.5,169,4.1
09/03/2022 20:00,14,12.8,179,2.2
09/03/2022 20:00,15,14.7,214,1.9
09/03/2022 21:00,11,14.8,267,2.1
09/03/2022 21:00,12,14.7,172,2.1
09/03/2022 21:00,13,13.7,267,2.3
09/03/2022 21:00,14,13.6,170,3.7
09/03/2022 21:00,15,14.6,70,3
09/03/2022 22:00,11,9.7,86,2.7
09/03/2022 22:00,12,10.5,275,4.1
09/03/2022 22:00,13,15,246,3.1
09/03/2022 22:00,14,13.6,65,3.4
09/03/2022 22:00,15,14.1,303,3.9
09/03/2022 23:00,11,12.1,232,1.9
09/03/2022 23:00,12,13.2,42,2.3
09/03/2022 23:00,13,11.2,227,3.4
09/03/2022 23:00,14,11.8,197,4.3
09/03/2022 23:00,15,10,288,3.5
10/03/2022 00:00,11,11.2,293,2.2
10/03/2022 00:00,12,14.1,27,2.3
10/03/2022 00:00,13,13.3,187,3.2
10/03/2022 00:00,14,11.6,18,3
10/03/2022 00:00,15,11.8,120,3.8
10/03/2022 01:00,11,13.6,11,2
10/03/2022 01:00,12,9.5,161,4.1
10/03/2022 01:00,13,10,326,4
10/03/2022 01:00,14,14.4,293,3.7
10/03/2022 01:00,15,11.9,335,1.7
10/03/2022 02:00,11,11.5,119,3.8
10/03/2022 02:00,12,9.6,260,2.4
10/03/2022 02:00,13,12.8,161,4
10/03/2022 02:00,14,14.9,119,2.7
10/03/2022 02:00,15,9,31,2.8
10/03/2022 03:00,11,13.1,348,3.6
10/03/2022 03:00,12,13.4,186,4.4
10/03/2022 03:00,13,10.3,304,2.1
10/03/2022 03:00,14,9.1,107,4.1
10/03/2022 03:00,15,9.4,94,2.6
10/03/2022 04:00,11,10.5,179,2.2
10/03/2022 04:00,12,14.3,285,2.6
10/03/2022 04:00,13,13.7,176,2.9
10/03/2022 04:00,14,9.9,349,3.7
10/03/2022 04:00,15,11.3,43,3.9
10/03/2022 05:00,11,9.5,216,3.2
10/03/2022 05:00,12,12.2,217,4.4
10/03/2022 05:00,13,11.4,171,3.9
10/03/2022 05:00,14,9,175,3.6
10/03/2022 05:00,15,13.8,240,4
10/03/2022 06:00,11,13.7,100,3.3
10/03/2022 06:00,12,13.7,324,4.4
10/03/2022 06:00,13,14,351,2.9
10/03/2022 06:00,14,9.8,15,4.1
10/03/2022 06:00,15,10.9,200,3.2
10/03/2022 07:00,11,11.8,77,1.6
10/03/2022 07:00,12,11,291,2.1
10/03/2022 07:00,13,12.9,234,2.7
10/03/2022 07:00,14,13.9,195,1.6
10/03/2022 07:00,15,11.2,74,3.9
10/03/2022 08:00,11,10.6,22,2.8
10/03/2022 08:00,12,14.8,312,3.2
10/03/2022 08:00,13,14.7,327,3.3
10/03/2022 08:00,14,10.5,37,1.7
10/03/2022 08:00,15,10.1,220,3.8
10/03/2022 09:00,11,13.6,136,2.5
10/03/2022 09:00,12,12.1,235,3.8
10/03/2022 09:00,13,9.2,318,2
10/03/2022 09:00,14,11.9,332,2.3
10/03/2022 09:00,15,13.5,260,2.6
10/03/2022 10:00,11,13.9,146,3.7
10/03/2022 10:00,12,14.6,256,1.6
10/03/2022 10:00,13,13.9,196,3.4
10/03/2022 10:00,14,11.4,342,2.3
10/03/2022 10:00,15,13.2,296,1.6
10/03/2022 11:00,11,10.8,48,2.1
10/03/2022 11:00,12,13.1,214,3.5
10/03/2022 11:00,13,13.7,151,1.5
10/03/2022 11:00,14,13.6,38,2.6
10/03/2022 11:00,15,9.9,121,2.9
10/03/2022 12:00,11,10.3,213,2.8
10/03/2022 12:00,12,11.6,280,4.1
10/03/2022 12:00,13,14.7,79,4
10/03/2022 12:00,14,14.6,153,3.8
10/03/2022 12:00,15,12,329,2.1
10/03/2022 13:00,11,10.1,324,2.5
10/03/2022 13:00,12,14.9,256,3.1
10/03/2022 13:00,13,14.6,309,2.4
10/03/2022 13:00,14,11.8,2,2.5
10/03/2022 13:00,15,12,138,3.6
10/03/2022 14:00,11,9.3,358,4
10/03/2022 14:00,12,13.6,358,3.1
10/03/2022 14:00,13,9.9,66,3.7
10/03/2022 14:00,14,14.4,10,4.1
10/03/2022 14:00,15,13.1,339,3.4
10/03/2022 15:00,11,10.2,181,3
10/03/2022 15:00,12,12.2,239,4.2
10/03/2022 15:00,13,14.7,272,2.4
10/03/2022 15:00,14,12.3,212,2.5
10/03/2022 15:00,15,11.8,143,1.9
10/03/2022 16:00,11,11,244,3.2
10/03/2022 16:00,12,10.6,106,3.7
10/03/2022 16:00,13,14.2,115,3.7
10/03/2022 16:00,14,12.2,148,2.7
10/03/2022 16:00,15,10.3,55,3.1
10/03/2022 17:00,11,10.8,93,3.1
10/03/2022 17:00,12,13.1,321,2.1
10/03/2022 17:00,13,13.8,37,2.3
10/03/2022 17:00,14,14.8,233,2
10/03/2022 17:00,15,11.4,49,1.5
10/03/2022 18:00,11,11.3,172,3
10/03/2022 18:00,12,9.1,220,4.5
10/03/2022 18:00,13,13,23,1.9
10/03/2022 18:00,14,11.6,56,2.6
10/03/2022 18:00,15,13.9,73,3.3
10/03/2022 19:00,11,10.5,132,2.6
10/03/2022 19:00,12,9.6,190,1.8
10/03/2022 19:00,13,11.6,110,2.6
10/03/2022 19:00,14,9.9,105,3.7
10/03/2022 19:00,15,9.3,176,2.9
10/03/2022 20:00,11,12,253,4.1
10/03/2022 20:00,12,12.3,212,4.4
10/03/2022 20:00,13,13.7,0,1.9
10/03/2022 20:00,14,10.2,129,1.6
10/03/2022 20:00,15,9.1,14,3.6
10/03/2022 21:00,11,9.6,158,1.7
10/03/2022 21:00,12,14,219,3
10/03/2022 21:00,13,10.4,144,2.8
10/03/2022 21:00,14,11.7,161,2.8
10/03/2022 21:00,15,11.3,327,4
10/03/2022 22:00,11,13.3,239,2.5
10/03/2022 22:00,12,10.9,359,3.7
10/03/2022 22:00,13,9.1,158,3.1
10/03/2022 22:00,14,13.1,251,2.4
10/03/2022 22:00,15,11.9,218,1.5
10/03/2022 23:00,11,10.8,107,1.9
10/03/2022 23:00,12,14.7,178,3.7
10/03/2022 23:00,13,9.4,38,2.8
10/03/2022 23:00,14,13.7,34,2.5
10/03/2022 23:00,15,13.8,204,3.5
11/03/2022 00:00,11,14.6,359,3
11/03/2022 00:00,12,14.8,165,3
11/03/2022 00:00,13,14.6,323,4.1
11/03/2022 00:00,14,11.8,95,2
11/03/2022 00:00,15,12.1,150,2.4
11/03/2022 01:00,11,11.3,116,3.5
11/03/2022 01:00,12,13.8,289,1.9
11/03/2022 01:00,13,10.8,124,4
11/03/2022 01:00,14,14,69,2.6
11/03/2022 01:00,15,13.9,47,3.5
11/03/2022 02:00,11,9.9,74,3.3
11/03/2022 02:00,12,14.6,188,4
11/03/2022 02:00,13,10.5,181,4.5
11/03/2022 02:00,14,12,164,1.6
11/03/2022 02:00,15,12.8,1,2.9
11/03/2022 03:00,11,13.3,323,2
11/03/2022 03:00,12,12.7,95,2
11/03/2022 03:00,13,11.4,339,3.2
11/03/2022 03:00,14,14.2,122,2.1
11/03/2022 03:00,15,14.1,164,3.9
11/03/2022 04:00,11,11.2,194,3.8
11/03/2022 04:00,12,13.1,23,1.6
11/03/2022 04:00,13,11.9,272,2.2
11/03/2022 04:00,14,13.5,126,2.5
11/03/2022 04:00,15,11.9,249,3.9
11/03/2022 05:00,11,13.2,128,1.6
11/03/2022 05:00,12,13.7,2,3.2
11/03/2022 05:00,13,12.2,268,4.1
11/03/2022 05:00,14,14.7,68,4.2
11/03/2022 05:00,15,10.2,347,2.9
11/03/2022 06:00,11,10.9,56,3
11/03/2022 06:00,12,14.2,75,2.6
11/03/2022 06:00,13,13.1,346,2.9
11/03/2022 06:00,14,12.2,11,3.2
11/03/2022 06:00,15,11,244,1.9
11/03/2022 07:00,11,11.9,27,3.1
11/03/2022 07:00,12,11.1,104,2.7
11/03/2022 07:00,13,13,60,3.1
11/03/2022 07:00,14,12.1,206,4.3
11/03/2022 07:00,15,11.5,121,3.7
11/03/2022 08:00,11,13.7,163,4.1
11/03/2022 08:00,12,13.8,231,1.8
11/03/2022 08:00,13,13,46,3.8
11/03/2022 08:00,14,11.3,282,2.6
11/03/2022 08:00,15,9.4,15,2.7
11/03/2022 09:00,11,12.8,185,2.3
11/03/2022 09:00,12,11.1,235,3.1
11/03/2022 09:00,13,13.8,185,3.9
11/03/2022 09:00,14,13.5,104,1.6
11/03/2022 09:00,15,10.5,69,4
11/03/2022 10:00,11,12.9,158,3.7
11/03/2022 10:00,12,12.6,99,3.9
11/03/2022 10:00,13,10.9,48,4
11/03/2022 10:00,14,11,217,3.2
11/03/2022 10:00,15,14.4,291,1.7
11/03/2022 11:00,11,10,220,1.8
11/03/2022 11:00,12,12.3,353,3.8
11/03/2022 11:00,13,14.7,191,2.1
11/03/2022 11:00,14,14.7,163,4.2
11/03/2022 11:00,15,9.9,303,3.8
11/03/2022 12:00,11,14.9,105,2.4
11/03/2022 12:00,12,11.9,0,3.8
11/03/2022 12:00,13,9.9,259,1.8
11/03/2022 12:00,14,12.8,55,2.6
11/03/2022 12:00,15,14,111,3
11/03/2022 13:00,11,13.4,111,2
11/03/2022 13:00,12,14.4,69,3.9
11/03/2022 13:00,13,13.9,132,3.6
11/03/2022 13:00,14,11.5,354,4
11/03/2022 13:00,15,12.3,279,3.8
11/03/2022 14:00,11,9.6,10,3.5
11/03/2022 14:00,12,11.4,61,2.5
11/03/2022 14:00,13,13.3,183,1.9
11/03/2022 14:00,14,14.7,201,1.6
11/03/2022 14:00,15,10.9,280,1.7
11/03/2022 15:00,11,13.7,205,3.9
11/03/2022 15:00,12,11.6,133,3.4
11/03/2022 15:00,13,12.7,334,4
11/03/2022 15:00,14,10,321,1.7
11/03/2022 15:00,15,13.6,145,2.9
11/03/2022 16:00,11,10.2,339,3.1
11/03/2022 16:00,12,11.1,159,2
11/03/2022 16:00,13,11.2,95,2.1
11/03/2022 16:00,14,9.9,34,2
11/03/2022 16:00,15,14,194,2.8
11/03/2022 17:00,11,10.7,131,2.2
11/03/2022 17:00,12,14.6,279,3.4
11/03/2022 17:00,13,9.9,54,2
11/03/2022 17:00,14,9.2,143,4.3
11/03/2022 17:00,15,14.6,36,2.7
11/03/2022 18:00,11,10.7,302,4
11/03/2022 18:00,12,14.3,21,2.1
11/03/2022 18:00,13,12,71,3.2
11/03/2022 18:00,14,13.7,315,3.4
11/03/2022 18:00,15,11,277,3.8
11/03/2022 19:00,11,11.3,165,3.1
11/03/2022 19:00,12,9.8,34,2.6
11/03/2022 19:00,13,9.1,323,3.1
11/03/2022 19:00,14,12.2,6,3.5
11/03/2022 19:00,15,10.5,105,3.5
11/03/2022 20:00,11,12.2,166,2.1
11/03/2022 20:00,12,10.8,46,2.4
11/03/2022 20:00,13,10.1,318,4.5
11/03/2022 20:00,14,14.2,341,4.4
11/03/2022 20:00,15,14.9,79,2.4
11/03/2022 21:00,11,11.1,129,3.2
11/03/2022 21:00,12,11.2,44,2.8
11/03/2022 21:00,13,9.1,315,2.6
11/03/2022 21:00,14,11.1,263,1.7
11/03/2022 21:00,15,12.3,359,1.9
11/03/2022 22:00,11,11.5,257,2.5
11/03/2022 22:00,12,14.3,345,2.8
11/03/2022 22:00,13,12.6,11,1.5
11/03/2022 22:00,14,12.7,213,2.5
11/03/2022 22:00,15,11.9,265,2.6
11/03/2022 23:00,11,13,173,2.2
11/03/2022 23:00,12,12.9,318,4.4
11/03/2022 23:00,13,13.7,346,2.3
11/03/2022 23:00,14,12.4,263,4.4
11/03/2022 23:00,15,13.5,55,2.9
12/03/2022 00:00,11,11.8,50,3.9
12/03/2022 00:00,12,11.3,241,1.9
12/03/2022 00:00,13,13.2,80,3.7
12/03/2022 00:00,14,12.8,114,3
12/03/2022 00:00,15,11.6,0,4.2
12/03/2022 01:00,11,9.4,179,3.1
12/03/2022 01:00,12,11.9,272,3.5
12/03/2022 01:00,13,14.9,134,4.1
12/03/2022 01:00,14,12.4,318,3.6
12/03/2022 01:00,15,10,23,3.4
12/03/2022 02:00,11,14.5,172,2.4
12/03/2022 02:00,12,11.5,283,1.6
12/03/2022 02:00,13,11,193,2.9
12/03/2022 02:00,14,14.2,91,2.9
12/03/2022 02:00,15,10.4,107,2.3
12/03/2022 03:00,11,10.9,305,3.4
12/03/2022 03:00,12,11.5,215,2.5
12/03/2022 03:00,13,9.5,26,3.6
12/03/2022 03:00,14,13.2,80,1.6
12/03/2022 03:00,15,14.2,303,4.1
12/03/2022 04:00,11,10.5,294,3.2
12/03/2022 04:00,12,11.4,105,1.9
12/03/2022 04:00,13,10,253,1.6
12/03/2022 04:00,14,11.7,138,4.2
12/03/2022 04:00,15,14.8,320,3.1
12/03/2022 05:00,11,9.8,240,3.2
12/03/2022 05:00,12,13,281,3.7
12/03/2022 05:00,13,9.3,65,2
12/03/2022 05:00,14,12.4,332,3.9
12/03/2022 05:00,15,14.6,311,2.8
12/03/2022 06:00,11,12.3,308,3.3
12/03/2022 06:00,12,13.7,214,1.6
12/03/2022 06:00,13,12.5,230,2.6
12/03/2022 06:00,14,9.1,217,3.4
12/03/2022 06:00,15,14.5,222,2.6
12/03/2022 07:00,11,14.7,257,4.5
12/03/2022 07:00,12,12.7,7,3.7
12/03/2022 07:00,13,11.4,187,3.8
12/03/2022 07:00,14,10.5,222,3.3
12/03/2022 07:00,15,12.4,343,1.5
12/03/2022 08:00,11,10.1,230,4.1
12/03/2022 08:00,12,14.5,74,2.4
12/03/2022 08:00,13,9.2,132,2.7
12/03/2022 08:00,14,11.3,65,1.8
12/03/2022 08:00,15,10.3,30,3.1
12/03/2022 09:00,11,9.7,247,4.1
12/03/2022 09:00,12,12.6,9,1.6
12/03/2022 09:00,13,14.2,170,3.2
12/03/2022 09:00,14,11.7,326,3.6
12/03/2022 09:00,15,14.9,240,2.6
12/03/2022 10:00,11,10.7,273,4.2
12/03/2022 10:00,12,14.5,207,2.4
12/03/2022 10:00,13,9.3,172,4.2
12/03/2022 10:00,14,13.4,278,4
12/03/2022 10:00,15,13.2,226,2.6
12/03/2022 11:00,11,12.6,355,2.3
12/03/2022 11:00,12,10.8,156,4.2
12/03/2022 11:00,13,14.8,204,1.7
12/03/2022 11:00,14,13.5,321,3.1
12/03/2022 11:00,15,13.2,255,3.3
12/03/2022 12:00,11,14.8,25,2.4
12/03/2022 12:00,12,9.9,185,2.3
12/03/2022 12:00,13,9.1,333,2.1
12/03/2022 12:00,14,9.9,292,1.6
12/03/2022 12:00,15,13.4,33,4.4
12/03/2022 13:00,11,9.9,196,3.1
12/03/2022 13:00,12,13.5,161,1.7
12/03/2022 13:00,13,10.7,107,2.8
12/03/2022 13:00,14,10.8,44,2.5
12/03/2022 13:00,15,11.6,0,1.9
12/03/2022 14:00,11,10.4,208,2.7
12/03/2022 14:00,12,10.8,87,2.4
12/03/2022 14:00,13,9.7,217,3.8
12/03/2022 14:00,14,10.9,175,3.4
12/03/2022 14:00,15,9.1,222,4
12/03/2022 15:00,11,10.7,300,3
12/03/2022 15:00,12,12.6,194,3.2
12/03/2022 15:00,13,12.2,133,4.4
12/03/2022 15:00,14,13.5,18,3.8
12/03/2022 15:00,15,12,157,4
12/03/2022 16:00,11,14.3,276,3.2
12/03/2022 16:00,12,13,26,1.9
12/03/2022 16:00,13,10,76,3.4
12/03/2022 16:00,14,10.6,226,3.8
12/03/2022 16:00,15,14.5,225,3.2
12/03/2022 17:00,11,14.2,152,2.5
12/03/2022 17:00,12,12.9,324,3.5
12/03/2022 17:00,13,13.9,103,4.2
12/03/2022 17:00,14,13,294,4
12/03/2022 17:00,15,9.8,252,2
12/03/2022 18:00,11,12.2,286,4.2
12/03/2022 18:00,12,9.2,169,2.7
12/03/2022 18:00,13,11.4,15,2.3
12/03/2022 18:00,14,11.2,124,3.9
12/03/2022 18:00,15,11.4,154,3.9
12/03/2022 19:00,11,13.7,277,3.8
12/03/2022 19:00,12,12.6,299,3.9
12/03/2022 19:00,13,13.3,20,4.5
12/03/2022 19:00,14,13,72,3
12/03/2022 19:00,15,10.7,113,1.9
12/03/2022 20:00,11,9.3,293,3.1
12/03/2022 20:00,12,10.9,320,2.1
12/03/2022 20:00,13,9.2,198,1.9
12/03/2022 20:00,14,14.6,217,1.9
12/03/2022 20:00,15,9.3,186,3.6
12/03/2022 21:00,11,11.1,186,2
12/03/2022 21:00,12,9.9,0,4.1
12/03/2022 21:00,13,10.3,354,1.7
12/03/2022 21:00,14,12.3,306,2.6
12/03/2022 21:00,15,11.3,119,2.9
12/03/2022 22:00,11,10.8,125,2.8
12/03/2022 22:00,12,10.4,75,2.3
12/03/2022 22:00,13,9.6,109,1.6
12/03/2022 22:00,14,13.8,40,3.7
12/03/2022 22:00,15,14,151,1.8
12/03/2022 23:00,11,12.6,120,2.9
12/03/2022 23:00,12,13.1,238,2.2
12/03/2022 23:00,13,12,36,4.1
12/03/2022 23:00,14,9.1,105,1.7
12/03/2022 23:00,15,13.4,172,3.7
13/03/2022 00:00,11,10,346,2.1
13/03/2022 00:00,12,13,29,4.1
13/03/2022 00:00,13,13.3,217,3.3
13/03/2022 00:00,14,14.5,338,2.7
13/03/2022 00:00,15,13.1,108,3
13/03/2022 01:00,11,11.3,212,4
13/03/2022 01:00,12,12.8,150,3.7
13/03/2022 01:00,13,10.3,318,2.1
13/03/2022 01:00,14,13.6,43,3.6
13/03/2022 01:00,15,11.8,295,1.9
13/03/2022 02:00,11,9.2,267,1.7
13/03/2022 02:00,12,13.4,178,1.8
13/03/2022 02:00,13,11.6,5,3.7
13/03/2022 02:00,14,10.9,245,4.1
13/03/2022 02:00,15,11.3,191,2.7
13/03/2022 03:00,11,13.4,64,1.9
13/03/2022 03:00,12,13.2,65,1.7
13/03/2022 03:00,13,14,304,2.9
13/03/2022 03:00,14,13.4,26,2.6
13/03/2022 03:00,15,13.6,282,3
13/03/2022 04:00,11,12.3,58,3.6
13/03/2022 04:00,12,10.5,225,3.6
13/03/2022 04:00,13,11.2,236,4.2
13/03/2022 04:00,14,12.2,281,2.8
13/03/2022 04:00,15,14.8,88,2.5
13/03/2022 05:00,11,9.2,74,4.1
13/03/2022 05:00,12,9.9,267,2.3
13/03/2022 05:00,13,9.7,196,2.8
13/03/2022 05:00,14,9.2,75,3.5
13/03/2022 05:00,15,12.9,65,4.3
13/03/2022 06:00,11,11.4,78,3.9
13/03/2022 06:00,12,11.7,129,2
13/03/2022 06:00,13,13.1,343,4.1
13/03/2022 06:00,14,12.9,165,1.6
13/03/2022 06:00,15,12.1,266,4
13/03/2022 07:00,11,13.1,328,4.3
13/03/2022 07:00,12,12.4,287,3.5
13/03/2022 07:00,13,9.5,118,1.6
13/03/2022 07:00,14,9.4,0,4.1
13/03/2022 07:00,15,11.1,119,4.3
13/03/2022 08:00,11,11,148,1.6
13/03/2022 08:00,12,9.3,19,4.5
13/03/2022 08:00,13,10.2,23,2.2
13/03/2022 08:00,14,10.4,303,4.4
13/03/2022 08:00,15,10.7,263,3.6
13/03/2022 09:00,11,12.8,135,3.7
13/03/2022 09:00,12,11.2,156,2.7
13/03/2022 09:00,13,14.6,40,4.3
13/03/2022 09:00,14,12.1,189,3
13/03/2022 09:00,15,9.8,186,1.9
13/03/2022 10:00,11,10.9,284,2.4
13/03/2022 10:00,12,9.8,281,3.1
13/03/2022 10:00,13,11.3,330,4
13/03/2022 10:00,14,10.1,353,4.4
13/03/2022 10:00,15,13.5,42,2
13/03/2022 11:00,11,10.6,129,1.8
13/03/2022 11:00,12,9.6,141,1.8
13/03/2022 11:00,13,13.2,280,3
13/03/2022 11:00,14,13.1,274,2.4
13/03/2022 11:00,15,12.3,262,3.9
13/03/2022 12:00,11,9.8,82,2.6
13/03/2022 12:00,12,10.5,322,2.9
13/03/2022 12:00,13,12.4,250,2.2
13/03/2022 12:00,14,10.4,100,4.3
13/03/2022 12:00,15,14,333,2.1
13/03/2022 13:00,11,14.6,146,3.9
13/03/2022 13:00,12,10.6,318,2
13/03/2022 13:00,13,9.2,33,1.9
13/03/2022 13:00,14,11.3,54,2.8
13/03/2022 13:00,15,12.9,130,3
13/03/2022 14:00,11,9.6,205,2.9
13/03/2022 14:00,12,10.6,266,2.3
13/03/2022 14:00,13,12.1,183,3.8
13/03/2022 14:00,14,13.6,15,2.9
13/03/2022 14:00,15,11.4,115,4.4
13/03/2022 15:00,11,10.9,236,3.6
13/03/2022 15:00,12,10.1,188,3.9
13/03/2022 15:00,13,10.7,104,2.4
13/03/2022 15:00,14,14.4,33,3.7
13/03/2022 15:00,15,10.2,69,3.7
13/03/2022 16:00,11,10.3,268,3.3
13/03/2022 16:00,12,12.7,354,2
13/03/2022 16:00,13,11.1,154,2.2
13/03/2022 16:00,14,12.4,191,2
13/03/2022 16:00,15,9,43,3.7
13/03/2022 17:00,11,11.4,230,2.9
13/03/2022 17:00,12,12,24,2.6
13/03/2022 17:00,13,11.9,227,3.8
13/03/2022 17:00,14,11.1,282,2.3
13/03/2022 17:00,15,12.9,218,3.2
13/03/2022 18:00,11,15,196,3.4
13/03/2022 18:00,12,14.6,158,2.1
13/03/2022 18:00,13,12.2,295,3.1
13/03/2022 18:00,14,10.2,93,2.3
13/03/2022 18:00,15,11.1,145,3
13/03/2022 19:00,11,12.5,121,2.5
13/03/2022 19:00,12,14.3,13,2.5
13/03/2022 19:00,13,14,225,4
13/03/2022 19:00,14,10.8,201,3.3
13/03/2022 19:00,15,14.7,227,2.9
13/03/2022 20:00,11,13.9,63,1.6
13/03/2022 20:00,12,11.5,139,3.7
13/03/2022 20:00,13,13.7,228,4.3
13/03/2022 20:00,14,10.2,181,1.7
13/03/2022 20:00,15,11.9,58,1.6
13/03/2022 21:00,11,14.6,274,1.5
13/03/2022 21:00,12,14.3,345,4
13/03/2022 21:00,13,14,174,3.4
13/03/2022 21:00,14,10.3,297,2
13/03/2022 21:00,15,9.9,0,3.3
13/03/2022 22:00,11,12.9,155,4.5
13/03/2022 22:00,12,13,15,3.2
13/03/2022 22:00,13,12.9,38,3.1
13/03/2022 22:00,14,14.5,9,3.3
13/03/2022 22:00,15,13.2,71,2.9
13/03/2022 23:00,11,9.3,327,4.3
13/03/2022 23:00,12,13.1,125,3.4
13/03/2022 23:00,13,13.4,131,1.7
13/03/2022 23:00,14,11,237,4.2
13/03/2022 23:00,15,13,308,3
14/03/2022 00:00,11,11.1,22,4.2
14/03/2022 00:00,12,12.1,75,3.8
14/03/2022 00:00,13,13.2,157,3.9
14/03/2022 00:00,14,11.1,101,1.8
14/03/2022 00:00,15,14.1,155,3.2
14/03/2022 01:00,11,11.7,46,2.8
14/03/2022 01:00,12,12.6,312,2.5
14/03/2022 01:00,13,9,239,3.8
14/03/2022 01:00,14,13.8,218,1.7
14/03/2022 01:00,15,13,234,2.8
14/03/2022 02:00,11,9.5,138,3.7
14/03/2022 02:00,12,13.9,294,3.8
14/03/2022 02:00,13,10.7,320,3.7
14/03/2022 02:00,14,13.4,154,3.5
14/03/2022 02:00,15,11.4,13,1.8
14/03/2022 03:00,11,9.8,265,4.2
14/03/2022 03:00,12,14,247,2.3
14/03/2022 03:00,13,10.7,162,3.8
14/03/2022 03:00,14,12.8,258,3.2
14/03/2022 03:00,15,13.5,34,2.1
14/03/2022 04:00,11,12,161,4.1
14/03/2022 04:00,12,14.8,105,4.3
14/03/2022 04:00,13,14.8,162,2.7
14/03/2022 04:00,14,14.1,266,2.9
14/03/2022 04:00,15,12.4,338,1.6
14/03/2022 05:00,11,11.5,353,3.1
14/03/2022 05:00,12,9.6,159,1.9
14/03/2022 05:00,13,13.4,172,3.7
14/03/2022 05:00,14,13.2,319,1.7
14/03/2022 05:00,15,13.4,209,3.9
14/03/2022 06:00,11,9.8,179,2.2
14/03/2022 06:00,12,14.4,123,1.8
14/03/2022 06:00,13,11.1,113,1.7
14/03/2022 06:00,14,13.2,132,2
14/03/2022 06:00,15,10.4,335,3.3
14/03/2022 07:00,11,9.8,302,4.1
14/03/2022 07:00,12,14.6,79,3.8
14/03/2022 07:00,13,11.8,154,2.3
14/03/2022 07:00,14,10.8,321,2.7
14/03/2022 07:00,15,11.9,89,2.5
14/03/2022 08:00,11,14.3,213,3
14/03/2022 08:00,12,12.9,261,3
14/03/2022 08:00,13,12.2,182,1.6
14/03/2022 08:00,14,11.7,53,2.6
14/03/2022 08:00,15,12.6,306,3
14/03/2022 09:00,11,14.2,200,3.4
14/03/2022 09:00,12,11.5,204,4.1
14/03/2022 09:00,13,13,85,4.2
14/03/2022 09:00,14,11.1,244,2.4
14/03/2022 09:00,15,10.3,354,2
14/03/2022 10:00,11,12.4,198,2.1
14/03/2022 10:00,12,12.8,180,3.7
14/03/2022 10:00,13,12.8,138,3.8
14/03/2022 10:00,14,9.2,295,1.9
14/03/2022 10:00,15,11.4,187,2.6
14/03/2022 11:00,11,9.9,171,1.8
14/03/2022 11:00,12,10,269,2.2
14/03/2022 11:00,13,13.8,116,3
14/03/2022 11:00,14,13.1,281,2.7
14/03/2022 11:00,15,10.7,99,2
14/03/2022 12:00,11,12.3,217,2.3
14/03/2022 12:00,12,14.7,1,2.4
14/03/2022 12:00,13,10.2,128,2.5
14/03/2022 12:00,14,14.2,339,2.5
14/03/2022 12:00,15,9.9,192,2.6
14/03/2022 13:00,11,10.2,95,3.5
14/03/2022 13:00,12,11.1,66,2.7
14/03/2022 13:00,13,12.9,116,4
14/03/2022 13:00,14,9.7,207,3.3
14/03/2022 13:00,15,11.4,307,1.9
14/03/2022 14:00,11,9.4,82,2
14/03/2022 14:00,12,13.6,262,3.9
14/03/2022 14:00,13,12.2,15,3.7
14/03/2022 14:00,14,12.6,191,4
14/03/2022 14:00,15,11.7,308,3.1
14/03/2022 15:00,11,9.9,212,3.1
14/03/2022 15:00,12,12.6,164,2.6
14/03/2022 15:00,13,11,122,3.7
14/03/2022 15:00,14,11.6,237,4.5
14/03/2022 15:00,15,14.1,115,3.6
14/03/2022 16:00,11,10.2,78,2.2
14/03/2022 16:00,12,13.2,59,4.3
14/03/2022 16:00,13,14.5,277,2.8
14/03/2022 16:00,14,14,315,4.3
14/03/2022 16:00,15,11.1,245,3.8
14/03/2022 17:00,11,11.7,22,3.9
14/03/2022 17:00,12,9.2,349,2
14/03/2022 17:00,13,9.1,341,4.4
14/03/2022 17:00,14,11.7,287,2.4
14/03/2022 17:00,15,10.1,304,2.1
14/03/2022 18:00,11,14.1,168,2.5
14/03/2022 18:00,12,11.1,143,1.8
14/03/2022 18:00,13,12,210,2.7
14/03/2022 18:00,14,9.7,42,3.9
14/03/2022 18:00,15,14,349,3.2
14/03/2022 19:00,11,10.3,261,3
14/03/2022 19:00,12,9.8,275,2.7
14/03/2022 19:00,13,13.4,233,3.2
14/03/2022 19:00,14,12.9,328,3.4
14/03/2022 19:00,15,12,38,1.9
14/03/2022 20:00,11,13.2,154,3.8
14/03/2022 20:00,12,14.5,66,4.4
14/03/2022 20:00,13,10.2,176,3.2
14/03/2022 20:00,14,13.5,41,2
14/03/2022 20:00,15,10.7,215,1.6
14/03/2022 21:00,11,9.7,329,3.2
14/03/2022 21:00,12,10.2,326,1.8
14/03/2022 21:00,13,10.4,342,3.7
14/03/2022 21:00,14,10.8,103,2
14/03/2022 21:00,15,9.4,138,4.1
14/03/2022 22:00,11,14.3,227,3.9
14/03/2022 22:00,12,10.6,196,2.9
14/03/2022 22:00,13,12.8,303,3.9
14/03/2022 22:00,14,13.6,188,2.3
14/03/2022 22:00,15,14.9,169,1.6
14/03/2022 23:00,11,11.6,200,3
14/03/2022 23:00,12,13.4,278,3.7
14/03/2022 23:00,13,11.6,359,3.9
14/03/2022 23:00,14,9.9,333,1.7
14/03/2022 23:00,15,14.1,198,3.6
15/03/2022 00:00,11,14.4,12,3.2
15/03/2022 00:00,12,14.1,226,2.3
15/03/2022 00:00,13,9.4,154,2.7
15/03/2022 00:00,14,10.7,216,3.2
15/03/2022 00:00,15,14.5,242,4.4
15/03/2022 01:00,11,13.6,323,2
15/03/2022 01:00,12,11.7,358,2.9
15/03/2022 01:00,13,14.7,332,1.9
15/03/2022 01:00,14,14,345,2.2
15/03/2022 01:00,15,14.7,300,2.7
15/03/2022 02:00,11,14.4,299,3.4
15/03/2022 02:00,12,9.1,190,2.4
15/03/2022 02:00,13,14.5,345,4.3
15/03/2022 02:00,14,12.8,293,3.4
15/03/2022 02:00,15,9.8,335,3.9
15/03/2022 03:00,11,12.9,31,3.5
15/03/2022 03:00,12,12.9,194,1.6
15/03/2022 03:00,13,12.7,332,3.2
15/03/2022 03:00,14,14.1,14,1.8
15/03/2022 03:00,15,9.3,140,4.1
15/03/2022 04:00,11,10.3,267,1.5
15/03/2022 04:00,12,9.4,277,2.1
15/03/2022 04:00,13,14.5,183,3.9
15/03/2022 04:00,14,14.1,146,3.5
15/03/2022 04:00,15,9.5,267,3.7
15/03/2022 05:00,11,10.3,307,3.2
15/03/2022 05:00,12,13.9,105,2.6
15/03/2022 05:00,13,11.6,224,1.9
15/03/2022 05:00,14,9.4,88,3.5
15/03/2022 05:00,15,13.6,35,2.7
15/03/2022 06:00,11,10.1,228,3.2
15/03/2022 06:00,12,9.9,131,2.3
15/03/2022 06:00,13,10.5,288,2
15/03/2022 06:00,14,11.4,179,3.8
15/03/2022 06:00,15,9.5,222,3.4
15/03/2022 07:00,11,11.7,85,2.6
15/03/2022 07:00,12,13.7,284,4.1
15/03/2022 07:00,13,10.7,112,4.3
15/03/2022 07:00,14,11.2,317,4.3
15/03/2022 07:00,15,11.7,273,4.5
15/03/2022 08:00,11,12.5,194,1.8
15/03/2022 08:00,12,10.2,304,2.4
15/03/2022 08:00,13,12.7,352,4.3
15/03/2022 08:00,14,9.4,122,2.5
15/03/2022 08:00,15,11.9,157,3.3
15/03/2022 09:00,11,11.5,252,2.6
15/03/2022 09:00,12,14.6,227,3.3
15/03/2022 09:00,13,9.3,40,3.6
15/03/2022 09:00,14,13.4,296,2.7
15/03/2022 09:00,15,13.9,97,3.3
15/03/2022 10:00,11,9.4,301,2.2
15/03/2022 10:00,12,13.1,266,3
15/03/2022 10:00,13,12.8,163,3.4
15/03/2022 10:00,14,13.1,153,4.5
15/03/2022 10:00,15,13.9,354,4.1
15/03/2022 11:00,11,11.5,330,3.2
15/03/2022 11:00,12,10.8,118,3.1
15/03/2022 11:00,13,12.4,182,3.9
15/03/2022 11:00,14,12.6,271,2.9
15/03/2022 11:00,15,13.9,329,3.3
15/03/2022 12:00,11,14.7,128,3
15/03/2022 12:00,12,11,354,3.1
15/03/2022 12:00,13,11.6,267,1.6
15/03/2022 12:00,14,14.6,188,4
15/03/2022 12:00,15,10.5,79,1.7
15/03/2022 13:00,11,11.9,182,3
15/03/2022 13:00,12,9.2,281,1.5
15/03/2022 13:00,13,9.4,155,2.9
15/03/2022 13:00,14,12.4,91,4.1
15/03/2022 13:00,15,9.5,224,1.8
15/03/2022 14:00,11,12,101,2.8
15/03/2022 14:00,12,11,35,3.1
15/03/2022 14:00,13,14.7,247,3
15/03/2022 14:00,14,12.4,213,2.3
15/03/2022 14:00,15,10,100,4.3
15/03/2022 15:00,11,10.3,331,3.1
15/03/2022 15:00,12,10.3,81,4.2
15/03/2022 15:00,13,11.6,295,3.2
15/03/2022 15:00,14,9.8,299,2.8
15/03/2022 15:00,15,12.4,224,3.6
15/03/2022 16:00,11,13.8,133,4
15/03/2022 16:00,12,13,328,4.3
15/03/2022 16:00,13,13,268,2.1
15/03/2022 16:00,14,14,342,4.3
15/03/2022 16:00,15,11.4,103,3.7
15/03/2022 17:00,11,11.9,327,1.5
15/03/2022 17:00,12,11.3,83,4
15/03/2022 17:00,13,13.5,300,3
15/03/2022 17:00,14,10.1,118,2.5
15/03/2022 17:00,15,14.9,85,1.6
15/03/2022 18:00,11,11,1,2.6
15/03/2022 18:00,12,14.6,295,3.6
15/03/2022 18:00,13,13.2,139,4.1
15/03/2022 18:00,14,11.1,67,2.2
15/03/2022 18:00,15,13.9,273,3.2
15/03/2022 19:00,11,11.9,129,1.6
15/03/2022 19:00,12,13.5,264,2.8
15/03/2022 19:00,13,9.1,109,4.4
15/03/2022 19:00,14,10,252,2
15/03/2022 19:00,15,9.9,197,2
15/03/2022 20:00,11,14.5,336,2.4
15/03/2022 20:00,12,9.7,161,2.3
15/03/2022 20:00,13,10.3,196,4.5
15/03/2022 20:00,14,9.3,354,2.2
15/03/2022 20:00,15,12.4,199,3.6
15/03/2022 21:00,11,12.9,273,3.9
15/03/2022 21:00,12,15,230,3.5
15/03/2022 21:00,13,11.9,69,1.8
15/03/2022 21:00,14,14.5,265,3.5
15/03/2022 21:00,15,9.6,223,3.3
15/03/2022 22:00,11,13.6,236,4
15/03/2022 22:00,12,11.2,117,2.1
15/03/2022 22:00,13,14.5,287,3.6
15/03/2022 22:00,14,10.4,27,4.3
15/03/2022 22:00,15,14.8,135,2.2
15/03/2022 23:00,11,14.2,197,2.2
15/03/2022 23:00,12,10.6,291,2.1
15/03/2022 23:00,13,12.2,351,2.5
15/03/2022 23:00,14,14.4,215,3.8
15/03/2022 23:00,15,14.3,159,1.6
16/03/2022 00:00,11,9.4,184,1.5
16/03/2022 00:00,12,9.4,186,3.2
16/03/2022 00:00,13,12.7,177,1.9
16/03/2022 00:00,14,12.6,140,2.4
16/03/2022 00:00,15,10.4,206,1.7
16/03/2022 01:00,11,9.9,288,4
16/03/2022 01:00,12,12,8,2.7
16/03/2022 01:00,13,10.9,95,2.4
16/03/2022 01:00,14,10.2,84,1.8
16/03/2022 01:00,15,11.4,7,4.1
16/03/2022 02:00,11,12.1,35,4
16/03/2022 02:00,12,12,249,3.3
16/03/2022 02:00,13,14.6,314,4.3
16/03/2022 02:00,14,11.6,276,3.1
16/03/2022 02:00,15,12.1,318,2.9
16/03/2022 03:00,11,12.8,359,2.8
16/03/2022 03:00,12,11.3,299,4
16/03/2022 03:00,13,10.8,101,3.8
16/03/2022 03:00,14,9.8,287,1.7
16/03/2022 03:00,15,11.8,277,2.9
16/03/2022 04:00,11,10.3,344,3.8
16/03/2022 04:00,12,14.6,222,4.3
16/03/2022 04:00,13,11.1,36,2.7
16/03/2022 04:00,14,11.7,295,4
16/03/2022 04:00,15,14.8,72,1.6
16/03/2022 05:00,11,13.4,250,3.4
16/03/2022 05:00,12,10.8,264,2.5
16/03/2022 05:00,13,14.2,58,1.7
16/03/2022 05:00,14,13.4,339,3.9
16/03/2022 05:00,15,14.7,262,1.5
16/03/2022 06:00,11,13.2,337,4.4
16/03/2022 06:00,12,12,46,2.2
16/03/2022 06:00,13,13.8,253,3.8
16/03/2022 06:00,14,12.9,237,2.8
16/03/2022 06:00,15,10.9,165,2.9
16/03/2022 07:00,11,10.1,138,3.4
16/03/2022 07:00,12,12.4,70,2.8
16/03/2022 07:00,13,11.7,229,1.9
16/03/2022 07:00,14,13.7,76,2.4
16/03/2022 07:00,15,15,335,2.7
16/03/2022 08:00,11,13.8,299,4.1
16/03/2022 08:00,12,13.8,202,3.8
16/03/2022 08:00,13,10,356,4
16/03/2022 08:00,14,11.4,73,4.5
16/03/2022 08:00,15,10.3,96,3
16/03/2022 09:00,11,13.8,191,2.1
16/03/2022 09:00,12,10.3,77,2.5
16/03/2022 09:00,13,13.6,184,2.2
16/03/2022 09:00,14,10.9,280,4.2
16/03/2022 09:00,15,11,114,3.4
16/03/2022 10:00,11,9.9,242,4.1
16/03/2022 10:00,12,10.2,277,1.6
16/03/2022 10:00,13,12.5,202,3.1
16/03/2022 10:00,14,9.2,162,3.6
16/03/2022 10:00,15,14.3,27,1.9
16/03/2022 11:00,11,10.7,263,1.8
16/03/2022 11:00,12,11.8,177,3.6
16/03/2022 11:00,13,9.9,226,4.2
16/03/2022 11:00,14,12.6,182,2.4
16/03/2022 11:00,15,9.3,69,3.9
16/03/2022 12:00,11,12.7,109,2.3
16/03/2022 12:00,12,11.7,247,4.3
16/03/2022 12:00,13,11,247,3.4
16/03/2022 12:00,14,12.3,299,3.2
16/03/2022 12:00,15,13.2,165,3.5
16/03/2022 13:00,11,14.6,137,3.8
16/03/2022 13:00,12,10.9,300,3.5
16/03/2022 13:00,13,11.6,297,4.1
16/03/2022 13:00,14,10.6,238,4.4
16/03/2022 13:00,15,9.4,163,2.2
16/03/2022 14:00,11,10.1,156,3.1
16/03/2022 14:00,12,11.4,48,3.9
16/03/2022 14:00,13,12,214,3.9
16/03/2022 14:00,14,11.9,136,2.3
16/03/2022 14:00,15,14.2,13,3.5
16/03/2022 15:00,11,9.9,185,3.1
16/03/2022 15:00,12,10.9,103,2.8
16/03/2022 15:00,13,10,205,2.5
16/03/2022 15:00,14,14.6,77,4.2
16/03/2022 15:00,15,11.1,283,4.4
16/03/2022 16:00,11,9.5,115,4.4
16/03/2022 16:00,12,11.3,337,3.7
16/03/2022 16:00,13,14.9,119,4.4
16/03/2022 16:00,14,14.1,274,3.3
16/03/2022 16:00,15,10.1,39,2.2
16/03/2022 17:00,11,9.2,324,2.5
16/03/2022 17:00,12,12.3,256,3
16/03/2022 17:00,13,13.9,209,3.9
16/03/2022 17:00,14,14.3,4,2.4
16/03/2022 17:00,15,14.2,27,2.6
16/03/2022 18:00,11,14.4,191,3.4
16/03/2022 18:00,12,9.7,337,1.6
16/03/2022 18:00,13,12.6,68,1.8
16/03/2022 18:00,14,11.8,26,4.3
16/03/2022 18:00,15,12.3,190,3.6
16/03/2022 19:00,11,13.4,258,2.2
16/03/2022 19:00,12,9.1,86,3.5
16/03/2022 19:00,13,12,68,1.8
16/03/2022 19:00,14,11.6,326,4
16/03/2022 19:00,15,11,67,3.6
16/03/2022 20:00,11,11,11,3.9
16/03/2022 20:00,12,14.8,285,4.3
16/03/2022 20:00,13,13.9,90,3.4
16/03/2022 20:00,14,14.5,300,3.9
16/03/2022 20:00,15,14,317,3.5
16/03/2022 21:00,11,14.6,103,1.7
16/03/2022 21:00,12,14.6,320,3.1
16/03/2022 21:00,13,9.4,341,2.2
16/03/2022 21:00,14,11.9,237,1.6
16/03/2022 21:00,15,9.5,166,3.9
16/03/2022 22:00,11,13.3,280,4.2
16/03/2022 22:00,12,13.2,227,1.9
16/03/2022 22:00,13,10.4,277,2.8
16/03/2022 22:00,14,13.3,141,3.9
16/03/2022 22:00,15,9.8,167,3.5
16/03/2022 23:00,11,13.5,206,3.3
16/03/2022 23:00,12,11.6,117,4.3
16/03/2022 23:00,13,14.2,292,3.8
16/03/2022 23:00,14,9.7,220,3.7
16/03/2022 23:00,15,9.1,309,3.7
17/03/2022 00:00,11,10.3,96,3.6
17/03/2022 00:00,12,14.2,227,2.1
17/03/2022 00:00,13,14.6,190,3.9
17/03/2022 00:00,14,13.2,57,1.9
17/03/2022 00:00,15,9.7,250,4.4
17/03/2022 01:00,11,13.9,235,1.6
17/03/2022 01:00,12,11.9,295,3.5
17/03/2022 01:00,13,9.9,355,2.7
17/03/2022 01:00,14,12,204,2.9
17/03/2022 01:00,15,11.4,205,1.5
17/03/2022 02:00,11,10.6,136,3.6
17/03/2022 02:00,12,10.6,133,3.8
17/03/2022 02:00,13,13.8,29,1.6
17/03/2022 02:00,14,10.2,225,2
17/03/2022 02:00,15,9.4,321,4.4
17/03/2022 03:00,11,11.9,347,3.8
17/03/2022 03:00,12,10.8,184,3.8
17/03/2022 03:00,13,10.4,331,2
17/03/2022 03:00,14,11.6,187,1.6
17/03/2022 03:00,15,14.6,177,3.4
17/03/2022 04:00,11,10.6,156,2.4
17/03/2022 04:00,12,10.3,76,2.1
17/03/2022 04:00,13,12.2,75,2.1
17/03/2022 04:00,14,10.7,180,2.2
17/03/2022 04:00,15,12.7,316,1.7
17/03/2022 05:00,11,9.9,64,3.9
17/03/2022 05:00,12,9.9,147,3
17/03/2022 05:00,13,9.5,287,3.5
17/03/2022 05:00,14,12.4,349,3
17/03/2022 05:00,15,9.9,319,2.8
17/03/2022 06:00,11,14,198,3.1
17/03/2022 06:00,12,9.8,206,3.5
17/03/2022 06:00,13,9.5,344,4.3
17/03/2022 06:00,14,13.6,140,2.8
17/03/2022 06:00,15,12.6,245,2.9
17/03/2022 07:00,11,13.9,194,3.3
17/03/2022 07:00,12,10.5,157,1.7
17/03/2022 07:00,13,10,308,3.1
17/03/2022 07:00,14,14.1,176,1.5
17/03/2022 07:00,15,9.6,243,2.9
17/03/2022 08:00,11,9.6,79,3.6
17/03/2022 08:00,12,10.3,244,3.9
17/03/2022 08:00,13,13.1,304,2.2
17/03/2022 08:00,14,11.8,141,2.3
17/03/2022 08:00,15,12.9,253,3.9
17/03/2022 09:00,11,13.8,144,2.6
17/03/2022 09:00,12,10.2,266,3
17/03/2022 09:00,13,13.5,179,2.1
17/03/2022 09:00,14,13.1,357,2.8
17/03/2022 09:00,15,13.5,19,3.4
17/03/2022 10:00,11,13.3,357,2.9
17/03/2022 10:00,12,14.5,235,3.7
17/03/2022 10:00,13,14.2,198,1.8
17/03/2022 10:00,14,9.1,251,3.3
17/03/2022 10:00,15,10.2,130,3.1
17/03/2022 11:00,11,13.1,50,2.8
17/03/2022 11:00,12,12.3,78,2.3
17/03/2022 11:00,13,11.4,176,3
17/03/2022 11:00,14,11.4,351,4.3
17/03/2022 11:00,15,14.9,0,1.8
17/03/2022 12:00,11,14.6,80,1.6
17/03/2022 12:00,12,11.6,85,2.5
17/03/2022 12:00,13,12.2,242,3.8
17/03/2022 12:00,14,13.8,300,3.4
17/03/2022 12:00,15,11,168,3.9
17/03/2022 13:00,11,13,352,1.8
17/03/2022 13:00,12,9.8,282,1.8
17/03/2022 13:00,13,11.7,303,3.6
17/03/2022 13:00,14,10.9,165,3.6
17/03/2022 13:00,15,10.2,264,3.1
17/03/2022 14:00,11,13.2,71,4.4
17/03/2022 14:00,12,14.4,227,2.8
17/03/2022 14:00,13,9.2,210,3.6
17/03/2022 14:00,14,14.6,289,2.8
17/03/2022 14:00,15,13.6,233,2.8
17/03/2022 15:00,11,12.8,166,3.3
17/03/2022 15:00,12,12.3,111,2.6
17/03/2022 15:00,13,9.6,282,2.9
17/03/2022 15:00,14,13.1,324,2.9
17/03/2022 15:00,15,15,198,3.2
17/03/2022 16:00,11,9,264,3.1
17/03/2022 16:00,12,14.2,225,3.6
17/03/2022 16:00,13,13.9,352,1.9
17/03/2022 16:00,14,14.4,105,2.8
17/03/2022 16:00,15,11.7,189,3.8
17/03/2022 17:00,11,9.1,302,2.1
17/03/2022 17:00,12,14,188,2.2
17/03/2022 17:00,13,9.4,310,1.7
17/03/2022 17:00,14,11.9,353,1.9
17/03/2022 17:00,15,10.5,94,2.6
17/03/2022 18:00,11,13.1,239,1.6
17/03/2022 18:00,12,14.9,29,3.4
17/03/2022 18:00,13,12.7,150,3.5
17/03/2022 18:00,14,11.5,182,2.1
17/03/2022 18:00,15,12.9,134,3.7
17/03/2022 19:00,11,12.6,335,3.9
17/03/2022 19:00,12,9.8,40,2.7
17/03/2022 19:00,13,9.1,51,2
17/03/2022 19:00,14,13.2,297,3.1
17/03/2022 19:00,15,14.3,225,3.6
17/03/2022 20:00,11,13,3,3.4
17/03/2022 20:00,12,14.4,39,4.2
17/03/2022 20:00,13,9.3,246,2.2
17/03/2022 20:00,14,12.3,258,3.4
17/03/2022 20:00,15,13.7,353,3.7
17/03/2022 21:00,11,14.2,103,3.8
17/03/2022 21:00,12,10.3,131,4.4
17/03/2022 21:00,13,13.8,324,4.4
17/03/2022 21:00,14,13.4,204,4.2
17/03/2022 21:00,15,11.3,69,1.8
17/03/2022 22:00,11,14,354,1.9
17/03/2022 22:00,12,11.1,38,3.7
17/03/2022 22:00,13,13.9,239,4.4
17/03/2022 22:00,14,11.7,272,4.4
17/03/2022 22:00,15,10.6,205,2.9
17/03/2022 23:00,11,11.5,77,3.3
17/03/2022 23:00,12,12,268,2.3
17/03/2022 23:00,13,14.5,64,3.9
17/03/2022 23:00,14,13.5,233,2.7
17/03/2022 23:00,15,12.1,210,3
18/03/2022 00:00,11,11.2,98,3.4
18/03/2022 00:00,12,10.3,117,1.9
18/03/2022 00:00,13,14,215,3.7
18/03/2022 00:00,14,10.1,236,1.7
18/03/2022 00:00,15,12.9,117,4
18/03/2022 01:00,11,9.3,350,3.2
18/03/2022 01:00,12,13.6,156,2.8
18/03/2022 01:00,13,9.8,216,2.4
18/03/2022 01:00,14,9.3,231,4
18/03/2022 01:00,15,11.9,346,3.7
18/03/2022 02:00,11,12.2,289,2.4
18/03/2022 02:00,12,11.8,187,3.5
18/03/2022 02:00,13,10.5,100,2.1
18/03/2022 02:00,14,13.4,312,2.7
18/03/2022 02:00,15,11.6,124,3.8
18/03/2022 03:00,11,12.5,154,4.5
18/03/2022 03:00,12,14.7,198,2.1
18/03/2022 03:00,13,11.3,35,2.2
18/03/2022 03:00,14,9.3,182,2.1
18/03/2022 03:00,15,11,267,1.7
18/03/2022 04:00,11,11.6,215,2.8
18/03/2022 04:00,12,12.9,332,4
18/03/2022 04:00,13,12.3,134,2.2
18/03/2022 04:00,14,11.2,4,2.5
18/03/2022 04:00,15,13,139,4.4
18/03/2022 05:00,11,11.9,167,2.6
18/03/2022 05:00,12,12.1,279,3.9
18/03/2022 05:00,13,9.3,236,1.9
18/03/2022 05:00,14,14.4,294,2.2
18/03/2022 05:00,15,13.6,94,3.6
18/03/2022 06:00,11,13,258,4.4
18/03/2022 06:00,12,13.1,115,2
18/03/2022 06:00,13,10.9,284,1.6
18/03/2022 06:00,14,12.6,186,1.9
18/03/2022 06:00,15,11,37,4
18/03/2022 07:00,11,14,188,4.4
18/03/2022 07:00,12,13.3,235,3.4
18/03/2022 07:00,13,12.8,127,2.2
18/03/2022 07:00,14,12,274,2.9
18/03/2022 07:00,15,13.2,296,2.4
18/03/2022 08:00,11,13.5,131,3.9
18/03/2022 08:00,12,11.7,197,3.4
18/03/2022 08:00,13,14.8,265,3.6
18/03/2022 08:00,14,9.4,182,2.6
18/03/2022 08:00,15,13.4,146,4.4
18/03/2022 09:00,11,14.5,234,3.1
18/03/2022 09:00,12,13,293,4.4
18/03/2022 09:00,13,13.2,62,4.1
18/03/2022 09:00,14,9.2,133,3.7
18/03/2022 09:00,15,13.9,303,3.9
18/03/2022 10:00,11,10.7,288,3.9
18/03/2022 10:00,12,10.5,143,3.9
18/03/2022 10:00,13,11.8,35,3.4
18/03/2022 10:00,14,11.7,157,3.5
18/03/2022 10:00,15,11.9,92,3.7
18/03/2022 11:00,11,12.7,248,1.7
18/03/2022 11:00,12,11.2,298,1.9
18/03/2022 11:00,13,12.1,83,3.3
18/03/2022 11:00,14,12.2,352,3.7
18/03/2022 11:00,15,12.6,223,3.5
18/03/2022 12:00,11,10.4,8,2.9
18/03/2022 12:00,12,12.3,151,3.5
18/03/2022 12:00,13,11.2,136,3.4
18/03/2022 12:00,14,12.5,34,3.7
18/03/2022 12:00,15,13.4,351,3.2
18/03/2022 13:00,11,9.4,74,2
18/03/2022 13:00,12,11.3,357,3.5
18/03/2022 13:00,13,13.9,149,2.5
18/03/2022 13:00,14,14,13,4.5
18/03/2022 13:00,15,10.8,265,3.8
18/03/2022 14:00,11,12,249,2
18/03/2022 14:00,12,13.1,133,1.9
18/03/2022 14:00,13,10.8,174,2.2
18/03/2022 14:00,14,9.4,143,2.6
18/03/2022 14:00,15,12.7,146,3.7
18/03/2022 15:00,11,12.7,321,2
18/03/2022 15:00,12,9.3,33,3
18/03/2022 15:00,13,10.4,339,2.8
18/03/2022 15:00,14,12.3,316,2.5
18/03/2022 15:00,15,14.7,177,3.1
18/03/2022 16:00,11,11.2,141,3.6
18/03/2022 16:00,12,14,79,3.5
18/03/2022 16:00,13,11.1,296,4.5
18/03/2022 16:00,14,9.3,83,4.1
18/03/2022 16:00,15,14,198,2.3
18/03/2022 17:00,11,10.1,317,3.8
18/03/2022 17:00,12,13.7,114,4
18/03/2022 17:00,13,9.1,39,3.8
18/03/2022 17:00,14,12,10,3.3
18/03/2022 17:00,15,14,51,2.9
18/03/2022 18:00,11,13.4,296,2.9
18/03/2022 18:00,12,14.1,216,2.7
18/03/2022 18:00,13,11.8,60,2.1
18/03/2022 18:00,14,13.3,104,3.4
18/03/2022 18:00,15,11.1,309,3.3
18/03/2022 19:00,11,12.4,32,2.4
18/03/2022 19:00,12,11.1,119,1.9
18/03/2022 19:00,13,10.1,259,3
18/03/2022 19:00,14,12.1,207,4.1
18/03/2022 19:00,15,12.3,243,4.3
18/03/2022 20:00,11,14,258,4
18/03/2022 20:00,12,9.8,336,3.1
18/03/2022 20:00,13,10,111,3.7
18/03/2022 20:00,14,9.6,198,2.9
18/03/2022 20:00,15,14.7,184,1.7
18/03/2022 21:00,11,14.6,251,1.9
18/03/2022 21:00,12,12.6,279,3.6
18/03/2022 21:00,13,14.4,255,2
18/03/2022 21:00,14,10.7,164,3.7
18/03/2022 21:00,15,9.6,44,3.3
18/03/2022 22:00,11,14,205,2.5
18/03/2022 22:00,12,11.8,29,3.6
18/03/2022 22:00,13,10.8,280,2.5
18/03/2022 22:00,14,10.7,47,1.6
18/03/2022 22:00,15,12.1,137,1.7
18/03/2022 23:00,11,11.6,5,2
18/03/2022 23:00,12,11.8,184,1.8
18/03/2022 23:00,13,12.9,126,4.5
18/03/2022 23:00,14,10.5,70,4.5
18/03/2022 23:00,15,13.9,84,2.7
19/03/2022 00:00,11,13.7,183,2.7
19/03/2022 00:00,12,13.4,9,4
19/03/2022 00:00,13,9.7,268,1.7
19/03/2022 00:00,14,13.9,346,3.3
19/03/2022 00:00,15,10,137,2.4
19/03/2022 01:00,11,10.7,93,2.6
19/03/2022 01:00,12,13.5,54,2.8
19/03/2022 01:00,13,11.1,58,3.5
19/03/2022 01:00,14,11.1,284,2.7
19/03/2022 01:00,15,12.6,305,3.3
19/03/2022 02:00,11,10.3,152,3.9
19/03/2022 02:00,12,9.4,5,3.9
19/03/2022 02:00,13,11.1,342,3.6
19/03/2022 02:00,14,13.1,213,4.3
19/03/2022 02:00,15,12.6,152,2.3
19/03/2022 03:00,11,10.3,229,2.2
19/03/2022 03:00,12,9.6,287,1.6
19/03/2022 03:00,13,12.1,191,3
19/03/2022 03:00,14,12,304,2.1
19/03/2022 03:00,15,10.9,10,2
19/03/2022 04:00,11,10.7,227,1.6
19/03/2022 04:00,12,10.8,186,4.1
19/03/2022 04:00,13,14.9,201,2.8
19/03/2022 04:00,14,13.2,106,2.2
19/03/2022 04:00,15,12.6,357,1.9
19/03/2022 05:00,11,12.9,328,2.4
19/03/2022 05:00,12,10,223,3.2
19/03/2022 05:00,13,10.6,165,4.4
19/03/2022 05:00,14,10.9,99,3.8
19/03/2022 05:00,15,14.5,284,1.8
19/03/2022 06:00,11,10.9,160,2.9
19/03/2022 06:00,12,13.2,316,1.8
19/03/2022 06:00,13,15,299,3.5
19/03/2022 06:00,14,10.7,324,4.2
19/03/2022 06:00,15,11.9,341,2.4
19/03/2022 07:00,11,14,97,3.3
19/03/2022 07:00,12,14.9,280,4
19/03/2022 07:00,13,9.3,38,2.5
19/03/2022 07:00,14,14.8,61,2.7
19/03/2022 07:00,15,9.7,200,1.5
19/03/2022 08:00,11,14.5,261,4.2
19/03/2022 08:00,12,12.1,69,3.7
19/03/2022 08:00,13,10.6,43,3.7
19/03/2022 08:00,14,13,27,3.6
19/03/2022 08:00,15,14.9,244,2.4
19/03/2022 09:00,11,9,359,2.3
19/03/2022 09:00,12,14.3,109,3.8
19/03/2022 09:00,13,11.9,187,4.5
19/03/2022 09:00,14,13.3,294,2.7
19/03/2022 09:00,15,14.5,125,4.3
19/03/2022 10:00,11,9.4,75,3.5
19/03/2022 10:00,12,11.6,106,2.7
19/03/2022 10:00,13,12.2,198,2.8
19/03/2022 10:00,14,13.5,158,2.5
19/03/2022 10:00,15,9.6,113,3
19/03/2022 11:00,11,9.7,46,2.7
19/03/2022 11:00,12,14.7,25,3.7
19/03/2022 11:00,13,9.9,231,2.4
19/03/2022 11:00,14,14.5,250,4.5
19/03/2022 11:00,15,12,128,1.8
19/03/2022 12:00,11,12.4,149,3.3
19/03/2022 12:00,12,9.7,214,2.5
19/03/2022 12:00,13,11.1,37,2.7
19/03/2022 12:00,14,14.1,6,2.7
19/03/2022 12:00,15,11.9,237,3.3
19/03/2022 13:00,11,14.7,235,2
19/03/2022 13:00,12,11.5,333,4.4
19/03/2022 13:00,13,10.8,115,1.9
19/03/2022 13:00,14,10.8,335,3.5
19/03/2022 13:00,15,14.9,86,3.1
19/03/2022 14:00,11,11.9,82,3.6
19/03/2022 14:00,12,12.8,96,3.1
19/03/2022 14:00,13,9.5,276,2.4
19/03/2022 14:00,14,13.5,133,3.9
19/03/2022 14:00,15,13.9,49,3.3
19/03/2022 15:00,11,9.3,53,3.8
19/03/2022 15:00,12,13.9,291,4.3
19/03/2022 15:00,13,10.4,210,1.9
19/03/2022 15:00,14,14,224,2.7
19/03/2022 15:00,15,14.8,336,2.7
19/03/2022 16:00,11,13.3,143,2.9
19/03/2022 16:00,12,12.3,133,3
19/03/2022 16:00,13,10.5,68,3.9
19/03/2022 16:00,14,11.9,124,2.8
19/03/2022 16:00,15,10.8,87,3.4
19/03/2022 17:00,11,10.5,140,2.1
19/03/2022 17:00,12,10.2,20,4.5
19/03/2022 17:00,13,13.2,268,3.5
19/03/2022 17:00,14,11.5,85,3
19/03/2022 17:00,15,11.2,322,3.9
19/03/2022 18:00,11,14.2,250,2
19/03/2022 18:00,12,12.8,222,3.1
19/03/2022 18:00,13,9.5,1,4.2
19/03/2022 18:00,14,12.2,252,4.2
19/03/2022 18:00,15,9.1,332,2.4
19/03/2022 19:00,11,9.5,109,2.7
19/03/2022 19:00,12,9.1,102,4.1
19/03/2022 19:00,13,14.5,180,3.8
19/03/2022 19:00,14,11.9,169,4.2
19/03/2022 19:00,15,12.6,187,2.6
19/03/2022 20:00,11,14.3,101,3
19/03/2022 20:00,12,9,28,4
19/03/2022 20:00,13,9.2,301,1.7
19/03/2022 20:00,14,12.5,162,2.9
19/03/2022 20:00,15,13.1,239,1.9
19/03/2022 21:00,11,11.8,337,3.2
19/03/2022 21:00,12,13.8,161,3.1
19/03/2022 21:00,13,11.9,82,3.9
19/03/2022 21:00,14,14.2,112,1.5
19/03/2022 21:00,15,12,64,3.4
19/03/2022 22:00,11,14.9,212,2.2
19/03/2022 22:00,12,14.3,97,2
19/03/2022 22:00,13,13.1,256,3.3
19/03/2022 22:00,14,9.6,23,1.7
19/03/2022 22:00,15,13.1,129,3
19/03/2022 23:00,11,10.6,23,1.9
19/03/2022 23:00,12,11,33,3.9
19/03/2022 23:00,13,12.9,5,1.8
19/03/2022 23:00,14,10.1,318,3.3
19/03/2022 23:00,15,11.1,199,3
20/03/2022 00:00,11,10.3,283,3.1
20/03/2022 00:00,12,12.1,107,3.8
20/03/2022 00:00,13,9.7,230,2.2
20/03/2022 00:00,14,10.9,214,3.3
20/03/2022 00:00,15,12.1,251,2.1
20/03/2022 01:00,11,13.5,51,4.1
20/03/2022 01:00,12,12,163,3.2
20/03/2022 01:00,13,10.3,135,2.8
20/03/2022 01:00,14,14.6,109,3
20/03/2022 01:00,15,11.1,170,2
20/03/2022 02:00,11,14.1,314,2.9
20/03/2022 02:00,12,11.2,306,1.7
20/03/2022 02:00,13,14,277,2.7
20/03/2022 02:00,14,10.4,4,4
20/03/2022 02:00,15,12.9,215,1.6
20/03/2022 03:00,11,12.7,80,4
20/03/2022 03:00,12,14.1,286,1.8
20/03/2022 03:00,13,11.2,15,4.5
20/03/2022 03:00,14,10.6,162,4
20/03/2022 03:00,15,10.9,313,4.5
20/03/2022 04:00,11,10.4,291,3.3
20/03/2022 04:00,12,14.7,175,2.3
20/03/2022 04:00,13,12.5,278,2.7
20/03/2022 04:00,14,9.4,174,3.4
20/03/2022 04:00,15,11.2,310,2.3
20/03/2022 05:00,11,9.4,31,2.1
20/03/2022 05:00,12,13.8,247,1.8
20/03/2022 05:00,13,12.3,41,2.4
20/03/2022 05:00,14,11.9,97,3.5
20/03/2022 05:00,15,10.4,60,2.4
20/03/2022 06:00,11,12.4,223,3.8
20/03/2022 06:00,12,11.8,338,4.3
20/03/2022 06:00,13,13.7,55,3.8
20/03/2022 06:00,14,14.7,283,4.1
20/03/2022 06:00,15,9.1,149,4.2
20/03/2022 07:00,11,13.9,4,2.6
20/03/2022 07:00,12,11,42,3.7
20/03/2022 07:00,13,13.6,203,3.3
20/03/2022 07:00,14,12.6,97,3.9
20/03/2022 07:00,15,13.4,128,2.9
20/03/2022 08:00,11,12.1,290,2.4
20/03/2022 08:00,12,11,295,3.9
20/03/2022 08:00,13,12.1,324,1.6
20/03/2022 08:00,14,12,329,2.7
20/03/2022 08:00,15,12.9,206,3.9
20/03/2022 09:00,11,12.7,287,3.5
20/03/2022 09:00,12,9.4,327,3.2
20/03/2022 09:00,13,9.7,236,3.4
20/03/2022 09:00,14,13.3,237,3.9
20/03/2022 09:00,15,10.6,302,3
20/03/2022 10:00,11,11.9,225,4.1
20/03/2022 10:00,12,13.9,176,3.2
20/03/2022 10:00,13,12.4,216,3.1
20/03/2022 10:00,14,10.3,144,1.6
20/03/2022 10:00,15,12.8,193,3.3
20/03/2022 11:00,11,9,103,4.4
20/03/2022 11:00,12,12.1,38,3.9
20/03/2022 11:00,13,12.7,324,3.9
20/03/2022 11:00,14,14.1,109,2.7
20/03/2022 11:00,15,11.8,3,4
20/03/2022 12:00,11,14.6,248,2.2
20/03/2022 12:00,12,14.2,24,3.7
20/03/2022 12:00,13,12.3,2,4.1
20/03/2022 12:00,14,9.1,205,2.9
20/03/2022 12:00,15,13.9,232,3.5
20/03/2022 13:00,11,11.1,204,2.8
20/03/2022 13:00,12,11.3,289,1.6
20/03/2022 13:00,13,11.9,275,4.2
20/03/2022 13:00,14,13,168,1.8
20/03/2022 13:00,15,12.4,100,1.9
20/03/2022 14:00,11,10.6,63,3.4
20/03/2022 14:00,12,10.5,262,2.9
20/03/2022 14:00,13,14.7,121,4.2
20/03/2022 14:00,14,10.9,329,4
20/03/2022 14:00,15,12.1,27,4.5
20/03/2022 15:00,11,13.4,315,3
20/03/2022 15:00,12,10.3,10,3.1
20/03/2022 15:00,13,14.2,196,3.4
20/03/2022 15:00,14,14.3,11,3
20/03/2022 15:00,15,12.7,215,4.1
20/03/2022 16:00,11,13.7,137,4.5
20/03/2022 16:00,12,14.1,302,2.4
20/03/2022 16:00,13,12.8,137,2
20/03/2022 16:00,14,14.9,103,2.2
20/03/2022 16:00,15,10.3,140,3.2
20/03/2022 17:00,11,10,284,4.5
20/03/2022 17:00,12,12.2,219,3.7
20/03/2022 17:00,13,11.7,91,1.9
20/03/2022 17:00,14,13.4,88,2.9
20/03/2022 17:00,15,13.3,56,2.4
20/03/2022 18:00,11,12.7,303,3.8
20/03/2022 18:00,12,12.5,15,3.3
20/03/2022 18:00,13,12.9,92,4.5
20/03/2022 18:00,14,11.5,297,3
20/03/2022 18:00,15,11.9,233,3
20/03/2022 19:00,11,14.9,181,2.5
20/03/2022 19:00,12,9.5,59,3.5
20/03/2022 19:00,13,10.4,122,1.6
20/03/2022 19:00,14,10.3,355,3.6
20/03/2022 19:00,15,14.6,274,3.6
20/03/2022 20:00,11,12.1,27,3.9
20/03/2022 20:00,12,11.5,8,4.4
20/03/2022 20:00,13,14.9,142,3.2
20/03/2022 20:00,14,10.6,149,4.4
20/03/2022 20:00,15,13.6,312,3.1
20/03/2022 21:00,11,9.9,136,2.1
20/03/2022 21:00,12,11.7,144,3.1
20/03/2022 21:00,13,13.9,215,4
20/03/2022 21:00,14,12.8,25,4.2
20/03/2022 21:00,15,9.9,213,1.7
20/03/2022 22:00,11,9.8,36,4.1
20/03/2022 22:00,12,10.4,247,2.7
20/03/2022 22:00,13,9.8,275,3.7
20/03/2022 22:00,14,12.4,61,2.8
20/03/2022 22:00,15,13.8,38,2.2
20/03/2022 23:00,11,11.8,150,3.4
20/03/2022 23:00,12,11.8,218,3.6
20/03/2022 23:00,13,13.8,171,1.9
20/03/2022 23:00,14,10.2,83,1.6
20/03/2022 23:00,15,10,40,1.7
21/03/2022 00:00,11,13.6,192,2.5
21/03/2022 00:00,12,12.9,276,4.2
21/03/2022 00:00,13,10.8,283,1.5
21/03/2022 00:00,14,12.6,158,4.4
21/03/2022 00:00,15,12.8,86,3.9
21/03/2022 01:00,11,13.7,195,3.7
21/03/2022 01:00,12,13.8,131,4.2
21/03/2022 01:00,13,13.6,227,4.5
21/03/2022 01:00,14,10.3,328,1.7
21/03/2022 01:00,15,9.9,37,2.4
21/03/2022 02:00,11,11.4,72,2.9
21/03/2022 02:00,12,11.5,295,2.4
21/03/2022 02:00,13,10.3,255,4.1
21/03/2022 02:00,14,14.3,47,3.5
21/03/2022 02:00,15,10.8,26,3.6
21/03/2022 03:00,11,14,162,2.2
21/03/2022 03:00,12,12.3,330,3.6
21/03/2022 03:00,13,10,64,4
21/03/2022 03:00,14,11.5,163,2.1
21/03/2022 03:00,15,13.4,323,2.7
21/03/2022 04:00,11,11.9,17,4.2
21/03/2022 04:00,12,11.6,243,2.6
21/03/2022 04:00,13,10.2,142,3.8
21/03/2022 04:00,14,13.8,344,3.4
21/03/2022 04:00,15,11.7,132,2
21/03/2022 05:00,11,10.2,312,3.3
21/03/2022 05:00,12,14.2,93,2.7
21/03/2022 05:00,13,14.7,60,1.9
21/03/2022 05:00,14,9,286,1.6
21/03/2022 05:00,15,12.2,168,1.8
21/03/2022 06:00,11,11.2,146,4.1
21/03/2022 06:00,12,13.8,228,2
21/03/2022 06:00,13,12.5,350,3.3
21/03/2022 06:00,14,12.8,312,3.9
21/03/2022 06:00,15,9.3,312,3.5
21/03/2022 07:00,11,14.3,106,4.5
21/03/2022 07:00,12,13.3,58,2.1
21/03/2022 07:00,13,11.5,318,2.4
21/03/2022 07:00,14,13.7,190,4.3
21/03/2022 07:00,15,12.3,73,4
21/03/2022 08:00,11,12.6,221,2
21/03/2022 08:00,12,10.2,129,4.5
21/03/2022 08:00,13,13.9,314,2.9
21/03/2022 08:00,14,14.6,332,3
21/03/2022 08:00,15,9.2,135,4.1
21/03/2022 09:00,11,12.7,113,3.5
21/03/2022 09:00,12,10.2,336,4
21/03/2022 09:00,13,13.7,343,4
21/03/2022 09:00,14,10,97,1.9
21/03/2022 09:00,15,11.5,271,4.3
21/03/2022 10:00,11,12.4,214,2.7
21/03/2022 10:00,12,11.7,247,3.7
21/03/2022 10:00,13,13.7,116,4.2
21/03/2022 10:00,14,12.3,201,2.3
21/03/2022 10:00,15,9,224,2.7
21/03/2022 11:00,11,12.4,29,3.9
21/03/2022 11:00,12,14.3,108,1.5
21/03/2022 11:00,13,11.5,78,2.6
21/03/2022 11:00,14,9.4,159,4
21/03/2022 11:00,15,9.5,91,3.6
21/03/2022 12:00,11,10.6,101,4.2
21/03/2022 12:00,12,11.2,152,3.9
21/03/2022 12:00,13,11.6,309,3.1
21/03/2022 12:00,14,12.2,67,4.1
21/03/2022 12:00,15,10.6,295,4.2
21/03/2022 13:00,11,12.8,135,4.3
21/03/2022 13:00,12,9.1,20,3.7
21/03/2022 13:00,13,10.2,80,3.1
21/03/2022 13:00,14,11.1,171,4.1
21/03/2022 13:00,15,10.8,104,2
21/03/2022 14:00,11,11.9,9,2.3
21/03/2022 14:00,12,10.6,131,2.5
21/03/2022 14:00,13,11.9,142,1.8
21/03/2022 14:00,14,13.2,106,3.2
21/03/2022 14:00,15,13.1,148,1.5
21/03/2022 15:00,11,13.7,339,1.5
21/03/2022 15:00,12,11.5,280,3.4
21/03/2022 15:00,13,10.6,210,2
21/03/2022 15:00,14,13.9,255,4.1
21/03/2022 15:00,15,13.7,204,2.9
21/03/2022 16:00,11,13.5,238,2.2
21/03/2022 16:00,12,9.4,200,1.9
21/03/2022 16:00,13,11.9,282,2.6
21/03/2022 16:00,14,10.4,99,3
21/03/2022 16:00,15,10.4,160,2.4
21/03/2022 17:00,11,13.5,320,2.8
21/03/2022 17:00,12,11.5,336,4
21/03/2022 17:00,13,13.6,177,2
21/03/2022 17:00,14,14.3,68,4.5
21/03/2022 17:00,15,9.6,80,2.6
21/03/2022 18:00,11,12.4,40,4.1
21/03/2022 18:00,12,10.8,145,4
21/03/2022 18:00,13,10.3,177,3
21/03/2022 18:00,14,11.5,68,4.2
21/03/2022 18:00,15,13.7,316,3.9
21/03/2022 19:00,11,10.4,206,2
21/03/2022 19:00,12,11.9,323,2.7
21/03/2022 19:00,13,9.9,45,3.3
21/03/2022 19:00,14,9.1,105,3.7
21/03/2022 19:00,15,9.1,94,2.6
21/03/2022 20:00,11,10.8,327,2.2
21/03/2022 20:00,12,11.7,48,3.6
21/03/2022 20:00,13,9.9,300,4
21/03/2022 20:00,14,13.4,254,3.9
21/03/2022 20:00,15,11.6,27,2.4
21/03/2022 21:00,11,9.9,331,2.8
21/03/2022 21:00,12,9.9,40,2.3
21/03/2022 21:00,13,10.1,102,3.3
21/03/2022 21:00,14,10.2,259,2.9
21/03/2022 21:00,15,10.7,140,3.5
21/03/2022 22:00,11,12.7,106,1.5
21/03/2022 22:00,12,14.9,338,4.4
21/03/2022 22:00,13,12,173,3.4
21/03/2022 22:00,14,13.2,192,4.1
21/03/2022 22:00,15,10.2,256,4
21/03/2022 23:00,11,14.1,12,3.5
21/03/2022 23:00,12,11,201,2.5
21/03/2022 23:00,13,13,51,2.1
21/03/2022 23:00,14,12.4,78,2
21/03/2022 23:00,15,11.3,197,2.7
22/03/2022 00:00,11,10.5,11,1.6
22/03/2022 00:00,12,10.1,106,3.9
22/03/2022 00:00,13,14.1,127,3.1
22/03/2022 00:00,14,10.7,261,2.7
22/03/2022 00:00,15,11.5,147,4
22/03/2022 01:00,11,11.4,166,2.3
22/03/2022 01:00,12,13.4,165,2.8
22/03/2022 01:00,13,12.8,24,2.7
22/03/2022 01:00,14,13.8,34,3.8
22/03/2022 01:00,15,14.1,98,2.9
22/03/2022 02:00,11,13.5,319,2.1
22/03/2022 02:00,12,10.5,337,3.4
22/03/2022 02:00,13,12.7,227,2.7
22/03/2022 02:00,14,14.8,340,1.9
22/03/2022 02:00,15,10.8,282,2.6
22/03/2022 03:00,11,10.4,164,1.7
22/03/2022 03:00,12,11.9,179,4.1
22/03/2022 03:00,13,12.7,322,4.1
22/03/2022 03:00,14,9.1,85,2.5
22/03/2022 03:00,15,11,342,3.3
22/03/2022 04:00,11,14.7,156,3.8
22/03/2022 04:00,12,11.8,72,1.7
22/03/2022 04:00,13,11.8,119,2.4
22/03/2022 04:00,14,14.6,47,2.4
22/03/2022 04:00,15,9.6,216,3.2
22/03/2022 05:00,11,12.2,193,2.6
22/03/2022 05:00,12,12.3,180,3.8
22/03/2022 05:00,13,10,9,3.4
22/03/2022 05:00,14,14.2,80,3.1
22/03/2022 05:00,15,12.2,253,3
22/03/2022 06:00,11,12.5,92,3.6
22/03/2022 06:00,12,12.5,74,3.9
22/03/2022 06:00,13,14.8,176,2.9
22/03/2022 06:00,14,13.4,10,4
22/03/2022 06:00,15,9.1,266,2.9
22/03/2022 07:00,11,13.1,195,3
22/03/2022 07:00,12,12.1,170,1.6
22/03/2022 07:00,13,9.2,341,2.9
22/03/2022 07:00,14,14.9,88,3
22/03/2022 07:00,15,10.1,106,3.2
22/03/2022 08:00,11,13.8,143,3.1
22/03/2022 08:00,12,10,85,3.5
22/03/2022 08:00,13,14.9,105,3
22/03/2022 08:00,14,14.2,112,2.8
22/03/2022 08:00,15,9.5,307,2.9
22/03/2022 09:00,11,12.3,242,3.8
22/03/2022 09:00,12,11.9,281,3.2
22/03/2022 09:00,13,12.5,169,1.6
22/03/2022 09:00,14,11,6,2.1
22/03/2022 09:00,15,14.8,313,2.1
22/03/2022 10:00,11,14.8,244,1.6
22/03/2022 10:00,12,14.8,149,4.4
22/03/2022 10:00,13,13.8,187,3.8
22/03/2022 10:00,14,10.3,48,2.1
22/03/2022 10:00,15,10.8,221,3.6
22/03/2022 11:00,11,9.5,262,2.5
22/03/2022 11:00,12,14.7,231,2.1
22/03/2022 11:00,13,10.8,59,4.4
22/03/2022 11:00,14,9.8,113,2.5
22/03/2022 11:00,15,12.1,117,4.4
22/03/2022 12:00,11,12.3,123,1.7
22/03/2022 12:00,12,13.3,264,3.6
22/03/2022 12:00,13,11.1,39,3.6
22/03/2022 12:00,14,14.1,252,4
22/03/2022 12:00,15,14.9,17,1.8
22/03/2022 13:00,11,9.2,29,1.5
22/03/2022 13:00,12,11.9,193,4.3
22/03/2022 13:00,13,10.9,323,3.3
22/03/2022 13:00,14,10.3,300,3.1
22/03/2022 13:00,15,14.5,4,3
22/03/2022 14:00,11,14.2,120,1.6
22/03/2022 14:00,12,12.9,132,3
22/03/2022 14:00,13,10.3,85,4.2
22/03/2022 14:00,14,12.2,67,2.8
22/03/2022 14:00,15,10.8,134,3
22/03/2022 15:00,11,12.7,240,1.5
22/03/2022 15:00,12,10.8,178,3.2
22/03/2022 15:00,13,10.3,60,1.9
22/03/2022 15:00,14,13.8,164,2.4
22/03/2022 15:00,15,12.2,108,3.7
22/03/2022 16:00,11,12.9,32,3.7
22/03/2022 16:00,12,10.1,111,1.6
22/03/2022 16:00,13,14.4,132,4
22/03/2022 16:00,14,9.7,165,2.1
22/03/2022 16:00,15,10.8,311,2.1
22/03/2022 17:00,11,12.6,125,4.5
22/03/2022 17:00,12,10.2,310,3.9
22/03/2022 17:00,13,9.9,347,3.8
22/03/2022 17:00,14,11.3,95,4.5
22/03/2022 17:00,15,14.5,275,3.4
22/03/2022 18:00,11,14.2,359,2.7
22/03/2022 18:00,12,11.3,99,4.1
22/03/2022 18:00,13,9,253,3.1
22/03/2022 18:00,14,9.9,256,2
22/03/2022 18:00,15,10.5,260,1.6
22/03/2022 19:00,11,13.1,43,1.9
22/03/2022 19:00,12,9.7,283,3.1
22/03/2022 19:00,13,12.9,150,2.1
22/03/2022 19:00,14,13.3,355,2.4
22/03/2022 19:00,15,11,229,2.8
22/03/2022 20:00,11,14,228,2.3
22/03/2022 20:00,12,9.8,111,2.4
22/03/2022 20:00,13,10.5,334,1.8
22/03/2022 20:00,14,11.5,74,2.7
22/03/2022 20:00,15,10.5,154,2.3
22/03/2022 21:00,11,12.5,204,3.4
22/03/2022 21:00,12,14.1,36,2.1
22/03/2022 21:00,13,13.5,86,2.8
22/03/2022 21:00,14,14.7,6,4
22/03/2022 21:00,15,12.3,58,4.5
22/03/2022 22:00,11,14,338,2.2
22/03/2022 22:00,12,11.4,328,3
22/03/2022 22:00,13,13.8,22,3.4
22/03/2022 22:00,14,14.1,301,2.1
22/03/2022 22:00,15,11.9,249,2.8
22/03/2022 23:00,11,10,168,2.6
22/03/2022 23:00,12,11,77,4.1
22/03/2022 23:00,13,9.6,49,2
22/03/2022 23:00,14,12.5,338,3.2
22/03/2022 23:00,15,13.2,156,2.8
23/03/2022 00:00,11,13.1,97,3.1
23/03/2022 00:00,12,9.6,73,3.5
23/03/2022 00:00,13,13.1,249,3.7
23/03/2022 00:00,14,13.3,10,1.7
23/03/2022 00:00,15,11.6,120,2.3
23/03/2022 01:00,11,9.8,173,2.7
23/03/2022 01:00,12,14.3,16,1.7
23/03/2022 01:00,13,12.7,326,3.3
23/03/2022 01:00,14,13.4,251,2.5
23/03/2022 01:00,15,9.5,356,1.6
23/03/2022 02:00,11,11.2,126,1.8
23/03/2022 02:00,12,13.7,213,2.6
23/03/2022 02:00,13,12.8,1,4.4
23/03/2022 02:00,14,14.1,192,1.5
23/03/2022 02:00,15,10.9,319,3.6
23/03/2022 03:00,11,10.5,318,2.2
23/03/2022 03:00,12,9.1,175,1.6
23/03/2022 03:00,13,11,188,4.1
23/03/2022 03:00,14,11.9,296,3.6
23/03/2022 03:00,15,10.3,135,3.2
23/03/2022 04:00,11,13.8,58,2.9
23/03/2022 04:00,12,14.2,64,1.5
23/03/2022 04:00,13,13.4,329,3.2
23/03/2022 04:00,14,10.2,250,4.4
23/03/2022 04:00,15,10.6,148,3.5
23/03/2022 05:00,11,13.4,163,1.7
23/03/2022 05:00,12,10.5,235,4.4
23/03/2022 05:00,13,11.7,107,2.6
23/03/2022 05:00,14,11.4,192,4.5
23/03/2022 05:00,15,14.1,93,3.3
23/03/2022 06:00,11,11.1,141,2.4
23/03/2022 06:00,12,10.7,38,4.3
23/03/2022 06:00,13,11.4,182,1.6
23/03/2022 06:00,14,14.2,250,3.5
23/03/2022 06:00,15,10.9,132,1.7
23/03/2022 07:00,11,15,33,4.3
23/03/2022 07:00,12,9.1,164,2.8
23/03/2022 07:00,13,10.3,87,3.8
23/03/2022 07:00,14,13.5,49,2
23/03/2022 07:00,15,12.8,344,4.4
23/03/2022 08:00,11,13,73,3.1
23/03/2022 08:00,12,13.4,356,3.4
23/03/2022 08:00,13,12.5,291,3
23/03/2022 08:00,14,9.2,320,2.7
23/03/2022 08:00,15,14.7,289,3.1
23/03/2022 09:00,11,10.6,163,3.7
23/03/2022 09:00,12,11.4,334,3.4
23/03/2022 09:00,13,12.7,109,1.9
23/03/2022 09:00,14,10,161,2.6
23/03/2022 09:00,15,15,117,2.4
23/03/2022 10:00,11,9.5,125,2.7
23/03/2022 10:00,12,11.4,239,2.1
23/03/2022 10:00,13,14.6,4,3.4
23/03/2022 10:00,14,10.5,57,3.4
23/03/2022 10:00,15,9.3,127,2.6
23/03/2022 11:00,11,11.8,96,1.9
23/03/2022 11:00,12,13.7,7,2.9
23/03/2022 11:00,13,9.5,194,1.8
23/03/2022 11:00,14,12.6,109,1.9
23/03/2022 11:00,15,10.3,249,3.6
23/03/2022 12:00,11,11.2,33,3.5
23/03/2022 12:00,12,9.9,61,3.3
23/03/2022 12:00,13,13.7,55,4.1
23/03/2022 12:00,14,12,269,4.2
23/03/2022 12:00,15,13.9,95,4.4
23/03/2022 13:00,11,10.1,151,3.4
23/03/2022 13:00,12,11.8,162,2.7
23/03/2022 13:00,13,11.8,321,3.9
23/03/2022 13:00,14,13.4,309,3.7
23/03/2022 13:00,15,13.7,106,4.1
23/03/2022 14:00,11,13.9,194,2.2
23/03/2022 14:00,12,12.1,26,3.5
23/03/2022 14:00,13,12.5,258,4
23/03/2022 14:00,14,14.7,194,2.3
23/03/2022 14:00,15,9,1,4
23/03/2022 15:00,11,14,73,3
23/03/2022 15:00,12,11.6,290,3.8
23/03/2022 15:00,13,11.6,128,2
23/03/2022 15:00,14,13.3,54,4.4
23/03/2022 15:00,15,10.7,281,3.6
23/03/2022 16:00,11,9.2,305,4.5
23/03/2022 16:00,12,9.9,30,3.2
23/03/2022 16:00,13,14.8,311,4.1
23/03/2022 16:00,14,9.4,128,2.3
23/03/2022 16:00,15,10.6,187,2.9
23/03/2022 17:00,11,14.9,250,2.9
23/03/2022 17:00,12,12.6,233,2.1
23/03/2022 17:00,13,12.7,281,2.3
23/03/2022 17:00,14,9.9,299,2.5
23/03/2022 17:00,15,10.4,160,1.9
23/03/2022 18:00,11,11.3,270,3.6
23/03/2022 18:00,12,10.5,163,4.3
23/03/2022 18:00,13,11.9,246,4.3
23/03/2022 18:00,14,10,233,2.8
23/03/2022 18:00,15,10.4,355,3.3
23/03/2022 19:00,11,10.4,316,3.9
23/03/2022 19:00,12,10.9,96,1.8
23/03/2022 19:00,13,12.4,40,4.1
23/03/2022 19:00,14,10.5,169,2.4
23/03/2022 19:00,15,10.6,159,1.8
23/03/2022 20:00,11,10.5,209,3.1
23/03/2022 20:00,12,13.8,69,4
23/03/2022 20:00,13,10.6,201,4.1
23/03/2022 20:00,14,9.4,334,1.7
23/03/2022 20:00,15,9,356,2.7
23/03/2022 21:00,11,12.5,305,2.4
23/03/2022 21:00,12,12.1,37,4.2
23/03/2022 21:00,13,11.3,156,1.7
23/03/2022 21:00,14,12.3,327,1.6
23/03/2022 21:00,15,12.8,183,4.3
23/03/2022 22:00,11,13.8,47,4.4
23/03/2022 22:00,12,12.8,22,2.1
23/03/2022 22:00,13,14.6,49,3.6
23/03/2022 22:00,14,14.1,218,4.4
23/03/2022 22:00,15,10.5,96,4
23/03/2022 23:00,11,9.8,98,3
23/03/2022 23:00,12,10.8,264,2.9
23/03/2022 23:00,13,9.3,169,3.4
23/03/2022 23:00,14,10.9,212,4.5
23/03/2022 23:00,15,12.8,256,3.1
24/03/2022 00:00,11,12.9,101,2.8
24/03/2022 00:00,12,12.5,342,2.7
24/03/2022 00:00,13,13.7,308,1.7
24/03/2022 00:00,14,13.1,174,4.2
24/03/2022 00:00,15,14.5,297,1.8
24/03/2022 01:00,11,12.3,341,3.8
24/03/2022 01:00,12,9.5,132,4
24/03/2022 01:00,13,11.3,234,3.1
24/03/2022 01:00,14,11.8,338,2.2
24/03/2022 01:00,15,11.8,220,1.9
24/03/2022 02:00,11,14.7,294,3.7
24/03/2022 02:00,12,10.7,138,4.1
24/03/2022 02:00,13,9.1,150,2.5
24/03/2022 02:00,14,9.4,176,2.2
24/03/2022 02:00,15,14.1,94,3
24/03/2022 03:00,11,13.4,142,2.6
24/03/2022 03:00,12,9.3,200,4.4
24/03/2022 03:00,13,11.3,328,3.2
24/03/2022 03:00,14,9.4,48,4.1
24/03/2022 03:00,15,14,139,3.2
24/03/2022 04:00,11,10.7,243,4.1
24/03/2022 04:00,12,13.2,43,1.9
24/03/2022 04:00,13,11.8,72,2
24/03/2022 04:00,14,14.5,252,2.8
24/03/2022 04:00,15,11.3,90,2
24/03/2022 05:00,11,11.3,116,3.2
24/03/2022 05:00,12,14.8,54,3.7
24/03/2022 05:00,13,9.4,183,2.1
24/03/2022 05:00,14,12.9,141,4.1
24/03/2022 05:00,15,13,135,2.1
24/03/2022 06:00,11,14.1,252,2
24/03/2022 06:00,12,11,308,4
24/03/2022 06:00,13,13.5,65,2.7
24/03/2022 06:00,14,14.9,348,1.7
24/03/2022 06:00,15,14,120,4.1
24/03/2022 07:00,11,9.9,286,3.3
24/03/2022 07:00,12,9.8,204,2.8
24/03/2022 07:00,13,12,167,3.1
24/03/2022 07:00,14,12.4,65,3.8
24/03/2022 07:00,15,13.4,64,4.4
24/03/2022 08:00,11,9.7,59,3.6
24/03/2022 08:00,12,12.6,347,3.8
24/03/2022 08:00,13,9.8,179,2.5
24/03/2022 08:00,14,14.1,133,1.9
24/03/2022 08:00,15,9.1,268,3
24/03/2022 09:00,11,12.5,263,2
24/03/2022 09:00,12,10,198,3.2
24/03/2022 09:00,13,9.3,135,1.7
24/03/2022 09:00,14,14.3,168,3.8
24/03/2022 09:00,15,9.2,292,1.9
24/03/2022 10:00,11,11.8,153,4.3
24/03/2022 10:00,12,9.2,296,1.7
24/03/2022 10:00,13,12.1,267,2.3
24/03/2022 10:00,14,10.1,235,2.1
24/03/2022 10:00,15,12.8,254,2.7
24/03/2022 11:00,11,12,58,1.8
24/03/2022 11:00,12,9.8,301,1.9
24/03/2022 11:00,13,14,138,1.8
24/03/2022 11:00,14,9.1,266,4.3
24/03/2022 11:00,15,9.1,291,2.2
24/03/2022 12:00,11,11.9,191,4.3
24/03/2022 12:00,12,9.5,288,3
24/03/2022 12:00,13,13.3,93,2.9
24/03/2022 12:00,14,10.9,152,3.6
24/03/2022 12:00,15,11.7,0,2.4
24/03/2022 13:00,11,12.9,68,2.3
24/03/2022 13:00,12,11.8,33,2.9
24/03/2022 13:00,13,10.5,159,3.8
24/03/2022 13:00,14,10.8,262,2.4
24/03/2022 13:00,15,11.5,44,2.2
24/03/2022 14:00,11,13.6,32,2.9
24/03/2022 14:00,12,14,320,3.8
24/03/2022 14:00,13,10,69,3.9
24/03/2022 14:00,14,11.1,222,4.4
24/03/2022 14:00,15,10.2,31,3.3
24/03/2022 15:00,11,14.5,27,4.2
24/03/2022 15:00,12,13.7,313,3.8
24/03/2022 15:00,13,12.3,227,1.6
24/03/2022 15:00,14,10.2,278,3.4
24/03/2022 15:00,15,10.9,170,2.1
24/03/2022 16:00,11,14.6,277,4.3
24/03/2022 16:00,12,15,167,3.7
24/03/2022 16:00,13,10.1,285,1.9
24/03/2022 16:00,14,13.1,214,3.7
24/03/2022 16:00,15,15,202,3.6
24/03/2022 17:00,11,12.9,83,2.7
24/03/2022 17:00,12,12.2,242,3.1
24/03/2022 17:00,13,9.2,277,3.8
24/03/2022 17:00,14,10.8,250,4
24/03/2022 17:00,15,9.6,299,3.8
24/03/2022 18:00,11,14,313,1.8
24/03/2022 18:00,12,12.8,205,2.6
24/03/2022 18:00,13,9.8,261,4
24/03/2022 18:00,14,12,214,2.2
24/03/2022 18:00,15,11.6,108,4
24/03/2022 19:00,11,10.1,216,4
24/03/2022 19:00,12,12,276,3.1
24/03/2022 19:00,13,13.9,316,2.8
24/03/2022 19:00,14,14.2,176,3.5
24/03/2022 19:00,15,13.2,318,3.6
24/03/2022 20:00,11,14,207,3.3
24/03/2022 20:00,12,11.1,247,3
24/03/2022 20:00,13,11,327,1.8
24/03/2022 20:00,14,13.5,280,4.2
24/03/2022 20:00,15,14.5,226,4.4
24/03/2022 21:00,11,13.1,58,2.6
24/03/2022 21:00,12,12.9,128,4.4
24/03/2022 21:00,13,10.4,145,3.4
24/03/2022 21:00,14,11.6,247,4.1
24/03/2022 21:00,15,14.8,251,2
24/03/2022 22:00,11,11.1,167,2.9
24/03/2022 22:00,12,13.3,127,1.6
24/03/2022 22:00,13,12.6,264,3.5
24/03/2022 22:00,14,14.2,168,1.9
24/03/2022 22:00,15,9.5,61,2.8
24/03/2022 23:00,11,9.4,322,3.2
24/03/2022 23:00,12,9.5,274,2.9
24/03/2022 23:00,13,13,331,1.8
24/03/2022 23:00,14,9.2,302,4
24/03/2022 23:00,15,9.6,336,4.4
25/03/2022 00:00,11,10.7,357,2.2
25/03/2022 00:00,12,12.4,150,4.4
25/03/2022 00:00,13,10.1,139,2.8
25/03/2022 00:00,14,13.9,179,3
25/03/2022 00:00,15,13.6,112,2.9
25/03/2022 01:00,11,14.4,41,3.3
25/03/2022 01:00,12,9.5,206,3
25/03/2022 01:00,13,14.3,207,3.1
25/03/2022 01:00,14,13.6,241,2.2
25/03/2022 01:00,15,11.5,352,3
25/03/2022 02:00,11,10.6,298,1.6
25/03/2022 02:00,12,11.3,272,4.3
25/03/2022 02:00,13,14,198,2.1
25/03/2022 02:00,14,14.3,160,2
25/03/2022 02:00,15,12.8,245,1.7
25/03/2022 03:00,11,11,121,1.5
25/03/2022 03:00,12,13.1,128,3.7
25/03/2022 03:00,13,14.7,124,3.1
25/03/2022 03:00,14,13,222,1.9
25/03/2022 03:00,15,12.1,89,3.4
25/03/2022 04:00,11,10.8,216,4.1
25/03/2022 04:00,12,12.2,287,3
25/03/2022 04:00,13,11.2,213,2.6
25/03/2022 04:00,14,11.5,313,3.6
25/03/2022 04:00,15,12.2,47,4.4
25/03/2022 05:00,11,12.8,274,1.5
25/03/2022 05:00,12,13.8,53,4.3
25/03/2022 05:00,13,12.6,343,3.7
25/03/2022 05:00,14,12.7,33,2.2
25/03/2022 05:00,15,11.9,31,2
25/03/2022 06:00,11,14.9,21,1.5
25/03/2022 06:00,12,10.2,149,4.5
25/03/2022 06:00,13,12.5,193,1.8
25/03/2022 06:00,14,10.4,150,3.8
25/03/2022 06:00,15,14.7,313,3.1
25/03/2022 07:00,11,9.5,148,3.7
25/03/2022 07:00,12,13.4,318,3.9
25/03/2022 07:00,13,14.3,133,3
25/03/2022 07:00,14,11.3,119,1.7
25/03/2022 07:00,15,13.2,158,4.1
25/03/2022 08:00,11,14.3,272,1.7
25/03/2022 08:00,12,11.2,139,3.4
25/03/2022 08:00,13,11.8,205,3.4
25/03/2022 08:00,14,12.5,217,4.1
25/03/2022 08:00,15,13.7,44,1.6
25/03/2022 09:00,11,11.2,131,3.3
25/03/2022 09:00,12,12.1,257,3
25/03/2022 09:00,13,14.1,111,4.4
25/03/2022 09:00,14,12.5,255,2
25/03/2022 09:00,15,13,77,3.6
25/03/2022 10:00,11,10.6,119,4.1
25/03/2022 10:00,12,15,271,2.8
25/03/2022 10:00,13,13,271,1.5
25/03/2022 10:00,14,11.8,106,3.9
25/03/2022 10:00,15,14.9,236,2.8
25/03/2022 11:00,11,12,191,2.7
25/03/2022 11:00,12,12.4,127,1.7
25/03/2022 11:00,13,12,312,2.7
25/03/2022 11:00,14,10.1,359,1.9
25/03/2022 11:00,15,14.9,329,4.1
25/03/2022 12:00,11,12.9,201,3.9
25/03/2022 12:00,12,9.8,308,4.5
25/03/2022 12:00,13,10.8,331,4.3
25/03/2022 12:00,14,11.9,306,2.5
25/03/2022 12:00,15,12.8,143,2.7
25/03/2022 13:00,11,11.7,202,2.4
25/03/2022 13:00,12,12.8,211,2.7
25/03/2022 13:00,13,10.7,192,3.3
25/03/2022 13:00,14,10,203,4.3
25/03/2022 13:00,15,14.4,3,4.4
25/03/2022 14:00,11,14.1,254,2.8
25/03/2022 14:00,12,10.1,352,3.2
25/03/2022 14:00,13,11.4,277,2.9
25/03/2022 14:00,14,13.5,100,2.5
25/03/2022 14:00,15,14.8,94,4.2
25/03/2022 15:00,11,9.7,63,2.9
25/03/2022 15:00,12,13.3,19,1.9
25/03/2022 15:00,13,14.7,356,2.6
25/03/2022 15:00,14,10.2,254,2.2
25/03/2022 15:00,15,10.4,221,2.5
25/03/2022 16:00,11,10.2,348,1.6
25/03/2022 16:00,12,10.2,284,1.9
25/03/2022 16:00,13,12.6,199,2.8
25/03/2022 16:00,14,12.9,288,4.1
25/03/2022 16:00,15,9.5,244,4
25/03/2022 17:00,11,11.7,96,1.6
25/03/2022 17:00,12,10.3,40,1.8
25/03/2022 17:00,13,11.6,48,1.6
25/03/2022 17:00,14,11.9,277,4.3
25/03/2022 17:00,15,12.5,241,4.4
25/03/2022 18:00,11,14.7,180,1.8
25/03/2022 18:00,12,12.2,119,4.5
25/03/2022 18:00,13,12.5,290,2.8
25/03/2022 18:00,14,13.5,288,2.5
25/03/2022 18:00,15,9.1,151,3.3
25/03/2022 19:00,11,10.7,88,4.2
25/03/2022 19:00,12,11.7,109,4.3
25/03/2022 19:00,13,12.5,17,4.1
25/03/2022 19:00,14,12.7,94,4.4
25/03/2022 19:00,15,14.4,279,4.4
25/03/2022 20:00,11,13.6,47,3.6
25/03/2022 20:00,12,11.1,142,2.4
25/03/2022 20:00,13,9.1,317,2.7
25/03/2022 20:00,14,14.4,63,2
25/03/2022 20:00,15,14.2,237,2.3
25/03/2022 21:00,11,10,273,3.5
25/03/2022 21:00,12,14.1,184,2.1
25/03/2022 21:00,13,12.4,245,3.6
25/03/2022 21:00,14,14.2,131,2.7
25/03/2022 21:00,15,13.1,204,2.1
25/03/2022 22:00,11,13.4,49,2.5
25/03/2022 22:00,12,13.2,251,1.8
25/03/2022 22:00,13,9.2,14,3.7
25/03/2022 22:00,14,14.1,298,1.5
25/03/2022 22:00,15,14.1,247,3.6
25/03/2022 23:00,11,12.1,214,3.8
25/03/2022 23:00,12,9.8,227,4.4
25/03/2022 23:00,13,13.7,351,2
25/03/2022 23:00,14,9.9,106,4.4
25/03/2022 23:00,15,13.6,203,2.5
26/03/2022 00:00,11,12.2,318,3.9
26/03/2022 00:00,12,13.3,59,2.5
26/03/2022 00:00,13,11,218,1.6
26/03/2022 00:00,14,9.2,118,3
26/03/2022 00:00,15,10.2,257,4.2
26/03/2022 01:00,11,14.6,269,3.6
26/03/2022 01:00,12,11.8,228,2.7
26/03/2022 01:00,13,14.2,259,2.8
26/03/2022 01:00,14,14.3,111,2.7
26/03/2022 01:00,15,11.1,211,2.3
26/03/2022 02:00,11,11.3,322,2.6
26/03/2022 02:00,12,13.2,109,3.3
26/03/2022 02:00,13,9.9,148,4.1
26/03/2022 02:00,14,11.5,246,4.3
26/03/2022 02:00,15,10.5,32,4.5
26/03/2022 03:00,11,13.7,2,4
26/03/2022 03:00,12,11.4,26,3.4
26/03/2022 03:00,13,10.1,220,3.2
26/03/2022 03:00,14,9.6,58,3.4
26/03/2022 03:00,15,14.7,202,2.7
26/03/2022 04:00,11,14.8,164,4.4
26/03/2022 04:00,12,11.3,259,1.7
26/03/2022 04:00,13,12.3,338,2.2
26/03/2022 04:00,14,13.2,112,3.8
26/03/2022 04:00,15,10.8,235,2.1
26/03/2022 05:00,11,12,112,1.9
26/03/2022 05:00,12,12.6,157,2.8
26/03/2022 05:00,13,9.8,279,1.8
26/03/2022 05:00,14,9.2,111,3.2
26/03/2022 05:00,15,11.5,95,3.5
26/03/2022 06:00,11,10.2,154,3.3
26/03/2022 06:00,12,11.1,1,3.6
26/03/2022 06:00,13,12.2,357,2.4
26/03/2022 06:00,14,12.2,267,3
26/03/2022 06:00,15,14,253,3.3
26/03/2022 07:00,11,12.4,274,1.6
26/03/2022 07:00,12,12.7,74,3.1
26/03/2022 07:00,13,12.4,244,3.1
26/03/2022 07:00,14,13.7,359,3.1
26/03/2022 07:00,15,13,243,3.3
26/03/2022 08:00,11,12.8,42,2.6
26/03/2022 08:00,12,9.8,127,4.4
26/03/2022 08:00,13,11.9,267,3.3
26/03/2022 08:00,14,9.1,2,2.2
26/03/2022 08:00,15,12.9,51,4.1
26/03/2022 09:00,11,14,112,4.5
26/03/2022 09:00,12,14.3,347,2.3
26/03/2022 09:00,13,14.4,243,4.4
26/03/2022 09:00,14,12,221,4.1
26/03/2022 09:00,15,9.5,312,1.8
26/03/2022 10:00,11,10.2,236,4.2
26/03/2022 10:00,12,10.1,276,4.4
26/03/2022 10:00,13,10.7,82,2.7
26/03/2022 10:00,14,10.7,110,2.1
26/03/2022 10:00,15,9.3,127,4.5
26/03/2022 11:00,11,10.7,329,1.8
26/03/2022 11:00,12,12.1,35,2.3
26/03/2022 11:00,13,9.5,141,3.5
26/03/2022 11:00,14,13.4,355,2.1
26/03/2022 11:00,15,10.6,168,1.7
26/03/2022 12:00,11,13.8,228,4.4
26/03/2022 12:00,12,12.9,268,3.5
26/03/2022 12:00,13,9.7,307,2.4
26/03/2022 12:00,14,11.8,252,2.6
26/03/2022 12:00,15,14.5,294,2.1
26/03/2022 13:00,11,14.6,348,1.9
26/03/2022 13:00,12,9.6,197,4.1
26/03/2022 13:00,13,13.9,241,4
26/03/2022 13:00,14,10.1,250,3.9
26/03/2022 13:00,15,13.6,192,3.2
26/03/2022 14:00,11,13,21,3.5
26/03/2022 14:00,12,10,9,4.5
26/03/2022 14:00,13,10.9,248,2
26/03/2022 14:00,14,13.7,74,2.8
26/03/2022 14:00,15,9.8,99,1.7
26/03/2022 15:00,11,9,83,3.6
26/03/2022 15:00,12,10.3,353,2
26/03/2022 15:00,13,12,200,2.9
26/03/2022 15:00,14,14.8,43,3.5
26/03/2022 15:00,15,13.7,228,4.1
26/03/2022 16:00,11,14.4,135,4.5
26/03/2022 16:00,12,10.2,315,3.4
26/03/2022 16:00,13,13.9,32,2
26/03/2022 16:00,14,9.2,174,3.5
26/03/2022 16:00,15,12.7,66,1.9
26/03/2022 17:00,11,11.3,108,3.8
26/03/2022 17:00,12,10.9,281,2.4
26/03/2022 17:00,13,13.9,133,3.4
26/03/2022 17:00,14,14.6,165,1.7
26/03/2022 17:00,15,11.4,58,2.2
26/03/2022 18:00,11,12.1,288,4.5
26/03/2022 18:00,12,11.2,347,1.6
26/03/2022 18:00,13,11,117,3.6
26/03/2022 18:00,14,12,323,1.9
26/03/2022 18:00,15,11.7,262,2.7
26/03/2022 19:00,11,14.6,188,3.5
26/03/2022 19:00,12,12.1,253,2.7
26/03/2022 19:00,13,9.1,48,3.7
26/03/2022 19:00,14,14.6,213,2.2
26/03/2022 19:00,15,14.7,130,4
26/03/2022 20:00,11,13.7,221,2.2
26/03/2022 20:00,12,13.4,121,2.8
26/03/2022 20:00,13,13.9,118,4
26/03/2022 20:00,14,9.2,302,3.9
26/03/2022 20:00,15,12.3,34,4.4
26/03/2022 21:00,11,10.7,43,3.2
26/03/2022 21:00,12,14.2,270,3.3
26/03/2022 21:00,13,13.5,125,3.2
26/03/2022 21:00,14,12.9,233,2.5
26/03/2022 21:00,15,14,249,3.8
26/03/2022 22:00,11,12.6,232,2.6
26/03/2022 22:00,12,11.2,220,4
26/03/2022 22:00,13,13.5,288,2
26/03/2022 22:00,14,12,14,2.4
26/03/2022 22:00,15,11.8,44,4
26/03/2022 23:00,11,11.8,285,4.4
26/03/2022 23:00,12,13.7,206,1.7
26/03/2022 23:00,13,9.3,173,2.3
26/03/2022 23:00,14,13.4,260,4.4
26/03/2022 23:00,15,14.9,61,3.3
27/03/2022 00:00,11,14.7,240,3.4
27/03/2022 00:00,12,9.1,273,1.5
27/03/2022 00:00,13,11.6,214,1.5
27/03/2022 00:00,14,14.6,333,3
27/03/2022 00:00,15,12.9,277,3
27/03/2022 01:00,11,12.9,332,3.7
27/03/2022 01:00,12,13.5,4,1.6
27/03/2022 01:00,13,10,347,2.5
27/03/2022 01:00,14,10.1,352,3.3
27/03/2022 01:00,15,10.7,220,2.8
27/03/2022 02:00,11,10.5,331,2.4
27/03/2022 02:00,12,11.2,197,1.5
27/03/2022 02:00,13,9.2,261,3.7
27/03/2022 02:00,14,9.4,73,3.1
27/03/2022 02:00,15,9.5,270,3.1
27/03/2022 03:00,11,13,248,1.6
27/03/2022 03:00,12,11.8,264,3.8
27/03/2022 03:00,13,12.7,356,3.3
27/03/2022 03:00,14,14,62,2.1
27/03/2022 03:00,15,10.5,307,3.7
27/03/2022 04:00,11,10.1,84,4.1
27/03/2022 04:00,12,11.4,22,3
27/03/2022 04:00,13,12.5,270,2.1
27/03/2022 04:00,14,12.8,147,2.5
27/03/2022 04:00,15,12.5,265,3.1
27/03/2022 05:00,11,14.7,335,2.3
27/03/2022 05:00,12,14.5,244,2.5
27/03/2022 05:00,13,11.5,287,4.5
27/03/2022 05:00,14,12.7,243,3
27/03/2022 05:00,15,12.6,157,3.5
27/03/2022 06:00,11,9.4,232,3.6
27/03/2022 06:00,12,10.4,226,3.1
27/03/2022 06:00,13,11,67,2.3
27/03/2022 06:00,14,11,212,3.1
27/03/2022 06:00,15,13.4,310,2.2
27/03/2022 07:00,11,11.2,43,1.8
27/03/2022 07:00,12,13.5,115,3.7
27/03/2022 07:00,13,10.5,320,2.2
27/03/2022 07:00,14,12.8,101,4
27/03/2022 07:00,15,13.4,254,3.1
27/03/2022 08:00,11,14.9,45,2.9
27/03/2022 08:00,12,9.5,284,4.3
27/03/2022 08:00,13,12.5,45,2.1
27/03/2022 08:00,14,12,282,3.7
27/03/2022 08:00,15,12.6,81,3.5
27/03/2022 09:00,11,11,352,3.4
27/03/2022 09:00,12,13.7,224,3.7
27/03/2022 09:00,13,13.4,216,3.3
27/03/2022 09:00,14,10.5,303,2.7
27/03/2022 09:00,15,14.2,283,4.4
27/03/2022 10:00,11,13.8,122,1.9
27/03/2022 10:00,12,9.6,127,3
27/03/2022 10:00,13,13.4,29,3.5
27/03/2022 10:00,14,14.9,25,2.7
27/03/2022 10:00,15,12.7,69,1.7
27/03/2022 11:00,11,13.2,82,1.7
27/03/2022 11:00,12,13.8,133,2.3
27/03/2022 11:00,13,14.4,326,4.4
27/03/2022 11:00,14,11.3,144,3.6
27/03/2022 11:00,15,10.3,137,2.8
27/03/2022 12:00,11,11.1,183,2.9
27/03/2022 12:00,12,10.8,185,3.4
27/03/2022 12:00,13,13.1,176,1.8
27/03/2022 12:00,14,14.4,189,2
27/03/2022 12:00,15,11.7,228,4.5
27/03/2022 13:00,11,15,227,1.7
27/03/2022 13:00,12,13.1,152,2.2
27/03/2022 13:00,13,14.3,311,2.6
27/03/2022 13:00,14,13.8,355,2.7
27/03/2022 13:00,15,13.9,144,2.6
27/03/2022 14:00,11,11.8,192,4.1
27/03/2022 14:00,12,11.2,155,2
27/03/2022 14:00,13,9.7,290,3.7
27/03/2022 14:00,14,12.3,101,1.6
27/03/2022 14:00,15,13.5,40,2.2
27/03/2022 15:00,11,11,357,3.2
27/03/2022 15:00,12,11.4,153,4.2
27/03/2022 15:00,13,11,357,3.8
27/03/2022 15:00,14,9.4,357,3.5
27/03/2022 15:00,15,10.7,142,3.8
27/03/2022 16:00,11,9.6,35,4.3
27/03/2022 16:00,12,14.6,297,4.1
27/03/2022 16:00,13,11.5,171,2.4
27/03/2022 16:00,14,10.9,56,2.7
27/03/2022 16:00,15,13.7,85,2.9
27/03/2022 17:00,11,12.1,188,3.8
27/03/2022 17:00,12,11.9,275,3.6
27/03/2022 17:00,13,9.5,49,3.9
27/03/2022 17:00,14,9.6,32,3
27/03/2022 17:00,15,14.1,322,3.1
27/03/2022 18:00,11,12.1,355,1.9
27/03/2022 18:00,12,13.2,21,1.9
27/03/2022 18:00,13,11.4,318,2.7
27/03/2022 18:00,14,10.4,96,2.5
27/03/2022 18:00,15,10.2,289,1.7
27/03/2022 19:00,11,10.9,356,3.3
27/03/2022 19:00,12,14.1,106,2.3
27/03/2022 19:00,13,15,1,2.3
27/03/2022 19:00,14,12.8,286,2.8
27/03/2022 19:00,15,13.2,7,2.2
27/03/2022 20:00,11,11.6,26,1.8
27/03/2022 20:00,12,13,224,2.9
27/03/2022 20:00,13,13.3,42,3.4
27/03/2022 20:00,14,11.2,282,3.3
27/03/2022 20:00,15,11.4,189,3.3
27/03/2022 21:00,11,11,5,4.3
27/03/2022 21:00,12,9.2,127,1.9
27/03/2022 21:00,13,10,138,4.4
27/03/2022 21:00,14,10.5,6,2.6
27/03/2022 21:00,15,11.5,79,3.1
27/03/2022 22:00,11,9.8,75,4.3
27/03/2022 22:00,12,9.5,130,3.3
27/03/2022 22:00,13,11,228,1.6
27/03/2022 22:00,14,10.2,7,3.9
27/03/2022 22:00,15,11.1,325,1.6
27/03/2022 23:00,11,10.4,34,2.3
27/03/2022 23:00,12,12.4,54,2.8
27/03/2022 23:00,13,10.5,70,3.3
27/03/2022 23:00,14,12.1,304,3.8
27/03/2022 23:00,15,12.5,183,3.9
28/03/2022 00:00,11,11.1,358,4.4
28/03/2022 00:00,12,11.5,109,2.9
28/03/2022 00:00,13,13.8,43,3.7
28/03/2022 00:00,14,14,197,3.5
28/03/2022 00:00,15,10.9,97,3.2
28/03/2022 01:00,11,14.1,200,2.6
28/03/2022 01:00,12,10.5,33,2.6
28/03/2022 01:00,13,12.3,355,3.4
28/03/2022 01:00,14,9.3,181,2.3
28/03/2022 01:00,15,13.6,50,1.7
28/03/2022 02:00,11,9.2,146,2
28/03/2022 02:00,12,11,133,1.7
28/03/2022 02:00,13,10.8,105,2.5
28/03/2022 02:00,14,10.5,123,1.6
28/03/2022 02:00,15,14.1,188,1.8
28/03/2022 03:00,11,13.1,347,2.6
28/03/2022 03:00,12,12.5,36,4.3
28/03/2022 03:00,13,14.2,101,2.4
28/03/2022 03:00,14,10.7,105,2.3
28/03/2022 03:00,15,11.9,219,2.8
28/03/2022 04:00,11,12.7,185,3.6
28/03/2022 04:00,12,9.5,186,3.3
28/03/2022 04:00,13,13,296,2.8
28/03/2022 04:00,14,9.8,128,2.5
28/03/2022 04:00,15,9.3,321,3.3
28/03/2022 05:00,11,10.9,187,3.5
28/03/2022 05:00,12,9.1,331,4.4
28/03/2022 05:00,13,14.7,150,2.4
28/03/2022 05:00,14,14.1,264,2.7
28/03/2022 05:00,15,14.2,210,3.4
28/03/2022 06:00,11,12,110,1.6
28/03/2022 06:00,12,12.5,34,4
28/03/2022 06:00,13,9.4,278,3.6
28/03/2022 06:00,14,10.8,125,4
28/03/2022 06:00,15,12.8,103,4.2
28/03/2022 07:00,11,13.1,69,2.7
28/03/2022 07:00,12,9.7,19,2.5
28/03/2022 07:00,13,11.5,232,1.6
28/03/2022 07:00,14,14,339,1.5
28/03/2022 07:00,15,11.9,279,3.7
28/03/2022 08:00,11,14.6,101,3.1
28/03/2022 08:00,12,14.9,131,2
28/03/2022 08:00,13,13.9,215,4.3
28/03/2022 08:00,14,10.7,310,2.8
28/03/2022 08:00,15,11.8,260,3.7
28/03/2022 09:00,11,11.9,311,2.1
28/03/2022 09:00,12,14.5,92,3.8
28/03/2022 09:00,13,14.4,205,2.5
28/03/2022 09:00,14,10.5,115,3.8
28/03/2022 09:00,15,14.7,7,3.8
28/03/2022 10:00,11,14.5,329,3.1
28/03/2022 10:00,12,12.7,170,3.5
28/03/2022 10:00,13,13.1,125,4
28/03/2022 10:00,14,12.5,189,3.1
28/03/2022 10:00,15,9.2,342,4.3
28/03/2022 11:00,11,10.8,287,4.1
28/03/2022 11:00,12,11.3,186,3.2
28/03/2022 11:00,13,11.1,310,4
28/03/2022 11:00,14,12.5,49,2.2
28/03/2022 11:00,15,11.2,248,4
28/03/2022 12:00,11,10.3,326,4.4
28/03/2022 12:00,12,13.8,140,2.1
28/03/2022 12:00,13,10.2,68,1.6
28/03/2022 12:00,14,11,71,1.5
28/03/2022 12:00,15,12.1,226,2.7
28/03/2022 13:00,11,12.3,357,3.6
28/03/2022 13:00,12,11.4,34,2
28/03/2022 13:00,13,11.1,194,3.4
28/03/2022 13:00,14,14.4,109,4
28/03/2022 13:00,15,12.5,16,1.8
28/03/2022 14:00,11,11,346,3.4
28/03/2022 14:00,12,13.5,322,3.3
28/03/2022 14:00,13,11.7,264,3.4
28/03/2022 14:00,14,13.8,220,4
28/03/2022 14:00,15,12.5,176,3.2
28/03/2022 15:00,11,11.1,43,3.4
28/03/2022 15:00,12,12.3,300,3.7
28/03/2022 15:00,13,11.3,124,2
28/03/2022 15:00,14,9.2,249,3.1
28/03/2022 15:00,15,14.1,323,2.7
28/03/2022 16:00,11,13.7,67,2.4
28/03/2022 16:00,12,10.7,340,2.5
28/03/2022 16:00,13,10,354,1.8
28/03/2022 16:00,14,14.7,353,3.2
28/03/2022 16:00,15,11.6,173,1.8
28/03/2022 17:00,11,12.2,328,2.9
28/03/2022 17:00,12,12.9,213,2.4
28/03/2022 17:00,13,10.4,73,1.9
28/03/2022 17:00,14,13.8,73,2.8
28/03/2022 17:00,15,11.6,60,2.3
28/03/2022 18:00,11,13.5,232,1.6
28/03/2022 18:00,12,10.5,59,3.7
28/03/2022 18:00,13,9.1,357,3.6
28/03/2022 18:00,14,14.3,328,3.8
28/03/2022 18:00,15,12.9,49,4.3
28/03/2022 19:00,11,10.1,317,3.8
28/03/2022 19:00,12,13.8,64,3.5
28/03/2022 19:00,13,10.4,21,4.4
28/03/2022 19:00,14,10.8,359,4
28/03/2022 19:00,15,9.4,356,3.1
28/03/2022 20:00,11,14.8,355,3.1
28/03/2022 20:00,12,12.4,11,2.2
28/03/2022 20:00,13,12.1,278,2.8
28/03/2022 20:00,14,10.1,218,3
28/03/2022 20:00,15,12.2,347,3.8
28/03/2022 21:00,11,10,262,3.4
28/03/2022 21:00,12,13.6,243,2.4
28/03/2022 21:00,13,12.9,61,2.8
28/03/2022 21:00,14,10,341,4.2
28/03/2022 21:00,15,10,156,2
28/03/2022 22:00,11,13,221,2
28/03/2022 22:00,12,11.9,14,3.6
28/03/2022 22:00,13,11.6,345,4
28/03/2022 22:00,14,12.6,352,3.1
28/03/2022 22:00,15,12.5,59,4.3
28/03/2022 23:00,11,14.2,162,3.1
28/03/2022 23:00,12,12.5,306,3.3
28/03/2022 23:00,13,9.4,171,1.8
28/03/2022 23:00,14,13.4,259,1.6
28/03/2022 23:00,15,11.9,286,2.9
29/03/2022 00:00,11,11.6,99,1.5
29/03/2022 00:00,12,9.7,16,4.3
29/03/2022 00:00,13,11.8,310,1.7
29/03/2022 00:00,14,9.3,293,2.4
29/03/2022 00:00,15,12.4,282,3.2
29/03/2022 01:00,11,14.3,344,2.7
29/03/2022 01:00,12,12.9,283,4.2
29/03/2022 01:00,13,13.4,256,3.2
29/03/2022 01:00,14,9.6,55,2.3
29/03/2022 01:00,15,13.9,222,4.5
29/03/2022 02:00,11,13.9,230,4.2
29/03/2022 02:00,12,14.1,60,4.3
29/03/2022 02:00,13,9.2,140,2.4
29/03/2022 02:00,14,14,218,2.4
29/03/2022 02:00,15,14.4,287,1.6
29/03/2022 03:00,11,9.4,113,2.1
29/03/2022 03:00,12,10.1,46,1.7
29/03/2022 03:00,13,14.5,212,2.4
29/03/2022 03:00,14,10.3,302,2.6
29/03/2022 03:00,15,13.8,63,3.2
29/03/2022 04:00,11,9.5,182,2.1
29/03/2022 04:00,12,11.3,313,3.2
29/03/2022 04:00,13,11.1,194,3.1
29/03/2022 04:00,14,10.6,123,3.6
29/03/2022 04:00,15,13.9,99,3.9
29/03/2022 05:00,11,13.6,47,1.8
29/03/2022 05:00,12,10.6,180,2
29/03/2022 05:00,13,14.1,22,1.9
29/03/2022 05:00,14,10.3,84,2.1
29/03/2022 05:00,15,12.9,127,3.9
29/03/2022 06:00,11,11.7,162,2.7
29/03/2022 06:00,12,9.4,246,4.2
29/03/2022 06:00,13,11.2,33,1.7
29/03/2022 06:00,14,10.9,159,2.8
29/03/2022 06:00,15,13.7,38,3
29/03/2022 07:00,11,10.3,198,1.9
29/03/2022 07:00,12,12.4,134,3.4
29/03/2022 07:00,13,9.8,171,1.7
29/03/2022 07:00,14,11.2,225,2.7
29/03/2022 07:00,15,14.8,283,4.2
29/03/2022 08:00,11,13.8,269,2
29/03/2022 08:00,12,13.9,46,2.3
29/03/2022 08:00,13,13.5,102,3.6
29/03/2022 08:00,14,10.8,61,1.9
29/03/2022 08:00,15,12.9,301,4.1
29/03/2022 09:00,11,10,117,3.7
29/03/2022 09:00,12,13.1,199,3.8
29/03/2022 09:00,13,13.2,141,2.5
29/03/2022 09:00,14,10.3,235,2.8
29/03/2022 09:00,15,9.1,186,3.5
29/03/2022 10:00,11,12.7,23,2.6
29/03/2022 10:00,12,13.1,146,2.6
29/03/2022 10:00,13,12.9,3,3.2
29/03/2022 10:00,14,10.3,81,3.5
29/03/2022 10:00,15,13.2,130,2.7
29/03/2022 11:00,11,11.3,210,2.9
29/03/2022 11:00,12,10.3,284,4.2
29/03/2022 11:00,13,14.5,91,2.7
29/03/2022 11:00,14,9.3,134,1.8
29/03/2022 11:00,15,9.9,143,2.1
29/03/2022 12:00,11,12.9,353,2.9
29/03/2022 12:00,12,13.1,222,2
29/03/2022 12:00,13,13.4,80,2.1
29/03/2022 12:00,14,10,314,1.7
29/03/2022 12:00,15,11,45,4.1
29/03/2022 13:00,11,9.5,4,2.1
29/03/2022 13:00,12,12.3,183,2.6
29/03/2022 13:00,13,12.1,246,2.1
29/03/2022 13:00,14,11.3,105,4.2
29/03/2022 13:00,15,14.2,59,3.4
29/03/2022 14:00,11,12.8,33,3.7
29/03/2022 14:00,12,13.8,155,4.2
29/03/2022 14:00,13,12.3,263,2
29/03/2022 14:00,14,10.9,312,1.9
29/03/2022 14:00,15,12,204,4.2
29/03/2022 15:00,11,13.4,196,4
29/03/2022 15:00,12,9.9,83,3.7
29/03/2022 15:00,13,12.8,176,1.8
29/03/2022 15:00,14,12.5,270,4.3
29/03/2022 15:00,15,14.4,289,2.4
29/03/2022 16:00,11,13.4,44,1.7
29/03/2022 16:00,12,10.6,294,3.2
29/03/2022 16:00,13,14.9,69,4.2
29/03/2022 16:00,14,11.5,170,3.2
29/03/2022 16:00,15,12.1,314,3.7
29/03/2022 17:00,11,11.3,69,4.1
29/03/2022 17:00,12,12,152,2.2
29/03/2022 17:00,13,12.8,130,4.4
29/03/2022 17:00,14,13.7,194,2.6
29/03/2022 17:00,15,9.4,333,2.7
29/03/2022 18:00,11,14.1,20,4.4
29/03/2022 18:00,12,10.3,279,3.1
29/03/2022 18:00,13,9.9,11,4.1
29/03/2022 18:00,14,14.5,331,4.2
29/03/2022 18:00,15,11.4,160,4.3
29/03/2022 19:00,11,14.3,232,1.8
29/03/2022 19:00,12,11.3,128,2.4
29/03/2022 19:00,13,14.5,280,3.7
29/03/2022 19:00,14,14,302,4.5
29/03/2022 19:00,15,14.1,234,2.7
29/03/2022 20:00,11,11.1,117,3.2
29/03/2022 20:00,12,12.9,210,2.7
29/03/2022 20:00,13,13.4,91,4.5
29/03/2022 20:00,14,11.6,11,3.3
29/03/2022 20:00,15,12.5,7,1.7
29/03/2022 21:00,11,10.9,268,1.7
29/03/2022 21:00,12,13.2,153,2.7
29/03/2022 21:00,13,10.6,296,2.6
29/03/2022 21:00,14,12.1,222,3.2
29/03/2022 21:00,15,11.6,233,3.2
29/03/2022 22:00,11,11.6,65,2.1
29/03/2022 22:00,12,12.9,243,4
29/03/2022 22:00,13,10.8,27,2.5
29/03/2022 22:00,14,13.4,83,3.6
29/03/2022 22:00,15,10.8,228,2.5
29/03/2022 23:00,11,14.6,28,4.2
29/03/2022 23:00,12,10.8,169,3.6
29/03/2022 23:00,13,9.1,240,3.2
29/03/2022 23:00,14,11.8,115,1.6
29/03/2022 23:00,15,10.8,256,2.2
30/03/2022 00:00,11,12.9,159,4.2
30/03/2022 00:00,12,11.3,349,2.3
30/03/2022 00:00,13,14.9,2,3.2
30/03/2022 00:00,14,10.8,227,2.4
30/03/2022 00:00,15,10.7,38,3.9
30/03/2022 01:00,11,11.1,303,2.1
30/03/2022 01:00,12,10.6,4,4.5
30/03/2022 01:00,13,9.9,118,4.4
30/03/2022 01:00,14,12.5,43,1.6
30/03/2022 01:00,15,14.7,145,3.4
30/03/2022 02:00,11,15,294,4.1
30/03/2022 02:00,12,13.5,144,2.4
30/03/2022 02:00,13,12.5,174,2.1
30/03/2022 02:00,14,13.7,102,3
30/03/2022 02:00,15,12.4,11,1.9
30/03/2022 03:00,11,12.7,168,2.9
30/03/2022 03:00,12,13.8,170,3.8
30/03/2022 03:00,13,10.2,106,2.4
30/03/2022 03:00,14,11.9,194,4.3
30/03/2022 03:00,15,13.2,314,1.6
30/03/2022 04:00,11,14.3,71,4.1
30/03/2022 04:00,12,10.1,285,3.6
30/03/2022 04:00,13,14.4,326,2.7
30/03/2022 04:00,14,9.3,110,2.1
30/03/2022 04:00,15,15,71,1.8
30/03/2022 05:00,11,11.7,52,3.6
30/03/2022 05:00,12,12.4,356,3.1
30/03/2022 05:00,13,9,66,2.3
30/03/2022 05:00,14,11.9,337,4.2
30/03/2022 05:00,15,10.2,297,2.2
30/03/2022 06:00,11,10,123,4
30/03/2022 06:00,12,10,161,2.9
30/03/2022 06:00,13,12.9,76,1.7
30/03/2022 06:00,14,12.5,22,3.3
30/03/2022 06:00,15,12.4,271,1.8
30/03/2022 07:00,11,9.5,292,2.1
30/03/2022 07:00,12,13.9,125,3.6
30/03/2022 07:00,13,10.4,54,4
30/03/2022 07:00,14,9,302,2.6
30/03/2022 07:00,15,14.8,67,2.3
30/03/2022 08:00,11,9.5,344,3.1
30/03/2022 08:00,12,12.8,199,3.5
30/03/2022 08:00,13,10.5,257,4.3
30/03/2022 08:00,14,9.1,98,2.5
30/03/2022 08:00,15,14.2,253,2.6
30/03/2022 09:00,11,12,113,3.1
30/03/2022 09:00,12,13.7,243,2.3
30/03/2022 09:00,13,13,343,3.2
30/03/2022 09:00,14,10.3,82,2.7
30/03/2022 09:00,15,11.6,16,3.3
30/03/2022 10:00,11,10.5,212,1.8
30/03/2022 10:00,12,10.9,97,4.1
30/03/2022 10:00,13,13.9,264,1.8
30/03/2022 10:00,14,10.8,299,2.7
30/03/2022 10:00,15,11.4,12,3.9
30/03/2022 11:00,11,13.7,70,3.6
30/03/2022 11:00,12,13.2,341,1.8
30/03/2022 11:00,13,9.3,300,2.4
30/03/2022 11:00,14,14.8,21,3.8
30/03/2022 11:00,15,11.3,332,2.8
30/03/2022 12:00,11,13.8,211,1.8
30/03/2022 12:00,12,9.1,139,2.1
30/03/2022 12:00,13,13.7,56,4.5
30/03/2022 12:00,14,14.9,14,1.5
30/03/2022 12:00,15,12.2,303,1.7
30/03/2022 13:00,11,13.5,142,4.2
30/03/2022 13:00,12,13.2,191,3.8
30/03/2022 13:00,13,9.6,208,2.2
30/03/2022 13:00,14,14.8,268,1.6
30/03/2022 13:00,15,15,350,4.2
30/03/2022 14:00,11,10.3,341,3.3
30/03/2022 14:00,12,11.8,192,2.9
30/03/2022 14:00,13,11.9,341,3.1
30/03/2022 14:00,14,13.5,132,2.6
30/03/2022 14:00,15,12.1,37,3.6
30/03/2022 15:00,11,13,159,1.9
30/03/2022 15:00,12,14.4,115,4.4
30/03/2022 15:00,13,12.3,321,2.8
30/03/2022 15:00,14,14.4,358,2.1
30/03/2022 15:00,15,13.6,310,2
30/03/2022 16:00,11,13,43,3.7
30/03/2022 16:00,12,10.3,318,2.8
30/03/2022 16:00,13,9.5,13,2.8
30/03/2022 16:00,14,10.6,192,4.4
30/03/2022 16:00,15,9.6,317,1.8
30/03/2022 17:00,11,9.8,279,4
30/03/2022 17:00,12,14.8,137,4.1
30/03/2022 17:00,13,11.1,31,3.5
30/03/2022 17:00,14,13.5,183,3.7
30/03/2022 17:00,15,13.3,224,3.3
30/03/2022 18:00,11,10.9,328,4.2
30/03/2022 18:00,12,9.6,101,3.9
30/03/2022 18:00,13,10.7,74,3.3
30/03/2022 18:00,14,9.6,223,1.7
30/03/2022 18:00,15,12.9,117,4.3
30/03/2022 19:00,11,9.8,111,1.7
30/03/2022 19:00,12,10,42,4.1
30/03/2022 19:00,13,12.6,142,2.2
30/03/2022 19:00,14,10.2,33,2.9
30/03/2022 19:00,15,14,279,2.2
30/03/2022 20:00,11,12.1,176,3.8
30/03/2022 20:00,12,9.1,62,4.3
30/03/2022 20:00,13,10.6,97,1.7
30/03/2022 20:00,14,11,5,1.8
30/03/2022 20:00,15,14.4,188,3.8
30/03/2022 21:00,11,9.2,45,4.3
30/03/2022 21:00,12,12.5,85,3
30/03/2022 21:00,13,13.2,279,3.9
30/03/2022 21:00,14,9.1,115,4
30/03/2022 21:00,15,10.8,197,1.5
30/03/2022 22:00,11,10.4,57,1.9
30/03/2022 22:00,12,10.1,183,2.5
30/03/2022 22:00,13,9.7,336,3.9
30/03/2022 22:00,14,12.3,50,3.8
30/03/2022 22:00,15,14,76,3.1
30/03/2022 23:00,11,9.2,193,2.4
30/03/2022 23:00,12,9.1,167,2
30/03/2022 23:00,13,10.4,292,3.7
30/03/2022 23:00,14,10.7,233,4
30/03/2022 23:00,15,12.2,316,4.2
31/03/2022 00:00,11,12.5,71,2.4
31/03/2022 00:00,12,13.2,265,3.4
31/03/2022 00:00,13,11,168,2.3
31/03/2022 00:00,14,10.5,96,3.4
31/03/2022 00:00,15,13.7,180,4.2
31/03/2022 01:00,11,9.3,38,4.2
31/03/2022 01:00,12,14.8,74,2.5
31/03/2022 01:00,13,12.6,68,2.8
31/03/2022 01:00,14,12.6,171,3.4
31/03/2022 01:00,15,12.2,325,2.8
31/03/2022 02:00,11,13.7,272,2.2
31/03/2022 02:00,12,10.3,31,4
31/03/2022 02:00,13,10.3,150,3.2
31/03/2022 02:00,14,12.3,276,4
31/03/2022 02:00,15,14.8,274,4.1
31/03/2022 03:00,11,11,181,2.1
31/03/2022 03:00,12,10.4,13,1.7
31/03/2022 03:00,13,13.8,66,3.9
31/03/2022 03:00,14,10.6,153,3.9
31/03/2022 03:00,15,9.5,53,2.7
31/03/2022 04:00,11,10.8,31,1.7
31/03/2022 04:00,12,10.1,170,2.3
31/03/2022 04:00,13,12.3,259,2.1
31/03/2022 04:00,14,13.1,320,4.1
31/03/2022 04:00,15,11.9,1,1.9
31/03/2022 05:00,11,11.9,302,2.8
31/03/2022 05:00,12,13.7,42,1.6
31/03/2022 05:00,13,12.7,8,4.1
31/03/2022 05:00,14,14.3,80,3.8
31/03/2022 05:00,15,10,62,2.5
31/03/2022 06:00,11,10.4,38,2.6
31/03/2022 06:00,12,14.9,208,1.9
31/03/2022 06:00,13,12.1,123,2.7
31/03/2022 06:00,14,9.6,298,4
31/03/2022 06:00,15,14.8,37,2.4
31/03/2022 07:00,11,13.3,285,4.1
31/03/2022 07:00,12,9.4,227,4.4
31/03/2022 07:00,13,9.7,347,1.7
31/03/2022 07:00,14,10.8,79,4
31/03/2022 07:00,15,10,80,4.4
31/03/2022 08:00,11,12.1,278,1.6
31/03/2022 08:00,12,12.5,75,2.2
31/03/2022 08:00,13,10.1,325,4.2
31/03/2022 08:00,14,12.5,145,3.3
31/03/2022 08:00,15,11.6,287,3.6
31/03/2022 09:00,11,9.8,176,3.8
31/03/2022 09:00,12,12.7,165,3.5
31/03/2022 09:00,13,14.6,30,3.5
31/03/2022 09:00,14,9.7,188,2.3
31/03/2022 09:00,15,12.3,334,2.3
31/03/2022 10:00,11,11.1,315,2.3
31/03/2022 10:00,12,12.7,74,4.3
31/03/2022 10:00,13,13.9,96,4.3
31/03/2022 10:00,14,11.9,211,3.3
31/03/2022 10:00,15,11.2,27,2.5
31/03/2022 11:00,11,9.7,269,1.5
31/03/2022 11:00,12,10.2,348,1.7
31/03/2022 11:00,13,11.5,83,4.2
31/03/2022 11:00,14,9.3,172,2.5
31/03/2022 11:00,15,14.5,160,2.3
31/03/2022 12:00,11,13,257,2.1
31/03/2022 12:00,12,14.3,301,4.4
31/03/2022 12:00,13,10.9,25,4.2
31/03/2022 12:00,14,9.2,156,2.1
31/03/2022 12:00,15,13,191,2.4
31/03/2022 13:00,11,10.1,29,3.8
31/03/2022 13:00,12,14.7,18,3.7
31/03/2022 13:00,13,13.4,35,4.2
31/03/2022 13:00,14,13.2,311,4.3
31/03/2022 13:00,15,9,254,2.7
31/03/2022 14:00,11,14.2,357,3.1
31/03/2022 14:00,12,14.8,297,4.3
31/03/2022 14:00,13,9.8,254,3.3
31/03/2022 14:00,14,10,324,4.1
31/03/2022 14:00,15,10.3,322,3
31/03/2022 15:00,11,14.3,306,1.9
31/03/2022 15:00,12,9.4,203,2.7
31/03/2022 15:00,13,15,78,4.2
31/03/2022 15:00,14,12.2,10,4.1
31/03/2022 15:00,15,13.1,24,3.1
31/03/2022 16:00,11,12.3,58,3.8
31/03/2022 16:00,12,14.1,25,4.4
31/03/2022 16:00,13,9.1,64,1.6
31/03/2022 16:00,14,12.6,262,1.9
31/03/2022 16:00,15,11.9,225,3.1
31/03/2022 17:00,11,9.8,149,4
31/03/2022 17:00,12,12.6,204,2.4
31/03/2022 17:00,13,12.2,220,4.1
31/03/2022 17:00,14,11.3,276,3.6
31/03/2022 17:00,15,12.7,94,4.2
31/03/2022 18:00,11,13.7,80,3.6
31/03/2022 18:00,12,11.7,291,2.3
31/03/2022 18:00,13,13.3,175,3.7
31/03/2022 18:00,14,14,22,3.9
31/03/2022 18:00,15,11.5,307,3.1
31/03/2022 19:00,11,14.6,202,3.8
31/03/2022 19:00,12,12.5,320,2
31/03/2022 19:00,13,13.4,140,1.6
31/03/2022 19:00,14,14.5,80,1.6
31/03/2022 19:00,15,11.1,241,2.1
31/03/2022 20:00,11,13,103,2.4
31/03/2022 20:00,12,13.6,44,3
31/03/2022 20:00,13,11,303,3.8
31/03/2022 20:00,14,10.3,335,1.6
31/03/2022 20:00,15,12,220,1.7
31/03/2022 21:00,11,12.6,341,4.3
31/03/2022 21:00,12,11.4,140,2.8
31/03/2022 21:00,13,9.9,195,1.7
31/03/2022 21:00,14,13.8,68,3.8
31/03/2022 21:00,15,13.5,137,2.2
31/03/2022 22:00,11,13.5,194,1.7
31/03/2022 22:00,12,14.5,169,2.9
31/03/2022 22:00,13,10.7,145,3.4
31/03/2022 22:00,14,11,280,3.1
31/03/2022 22:00,15,14.5,350,4.4
31/03/2022 23:00,11,13.3,232,3.5
31/03/2022 23:00,12,9.5,189,3.2
31/03/2022 23:00,13,12.8,302,4.5
31/03/2022 23:00,14,14.8,286,3.2
31/03/2022 23:00,15,12,56,2.3
